"시도교육청","교육지원청","지역","정보공시 학교코드","학교명","학교급코드","설립구분","제외여부","제외사유","1학년 학급수","1학년 학생수","1학년 학급당 학생수","2학년 학급수","2학년 학생수","2학년 학급당 학생수","3학년 학급수","3학년 학생수","3학년 학급당 학생수","특수학급 학급수","특수학급 학생수","특수학급 학급당 학생수","순회학급 학급수","순회학급 학생수","순회학급 학급당 학생수","학급수(계)","학생수(계)","학급당 학생수(계)","교사수","수업교원 1인당 학생수"
"경기도교육청","경기도가평교육지원청","경기도 가평군","S090000445","가평고등학교","04","공립","N","","8","188","23.5","8","200","25","8","207","25.9","2","13","6.5","0","0","0","26","608","23.4","52","11.7"
"경기도교육청","경기도수원교육지원청","경기도 수원시 장안구","S090000447","경기과학고등학교","04","공립","N","","8","126","15.8","8","122","15.3","8","127","15.9","0","0","0","0","0","0","24","375","15.6","76","4.9"
"경기도교육청","경기도수원교육지원청","경기도 수원시 권선구","S090000448","경기대명고등학교","04","공립","N","","2","26","13","2","28","14","2","29","14.5","0","0","0","0","0","0","6","83","13.8","22","3.8"
"경기도교육청","경기도수원교육지원청","경기도 수원시 장안구","S090000449","경기체육고등학교","04","공립","N","","3","79","26.3","3","78","26","3","75","25","0","0","0","0","0","0","9","232","25.8","30","7.7"
"경기도교육청","경기도이천교육지원청","경기도 이천시","S090000450","이천세무고등학교","04","공립","N","","2","39","19.5","2","37","18.5","2","41","20.5","0","0","0","0","0","0","6","117","19.5","14","8.4"
"경기도교육청","경기도의정부교육지원청","경기도 의정부시","S090000451","경민고등학교","04","사립","N","","10","247","24.7","10","250","25","10","263","26.3","0","0","0","0","0","0","30","760","25.3","59","12.9"
"경기도교육청","경기도의정부교육지원청","경기도 의정부시","S090000453","경민비즈니스고등학교","04","사립","N","","9","176","19.6","9","164","18.2","9","157","17.4","0","0","0","0","0","0","27","497","18.4","57","8.7"
"경기도교육청","경기도의정부교육지원청","경기도 의정부시","S090000455","경민IT고등학교","04","사립","N","","8","175","21.9","8","174","21.8","8","190","23.8","0","0","0","0","0","0","24","539","22.5","51","10.6"
"경기도교육청","경기도안산교육지원청","경기도 안산시 단원구","S090000457","경안고등학교","04","사립","N","","12","290","24.2","12","300","25","13","317","24.4","0","0","0","0","0","0","37","907","24.5","70","13"
"경기도교육청","경기도안산교육지원청","경기도 안산시 단원구","S090000458","경일고등학교","04","사립","N","","12","251","20.9","12","238","19.8","12","225","18.8","0","0","0","0","0","0","36","714","19.8","80","8.9"
"경기도교육청","경기도광주하남교육지원청","경기도 광주시","S090000460","경화여자고등학교","04","사립","N","","11","358","32.5","11","314","28.5","11","347","31.5","0","0","0","0","0","0","33","1019","30.9","64","15.9"
"경기도교육청","경기도부천교육지원청","경기도 부천시 원미구","S090000463","계남고등학교","04","공립","N","","9","214","23.8","9","218","24.2","9","244","27.1","2","14","7","0","0","0","29","690","23.8","55","12.5"
"경기도교육청","경기도성남교육지원청","경기도 성남시 분당구","S090000466","계원예술고등학교","04","사립","N","","8","321","40.1","8","326","40.8","8","318","39.8","0","0","0","0","0","0","24","965","40.2","43","22.4"
"경기도교육청","경기도고양교육지원청","경기도 고양시 일산서구","S090000468","백송고등학교","04","사립","N","","5","125","25","5","124","24.8","5","127","25.4","0","0","0","0","0","0","15","376","25.1","29","13"
"경기도교육청","경기도고양교육지원청","경기도 고양시 덕양구","S090000469","고양외국어고등학교","04","사립","N","","10","263","26.3","10","236","23.6","10","221","22.1","0","0","0","0","0","0","30","720","24","62","11.6"
"경기도교육청","경기도고양교육지원청","경기도 고양시 덕양구","S090000470","고양고등학교","04","공립","N","","8","175","21.9","8","159","19.9","8","158","19.8","1","7","7","0","0","0","25","499","20","59","8.5"
"경기도교육청","경기도안산교육지원청","경기도 안산시 단원구","S090000471","고잔고등학교","04","공립","N","","11","268","24.4","11","278","25.3","12","302","25.2","2","14","7","0","0","0","36","862","23.9","68","12.7"
"경기도교육청","경기도안양과천교육지원청","경기도 과천시","S090000472","과천고등학교","04","공립","N","","8","176","22","8","162","20.3","8","177","22.1","2","12","6","0","0","0","26","527","20.3","53","9.9"
"경기도교육청","경기도안양과천교육지원청","경기도 과천시","S090000473","과천여자고등학교","04","사립","N","","6","97","16.2","6","108","18","6","98","16.3","0","0","0","0","0","0","18","303","16.8","35","8.7"
"경기도교육청","경기도안양과천교육지원청","경기도 과천시","S090000474","과천외국어고등학교","04","사립","N","","10","246","24.6","10","231","23.1","10","213","21.3","0","0","0","0","0","0","30","690","23","53","13"
"경기도교육청","경기도안양과천교육지원청","경기도 과천시","S090000475","과천중앙고등학교","04","공립","N","","8","182","22.8","8","181","22.6","8","171","21.4","1","7","7","0","0","0","25","541","21.6","48","11.3"
"경기도교육청","경기도안양과천교육지원청","경기도 안양시 동안구","S090000476","경기게임마이스터고등학교","04","공립","N","","4","71","17.8","4","58","14.5","4","73","18.3","1","3","3","0","0","0","13","205","15.8","29","7.1"
"경기도교육청","경기도안양과천교육지원청","경기도 안양시 동안구","S090000477","관양고등학교","04","공립","N","","12","291","24.3","12","314","26.2","12","303","25.3","1","5","5","0","0","0","37","913","24.7","72","12.7"
"경기도교육청","경기도포천교육지원청","경기도 포천시","S090000478","관인고등학교","04","공립","N","","2","23","11.5","1","15","15","2","24","12","1","3","3","0","0","0","6","65","10.8","15","4.3"
"경기도교육청","경기도구리남양주교육지원청","경기도 남양주시","S090000479","광동고등학교","04","사립","N","","12","374","31.2","12","373","31.1","12","363","30.3","0","0","0","0","0","0","36","1110","30.8","69","16.1"
"경기도교육청","경기도의정부교육지원청","경기도 의정부시","S090000480","의정부광동고등학교","04","사립","N","","9","217","24.1","9","219","24.3","9","239","26.6","0","0","0","0","0","0","27","675","25","54","12.5"
"경기도교육청","경기도광명교육지원청","경기도 광명시","S090000482","광명고등학교","04","공립","N","","11","286","26","11","285","25.9","11","296","26.9","2","13","6.5","0","0","0","35","880","25.1","67","13.1"
"경기도교육청","경기도광명교육지원청","경기도 광명시","S090000483","경기항공고등학교","04","사립","N","","4","79","19.8","4","56","14","4","65","16.3","0","0","0","0","0","0","12","200","16.7","26","7.7"
"경기도교육청","경기도광명교육지원청","경기도 광명시","S090000484","광명북고등학교","04","공립","N","","11","282","25.6","11","287","26.1","11","296","26.9","4","20","5","2","6","3","39","891","22.8","73","12.2"
"경기도교육청","경기도광명교육지원청","경기도 광명시","S090000487","명문고등학교","04","공립","N","","11","279","25.4","11","281","25.5","11","299","27.2","2","12","6","0","0","0","35","871","24.9","67","13"
"경기도교육청","경기도광명교육지원청","경기도 광명시","S090000488","창의경영고등학교","04","공립","N","","7","98","14","7","71","10.1","8","84","10.5","1","5","5","0","0","0","23","258","11.2","53","4.9"
"경기도교육청","경기도광명교육지원청","경기도 광명시","S090000489","광문고등학교","04","공립","N","","11","266","24.2","11","305","27.7","11","293","26.6","1","6","6","0","0","0","34","870","25.6","67","13"
"경기도교육청","경기도광주하남교육지원청","경기도 광주시","S090000490","광주고등학교","04","공립","N","","10","306","30.6","10","309","30.9","12","377","31.4","1","8","8","0","0","0","33","1000","30.3","64","15.6"
"경기도교육청","경기도광주하남교육지원청","경기도 광주시","S090000492","곤지암고등학교","04","공립","N","","6","138","23","6","153","25.5","6","149","24.8","1","3","3","0","0","0","19","443","23.3","36","12.3"
"경기도교육청","경기도광주하남교육지원청","경기도 광주시","S090000493","광주중앙고등학교","04","공립","N","","14","415","29.6","14","420","30","14","431","30.8","3","23","7.7","0","0","0","45","1289","28.6","88","14.6"
"경기도교육청","경기도파주교육지원청","경기도 파주시","S090000494","광탄고등학교","04","사립","N","","4","100","25","4","100","25","4","100","25","1","5","5","0","0","0","13","305","23.5","25","12.2"
"경기도교육청","경기도구리남양주교육지원청","경기도 구리시","S090000496","구리고등학교","04","공립","N","","8","210","26.3","8","184","23","9","236","26.2","0","0","0","0","0","0","25","630","25.2","48","13.1"
"경기도교육청","경기도구리남양주교육지원청","경기도 구리시","S090000497","구리여자고등학교","04","공립","N","","8","146","18.3","8","161","20.1","8","179","22.4","1","7","7","0","0","0","25","493","19.7","54","9.1"
"경기도교육청","경기도시흥교육지원청","경기도 시흥시","S090000499","군자디지털과학고등학교","04","공립","N","","8","138","17.3","8","109","13.6","8","113","14.1","3","18","6","1","4","4","28","382","13.6","61","6.3"
"경기도교육청","경기도군포의왕교육지원청","경기도 군포시","S090000502","군포고등학교","04","사립","N","","10","240","24","10","258","25.8","11","289","26.3","0","0","0","0","0","0","31","787","25.4","59","13.3"
"경기도교육청","경기도군포의왕교육지원청","경기도 군포시","S090000504","군포e비즈니스고등학교","04","공립","N","","8","146","18.3","8","122","15.3","9","105","11.7","2","13","6.5","2","8","4","29","394","13.6","63","6.3"
"경기도교육청","경기도수원교육지원청","경기도 수원시 권선구","S090000505","권선고등학교","04","공립","N","","12","303","25.3","12","333","27.8","12","350","29.2","3","21","7","0","0","0","39","1007","25.8","76","13.3"
"경기도교육청","경기도안양과천교육지원청","경기도 안양시 만안구","S090000507","근명고등학교","04","사립","N","","8","169","21.1","8","165","20.6","9","186","20.7","0","0","0","0","0","0","25","520","20.8","54","9.6"
"경기도교육청","경기도구리남양주교육지원청","경기도 남양주시","S090000508","금곡고등학교","04","공립","N","","10","207","20.7","12","256","21.3","12","290","24.2","0","0","0","0","0","0","34","753","22.1","69","10.9"
"경기도교육청","경기도용인교육지원청","경기도 용인시 기흥구","S090000509","기흥고등학교","04","공립","N","","11","319","29","11","336","30.5","11","363","33","1","8","8","0","0","0","34","1026","30.2","65","15.8"
"경기도교육청","경기도김포교육지원청","경기도 김포시","S090000510","김포고등학교","04","공립","N","","10","312","31.2","10","332","33.2","11","371","33.7","1","2","2","0","0","0","32","1017","31.8","60","17"
"경기도교육청","경기도김포교육지원청","경기도 김포시","S090000511","김포과학기술고등학교","04","공립","N","","8","150","18.8","8","143","17.9","8","161","20.1","1","5","5","0","0","0","25","459","18.4","57","8.1"
"경기도교육청","경기도성남교육지원청","경기도 성남시 분당구","S090000515","낙생고등학교","04","사립","N","","10","259","25.9","10","278","27.8","10","280","28","0","0","0","0","0","0","30","817","27.2","59","13.8"
"경기도교육청","경기도동두천양주교육지원청","경기도 양주시","S090000517","한국외식과학고등학교","04","사립","N","","4","92","23","4","81","20.3","4","91","22.8","0","0","0","0","0","0","12","264","22","26","10.2"
"경기도교육청","경기도화성오산교육지원청","","S090000518","남양고등학교","04","공립","N","","7","225","32.1","7","222","31.7","7","223","31.9","1","8","8","1","5","5","23","683","29.7","44","15.5"
"경기도교육청","경기도구리남양주교육지원청","경기도 남양주시","S090000519","남양주고등학교","04","공립","N","","8","141","17.6","7","114","16.3","6","89","14.8","2","15","7.5","0","0","0","23","359","15.6","47","7.6"
"경기도교육청","경기도광주하남교육지원청","경기도 하남시","S090000520","남한고등학교","04","공립","N","","9","251","27.9","9","241","26.8","10","282","28.2","2","11","5.5","0","0","0","30","785","26.2","58","13.5"
"경기도교육청","경기도고양교육지원청","경기도 고양시 덕양구","S090000521","능곡고등학교","04","공립","N","","10","237","23.7","11","235","21.4","11","230","20.9","0","0","0","0","0","0","32","702","21.9","61","11.5"
"경기도교육청","경기도안산교육지원청","경기도 안산시 단원구","S090000524","대부고등학교","04","공립","N","","1","14","14","1","24","24","1","10","10","1","6","6","2","7","3.5","6","61","10.2","14","4.4"
"경기도교육청","경기도여주교육지원청","경기도 여주시","S090000525","대신고등학교","04","사립","N","","3","80","26.7","3","80","26.7","3","84","28","1","2","2","0","0","0","10","246","24.6","20","12.3"
"경기도교육청","경기도수원교육지원청","경기도 수원시 장안구","S090000527","대평고등학교","04","공립","N","","10","238","23.8","10","261","26.1","10","280","28","1","7","7","0","0","0","31","786","25.4","64","12.3"
"경기도교육청","경기도부천교육지원청","경기도 부천시 오정구","S090000528","덕산고등학교","04","공립","N","","7","123","17.6","8","171","21.4","8","184","23","1","7","7","1","3","3","25","488","19.5","47","10.4"
"경기도교육청","경기도구리남양주교육지원청","경기도 남양주시","S090000529","덕소고등학교","04","사립","N","","12","370","30.8","12","361","30.1","12","364","30.3","0","0","0","0","0","0","36","1095","30.4","69","15.9"
"경기도교육청","경기도동두천양주교육지원청","경기도 양주시","S090000532","덕정고등학교","04","공립","N","","9","242","26.9","9","279","31","9","267","29.7","2","12","6","0","0","0","29","800","27.6","61","13.1"
"경기도교육청","경기도부천교육지원청","경기도 부천시 원미구","S090000533","도당고등학교","04","공립","N","","9","212","23.6","9","218","24.2","9","235","26.1","1","7","7","0","0","0","28","672","24","55","12.2"
"경기도교육청","경기도포천교육지원청","경기도 포천시","S090000534","동남고등학교","04","사립","N","","10","210","21","10","218","21.8","10","229","22.9","1","8","8","0","0","0","31","665","21.5","61","10.9"
"경기도교육청","경기도동두천양주교육지원청","경기도 동두천시","S090000536","동두천고등학교","04","사립","N","","5","130","26","5","127","25.4","5","132","26.4","0","0","0","0","0","0","15","389","25.9","29","13.4"
"경기도교육청","경기도동두천양주교육지원청","경기도 동두천시","S090000538","한국문화영상고등학교","04","사립","N","","6","134","22.3","6","124","20.7","6","139","23.2","0","0","0","0","0","0","18","397","22.1","37","10.7"
"경기도교육청","경기도동두천양주교육지원청","경기도 동두천시","S090000539","동두천중앙고등학교","04","공립","N","","7","155","22.1","7","136","19.4","7","160","22.9","3","16","5.3","1","2","2","25","469","18.8","51","9.2"
"경기도교육청","경기도안양과천교육지원청","경기도 안양시 동안구","S090000541","동안고등학교","04","공립","N","","13","325","25","13","354","27.2","13","347","26.7","0","0","0","0","0","0","39","1026","26.3","76","13.5"
"경기도교육청","경기도수원교육지원청","경기도 수원시 장안구","S090000542","동우여자고등학교","04","사립","N","","0","0","0","9","215","23.9","10","240","24","0","0","0","0","0","0","19","455","23.9","37","12.3"
"경기도교육청","경기도수원교육지원청","경기도 수원시 장안구","S090000543","동원동우고등학교","04","사립","N","","16","389","24.3","10","253","25.3","11","274","24.9","0","0","0","0","0","0","37","916","24.8","71","12.9"
"경기도교육청","경기도평택교육지원청","경기도 평택시","S090000544","동일공업고등학교","04","사립","N","","10","233","23.3","10","262","26.2","10","262","26.2","0","0","0","0","0","0","30","757","25.2","70","10.8"
"경기도교육청","경기도구리남양주교육지원청","경기도 남양주시","S090000545","동화고등학교","04","사립","N","","15","457","30.5","15","463","30.9","15","455","30.3","0","0","0","0","0","0","45","1375","30.6","87","15.8"
"경기도교육청","경기도화성오산교육지원청","","S090000546","두레자연고등학교","04","사립","N","","2","41","20.5","2","40","20","2","40","20","0","0","0","0","0","0","6","121","20.2","16","7.6"
"경기도교육청","경기도이천교육지원청","경기도 이천시","S090000548","마장고등학교","04","공립","N","","4","87","21.8","4","76","19","4","75","18.8","1","3","3","0","0","0","13","241","18.5","28","8.6"
"경기도교육청","경기도수원교육지원청","경기도 수원시 팔달구","S090000552","매향여자정보고등학교","04","사립","N","","10","210","21","10","200","20","10","206","20.6","0","0","0","0","0","0","30","616","20.5","68","9.1"
"경기도교육청","경기도고양교육지원청","경기도 고양시 덕양구","S090000553","무원고등학교","04","공립","N","","11","241","21.9","11","249","22.6","11","265","24.1","1","7","7","0","0","0","34","762","22.4","65","11.7"
"경기도교육청","경기도파주교육지원청","경기도 파주시","S090000554","문산고등학교","04","공립","N","","5","122","24.4","5","107","21.4","5","129","25.8","2","11","5.5","0","0","0","17","369","21.7","32","11.5"
"경기도교육청","경기도파주교육지원청","경기도 파주시","S090000555","문산수억고등학교","04","사립","N","","9","197","21.9","10","236","23.6","10","231","23.1","1","9","9","0","0","0","30","673","22.4","59","11.4"
"경기도교육청","경기도파주교육지원청","경기도 파주시","S090000556","문산제일고등학교","04","공립","N","","10","259","25.9","10","252","25.2","11","286","26","3","17","5.7","0","0","0","34","814","23.9","65","12.5"
"경기도교육청","경기도안산교육지원청","경기도 안산시 상록구","S090000558","경기모바일과학고등학교","04","공립","N","","8","137","17.1","8","120","15","8","137","17.1","1","5","5","0","0","0","25","399","16","52","7.7"
"경기도교육청","경기도화성오산교육지원청","경기도 화성시 만세구","S090000559","발안바이오과학고등학교","04","공립","N","","5","125","25","5","121","24.2","4","104","26","0","0","0","0","0","0","14","350","25","31","11.3"
"경기도교육청","경기도고양교육지원청","경기도 고양시 일산동구","S090000563","백마고등학교","04","공립","N","","11","263","23.9","11","280","25.5","11","292","26.5","0","0","0","0","0","0","33","835","25.3","64","13"
"경기도교육청","경기도고양교육지원청","경기도 고양시 일산동구","S090000564","백석고등학교","04","공립","N","","11","254","23.1","11","252","22.9","11","280","25.5","0","0","0","0","0","0","33","786","23.8","65","12.1"
"경기도교육청","경기도고양교육지원청","경기도 고양시 일산동구","S090000565","백신고등학교","04","공립","N","","11","255","23.2","11","283","25.7","11","284","25.8","2","9","4.5","0","0","0","35","831","23.7","67","12.4"
"경기도교육청","경기도용인교육지원청","경기도 용인시 처인구","S090000566","백암고등학교","04","공립","N","","3","61","20.3","3","49","16.3","4","55","13.8","1","5","5","0","0","0","11","170","15.5","23","7.4"
"경기도교육청","경기도고양교육지원청","경기도 고양시 덕양구","S090000567","백양고등학교","04","공립","N","","11","250","22.7","11","247","22.5","11","271","24.6","1","2","2","0","0","0","34","770","22.6","66","11.7"
"경기도교육청","경기도안양과천교육지원청","경기도 안양시 동안구","S090000568","백영고등학교","04","사립","N","","12","300","25","12","306","25.5","12","321","26.8","0","0","0","0","0","0","36","927","25.8","70","13.2"
"경기도교육청","경기도군포의왕교육지원청","경기도 의왕시","S090000569","백운고등학교","04","공립","N","","11","259","23.5","11","269","24.5","11","273","24.8","1","6","6","0","0","0","34","807","23.7","65","12.4"
"경기도교육청","경기도동두천양주교육지원청","경기도 동두천시","S090000572","한빛누리고등학교","04","사립","N","","7","184","26.3","7","180","25.7","7","182","26","2","11","5.5","0","0","0","23","557","24.2","45","12.4"
"경기도교육청","경기도부천교육지원청","경기도 부천시 원미구","S090000576","부명고등학교","04","공립","N","","9","222","24.7","9","234","26","9","252","28","1","9","9","0","0","0","28","717","25.6","56","12.8"
"경기도교육청","경기도부천교육지원청","경기도 부천시 원미구","S090000577","경기국제통상고등학교","04","공립","N","","9","168","18.7","10","167","16.7","9","115","12.8","3","16","5.3","0","0","0","31","466","15","62","7.5"
"경기도교육청","경기도부천교육지원청","경기도 부천시 원미구","S090000578","상동고등학교","04","공립","N","","9","215","23.9","9","224","24.9","9","247","27.4","0","0","0","0","0","0","27","686","25.4","53","12.9"
"경기도교육청","경기도부천교육지원청","경기도 부천시 소사구","S090000579","부천고등학교","04","공립","N","","7","155","22.1","9","179","19.9","9","199","22.1","0","0","0","0","0","0","25","533","21.3","49","10.9"
"경기도교육청","경기도부천교육지원청","경기도 부천시 소사구","S090000580","부천공업고등학교","04","공립","N","","8","120","15","7","82","11.7","9","104","11.6","2","16","8","0","0","0","26","322","12.4","56","5.8"
"경기도교육청","경기도부천교육지원청","경기도 부천시 원미구","S090000581","부천북고등학교","04","공립","N","","9","218","24.2","9","216","24","9","256","28.4","1","7","7","0","0","0","28","697","24.9","55","12.7"
"경기도교육청","경기도부천교육지원청","경기도 부천시 원미구","S090000584","부천여자고등학교","04","공립","N","","6","78","13","6","116","19.3","7","135","19.3","0","0","0","0","0","0","19","329","17.3","36","9.1"
"경기도교육청","경기도부천교육지원청","경기도 부천시 원미구","S090000585","부천정보산업고등학교","04","공립","N","","9","148","16.4","10","146","14.6","11","185","16.8","3","24","8","0","0","0","33","503","15.2","71","7.1"
"경기도교육청","경기도안양과천교육지원청","경기도 안양시 동안구","S090000586","부흥고등학교","04","공립","N","","13","328","25.2","13","347","26.7","13","348","26.8","2","14","7","0","0","0","41","1037","25.3","80","13"
"경기도교육청","경기도성남교육지원청","경기도 성남시 분당구","S090000587","분당고등학교","04","공립","N","","10","259","25.9","10","269","26.9","10","275","27.5","1","1","1","0","0","0","31","804","25.9","61","13.2"
"경기도교육청","경기도성남교육지원청","경기도 성남시 분당구","S090000588","분당대진고등학교","04","사립","N","","12","300","25","12","317","26.4","12","312","26","0","0","0","0","0","0","36","929","25.8","70","13.3"
"경기도교육청","경기도성남교육지원청","경기도 성남시 분당구","S090000589","분당경영고등학교","04","공립","N","","8","146","18.3","9","147","16.3","9","150","16.7","1","6","6","0","0","0","27","449","16.6","61","7.4"
"경기도교육청","경기도성남교육지원청","경기도 성남시 분당구","S090000590","분당중앙고등학교","04","공립","N","","9","224","24.9","9","238","26.4","9","248","27.6","0","0","0","0","0","0","27","710","26.3","53","13.4"
"경기도교육청","경기도성남교육지원청","경기도 성남시 분당구","S090000591","불곡고등학교","04","공립","N","","9","231","25.7","9","231","25.7","9","234","26","1","5","5","0","0","0","28","701","25","55","12.7"
"경기도교육청","경기도화성오산교육지원청","","S090000594","비봉고등학교","04","사립","N","","10","249","24.9","10","229","22.9","11","256","23.3","0","0","0","0","0","0","31","734","23.7","62","11.8"
"경기도교육청","경기도김포교육지원청","경기도 김포시","S090000596","사우고등학교","04","공립","N","","11","370","33.6","11","374","34","13","434","33.4","2","15","7.5","0","0","0","37","1193","32.2","73","16.3"
"경기도교육청","경기도군포의왕교육지원청","경기도 군포시","S090000597","산본고등학교","04","공립","N","","13","319","24.5","13","356","27.4","14","377","26.9","1","6","6","0","0","0","41","1058","25.8","80","13.2"
"경기도교육청","경기도군포의왕교육지원청","경기도 군포시","S090000598","경기폴리텍고등학교","04","공립","N","","6","110","18.3","6","63","10.5","6","61","10.2","0","0","0","0","0","0","18","234","13","40","5.9"
"경기도교육청","경기도파주교육지원청","경기도 파주시","S090000599","삼광고등학교","04","사립","N","","2","40","20","2","26","13","2","46","23","0","0","0","0","0","0","6","112","18.7","15","7.5"
"경기도교육청","경기도화성오산교육지원청","경기도 화성시 만세구","S090000600","삼괴고등학교","04","사립","N","","8","215","26.9","8","210","26.3","8","216","27","2","16","8","0","0","0","26","657","25.3","51","12.9"
"경기도교육청","경기도수원교육지원청","경기도 수원시 팔달구","S090000602","삼일공업고등학교","04","사립","N","","14","311","22.2","14","296","21.1","14","337","24.1","0","0","0","0","0","0","42","944","22.5","92","10.3"
"경기도교육청","경기도수원교육지원청","경기도 수원시 팔달구","S090000603","삼일고등학교","04","사립","N","","12","265","22.1","12","261","21.8","12","282","23.5","0","0","0","0","0","0","36","808","22.4","75","10.8"
"경기도교육청","경기도구리남양주교육지원청","경기도 구리시","S090000606","서울삼육고등학교","04","사립","N","","8","185","23.1","8","185","23.1","8","207","25.9","0","0","0","0","0","0","24","577","24","47","12.3"
"경기도교육청","경기도시흥교육지원청","경기도 시흥시","S090000607","서해고등학교","04","공립","N","","11","366","33.3","11","384","34.9","11","360","32.7","3","19","6.3","0","0","0","36","1129","31.4","67","16.9"
"경기도교육청","경기도성남교육지원청","경기도 성남시 분당구","S090000608","서현고등학교","04","공립","N","","10","256","25.6","10","262","26.2","10","261","26.1","0","0","0","0","0","0","30","779","26","60","13"
"경기도교육청","경기도가평교육지원청","경기도 가평군","S090000609","설악고등학교","04","공립","N","","2","49","24.5","2","47","23.5","2","53","26.5","1","5","5","0","0","0","7","154","22","17","9.1"
"경기도교육청","경기도성남교육지원청","경기도 성남시 중원구","S090000610","성남테크노과학고등학교","04","공립","N","","4","50","12.5","6","59","9.8","7","106","15.1","4","29","7.3","0","0","0","21","244","11.6","42","5.8"
"경기도교육청","경기도성남교육지원청","경기도 성남시 중원구","S090000611","성남고등학교","04","공립","N","","8","170","21.3","8","179","22.4","8","181","22.6","2","16","8","0","0","0","26","546","21","50","10.9"
"경기도교육청","경기도성남교육지원청","경기도 성남시 중원구","S090000612","성남여자고등학교","04","공립","N","","9","192","21.3","9","199","22.1","9","219","24.3","2","9","4.5","0","0","0","29","619","21.3","55","11.3"
"경기도교육청","경기도성남교육지원청","경기도 성남시 분당구","S090000613","분당아람고등학교","04","공립","N","","10","211","21.1","10","176","17.6","10","173","17.3","1","8","8","0","0","0","31","568","18.3","75","7.6"
"경기도교육청","경기도안양과천교육지원청","경기도 안양시 만안구","S090000614","성문고등학교","04","사립","N","","10","243","24.3","10","253","25.3","11","268","24.4","0","0","0","0","0","0","31","764","24.6","61","12.5"
"경기도교육청","경기도성남교육지원청","경기도 성남시 수정구","S090000617","성보경영고등학교","04","사립","N","","12","227","18.9","12","241","20.1","12","261","21.8","1","9","9","0","0","0","37","738","19.9","79","9.3"
"경기도교육청","경기도안산교육지원청","경기도 안산시 상록구","S090000618","성안고등학교","04","공립","N","","11","276","25.1","11","291","26.5","12","319","26.6","2","14","7","1","4","4","37","904","24.4","70","12.9"
"경기도교육청","경기도성남교육지원청","경기도 성남시 중원구","S090000620","성일고등학교","04","사립","N","","11","234","21.3","11","245","22.3","11","265","24.1","0","0","0","0","0","0","33","744","22.5","63","11.8"
"경기도교육청","경기도성남교육지원청","경기도 성남시 중원구","S090000622","동광고등학교","04","사립","N","","9","188","20.9","9","214","23.8","9","219","24.3","1","9","9","0","0","0","28","630","22.5","54","11.7"
"경기도교육청","경기도성남교육지원청","경기도 성남시 중원구","S090000624","성일정보고등학교","04","사립","N","","12","245","20.4","12","247","20.6","12","267","22.3","0","0","0","0","0","0","36","759","21.1","80","9.5"
"경기도교육청","경기도화성오산교육지원청","경기도 오산시","S090000626","성호고등학교","04","공립","N","","10","310","31","10","328","32.8","10","323","32.3","1","8","8","0","0","0","31","969","31.3","63","15.4"
"경기도교육청","경기도고양교육지원청","경기도 고양시 일산동구","S090000627","세원고등학교","04","사립","N","","8","171","21.4","8","157","19.6","7","151","21.6","0","0","0","0","0","0","23","479","20.8","44","10.9"
"경기도교육청","경기도시흥교육지원청","경기도 시흥시","S090000628","소래고등학교","04","공립","N","","12","336","28","13","335","25.8","13","354","27.2","1","5","5","0","0","0","39","1030","26.4","74","13.9"
"경기도교육청","경기도부천교육지원청","경기도 부천시 원미구","S090000630","소명여자고등학교","04","사립","N","","10","236","23.6","10","239","23.9","10","269","26.9","1","3","3","0","0","0","31","747","24.1","59","12.7"
"경기도교육청","경기도부천교육지원청","경기도 부천시 소사구","S090000631","소사고등학교","04","공립","N","","10","252","25.2","10","254","25.4","10","273","27.3","2","11","5.5","0","0","0","32","790","24.7","61","13"
"경기도교육청","경기도광명교육지원청","경기도 광명시","S090000632","소하고등학교","04","공립","N","","11","276","25.1","11","284","25.8","12","295","24.6","2","8","4","0","0","0","36","863","24","68","12.7"
"경기도교육청","경기도성남교육지원청","경기도 성남시 분당구","S090000633","송림고등학교","04","사립","N","","10","255","25.5","10","247","24.7","10","264","26.4","0","0","0","0","0","0","30","766","25.5","58","13.2"
"경기도교육청","경기도화성오산교육지원청","경기도 화성시 만세구","S090000634","송산고등학교","04","사립","N","","4","127","31.8","4","122","30.5","4","128","32","1","3","3","0","0","0","13","380","29.2","23","16.5"
"경기도교육청","경기도평택교육지원청","경기도 평택시","S090000636","송탄고등학교","04","공립","N","","10","310","31","6","141","23.5","7","153","21.9","3","22","7.3","1","5","5","27","631","23.4","49","12.9"
"경기도교육청","경기도평택교육지원청","경기도 평택시","S090000637","라온고등학교","04","사립","N","","8","251","31.4","8","245","30.6","6","191","31.8","0","0","0","0","0","0","22","687","31.2","43","16"
"경기도교육청","경기도의정부교육지원청","경기도 의정부시","S090000638","송현고등학교","04","공립","N","","11","287","26.1","11","297","27","11","319","29","2","11","5.5","0","0","0","35","914","26.1","67","13.6"
"경기도교육청","경기도성남교육지원청","경기도 성남시 분당구","S090000639","수내고등학교","04","공립","N","","9","226","25.1","9","234","26","9","244","27.1","1","3","3","0","0","0","28","707","25.3","53","13.3"
"경기도교육청","경기도군포의왕교육지원청","경기도 군포시","S090000640","수리고등학교","04","공립","N","","14","346","24.7","14","361","25.8","14","373","26.6","0","0","0","0","0","0","42","1080","25.7","82","13.2"
"경기도교육청","경기도수원교육지원청","경기도 수원시 장안구","S090000641","수성고등학교","04","공립","N","","12","285","23.8","12","312","26","12","312","26","0","0","0","0","0","0","36","909","25.3","73","12.5"
"경기도교육청","경기도화성오산교육지원청","경기도 화성시 효행구","S090000644","홍익디자인고등학교","04","사립","N","","4","105","26.3","4","98","24.5","4","99","24.8","0","0","0","0","0","0","12","302","25.2","25","12.1"
"경기도교육청","경기도수원교육지원청","경기도 수원시 팔달구","S090000645","수원고등학교","04","사립","N","","12","299","24.9","12","304","25.3","13","281","21.6","0","0","0","0","0","0","37","884","23.9","70","12.6"
"경기도교육청","경기도수원교육지원청","경기도 수원시 팔달구","S090000646","수원공업고등학교","04","사립","N","","13","291","22.4","15","338","22.5","15","341","22.7","0","0","0","0","0","0","43","970","22.6","94","10.3"
"경기도교육청","경기도수원교육지원청","경기도 수원시 장안구","S090000648","수원농생명과학고등학교","04","공립","N","","10","222","22.2","10","204","20.4","10","196","19.6","3","21","7","0","0","0","33","643","19.5","81","7.9"
"경기도교육청","경기도수원교육지원청","경기도 수원시 팔달구","S090000649","수원여자고등학교","04","공립","N","","11","269","24.5","11","265","24.1","11","260","23.6","0","0","0","0","0","0","33","794","24.1","68","11.7"
"경기도교육청","경기도수원교육지원청","경기도 수원시 영통구","S090000651","수원정보과학고등학교","04","공립","N","","8","178","22.3","8","141","17.6","8","149","18.6","3","22","7.3","0","0","0","27","490","18.1","58","8.4"
"경기도교육청","경기도수원교육지원청","경기도 수원시 권선구","S090000653","한봄고등학교","04","사립","N","","8","176","22","10","222","22.2","10","228","22.8","0","0","0","0","0","0","28","626","22.4","61","10.3"
"경기도교육청","경기도수원교육지원청","경기도 수원시 장안구","S090000654","수일고등학교","04","공립","N","","10","255","25.5","11","280","25.5","11","288","26.2","0","0","0","0","0","0","32","823","25.7","61","13.5"
"경기도교육청","경기도용인교육지원청","경기도 용인시 수지구","S090000655","수지고등학교","04","공립","N","","14","450","32.1","13","436","33.5","14","476","34","1","9","9","0","0","0","42","1371","32.6","84","16.3"
"경기도교육청","경기도구리남양주교육지원청","경기도 구리시","S090000656","수택고등학교","04","공립","N","","8","208","26","8","204","25.5","9","229","25.4","4","20","5","0","0","0","29","661","22.8","61","10.8"
"경기도교육청","경기도수원교육지원청","경기도 수원시 팔달구","S090000657","숙지고등학교","04","공립","N","","11","272","24.7","11","290","26.4","11","298","27.1","2","13","6.5","2","6","3","37","879","23.8","72","12.2"
"경기도교육청","경기도성남교육지원청","경기도 성남시 중원구","S090000658","숭신고등학교","04","사립","N","","10","198","19.8","10","207","20.7","10","212","21.2","0","0","0","0","0","0","30","617","20.6","58","10.6"
"경기도교육청","경기도부천교육지원청","경기도 부천시 소사구","S090000659","시온고등학교","04","사립","N","","11","282","25.6","11","293","26.6","11","310","28.2","0","0","0","0","0","0","33","885","26.8","64","13.8"
"경기도교육청","경기도시흥교육지원청","경기도 시흥시","S090000660","경기스마트고등학교","04","공립","N","","8","182","22.8","8","146","18.3","9","153","17","2","13","6.5","1","1","1","28","495","17.7","63","7.9"
"경기도교육청","경기도용인교육지원청","경기도 용인시 기흥구","S090000661","신갈고등학교","04","사립","N","","10","281","28.1","10","303","30.3","10","303","30.3","0","0","0","0","0","0","30","887","29.6","59","15"
"경기도교육청","경기도안양과천교육지원청","경기도 안양시 만안구","S090000662","신성고등학교","04","사립","N","","12","290","24.2","12","313","26.1","12","308","25.7","0","0","0","0","0","0","36","911","25.3","70","13"
"경기도교육청","경기도고양교육지원청","경기도 고양시 일산서구","S090000665","신일비즈니스고등학교","04","공립","N","","8","125","15.6","8","141","17.6","8","148","18.5","1","2","2","0","0","0","25","416","16.6","52","8"
"경기도교육청","경기도평택교육지원청","경기도 평택시","S090000666","신한고등학교","04","사립","N","","10","323","32.3","10","324","32.4","10","323","32.3","1","10","10","0","0","0","31","980","31.6","60","16.3"
"경기도교육청","경기도동두천양주교육지원청","경기도 동두천시","S090000667","신흥고등학교","04","사립","N","","4","104","26","4","106","26.5","4","96","24","0","0","0","0","0","0","12","306","25.5","26","11.8"
"경기도교육청","경기도구리남양주교육지원청","경기도 남양주시","S090000669","심석고등학교","04","사립","N","","12","384","32","12","395","32.9","12","380","31.7","0","0","0","0","0","0","36","1159","32.2","69","16.8"
"경기도교육청","경기도부천교육지원청","경기도 부천시 원미구","S090000671","심원고등학교","04","공립","N","","9","215","23.9","9","228","25.3","9","249","27.7","1","9","9","0","0","0","28","701","25","55","12.7"
"경기도교육청","경기도안성교육지원청","경기도 안성시","S090000672","안법고등학교","04","사립","N","","8","257","32.1","8","240","30","8","246","30.8","0","0","0","0","0","0","24","743","31","48","15.5"
"경기도교육청","경기도안산교육지원청","경기도 안산시 단원구","S090000673","안산강서고등학교","04","사립","N","","12","261","21.8","12","289","24.1","12","285","23.8","0","0","0","0","0","0","36","835","23.2","69","12.1"
"경기도교육청","경기도안산교육지원청","경기도 안산시 상록구","S090000674","안산국제비즈니스고등학교","04","사립","N","","12","251","20.9","12","201","16.8","12","208","17.3","0","0","0","0","0","0","36","660","18.3","74","8.9"
"경기도교육청","경기도안산교육지원청","경기도 안산시 상록구","S090000675","안산고등학교","04","사립","N","","11","249","22.6","11","251","22.8","11","245","22.3","0","0","0","0","0","0","33","745","22.6","66","11.3"
"경기도교육청","경기도안산교육지원청","경기도 안산시 상록구","S090000676","안산공업고등학교","04","사립","N","","14","271","19.4","15","299","19.9","15","325","21.7","0","0","0","0","0","0","44","895","20.3","96","9.3"
"경기도교육청","경기도안산교육지원청","경기도 안산시 상록구","S090000677","안산동산고등학교","04","사립","N","","12","360","30","12","348","29","12","352","29.3","0","0","0","0","0","0","36","1060","29.4","82","12.9"
"경기도교육청","경기도안산교육지원청","경기도 안산시 상록구","S090000680","안산디자인문화고등학교","04","사립","N","","11","230","20.9","11","241","21.9","12","267","22.3","0","0","0","0","0","0","34","738","21.7","72","10.3"
"경기도교육청","경기도안성교육지원청","경기도 안성시","S090000684","안성고등학교","04","공립","N","","7","226","32.3","7","230","32.9","7","232","33.1","3","20","6.7","0","0","0","24","708","29.5","47","15.1"
"경기도교육청","경기도안성교육지원청","경기도 안성시","S090000685","두원공업고등학교","04","사립","N","","8","193","24.1","8","198","24.8","8","169","21.1","0","0","0","0","0","0","24","560","23.3","52","10.8"
"경기도교육청","경기도안성교육지원청","경기도 안성시","S090000686","안성여자고등학교","04","공립","N","","6","189","31.5","6","194","32.3","6","197","32.8","3","18","6","0","0","0","21","598","28.5","40","15"
"경기도교육청","경기도안성교육지원청","경기도 안성시","S090000689","가온고등학교","04","사립","N","","10","309","30.9","10","299","29.9","10","277","27.7","0","0","0","0","0","0","30","885","29.5","61","14.5"
"경기도교육청","경기도안양과천교육지원청","경기도 안양시 만안구","S090000690","안양고등학교","04","공립","N","","12","292","24.3","12","322","26.8","12","317","26.4","1","6","6","0","0","0","37","937","25.3","73","12.8"
"경기도교육청","경기도안양과천교육지원청","경기도 안양시 만안구","S090000691","안양공업고등학교","04","공립","N","","9","85","9.4","9","77","8.6","9","94","10.4","3","18","6","0","0","0","30","274","9.1","73","3.8"
"경기도교육청","경기도안양과천교육지원청","경기도 안양시 만안구","S090000693","안양여자고등학교","04","사립","N","","8","186","23.3","8","178","22.3","8","192","24","0","0","0","0","0","0","24","556","23.2","44","12.6"
"경기도교육청","경기도안양과천교육지원청","경기도 안양시 만안구","S090000694","안양문화고등학교","04","사립","N","","8","161","20.1","8","146","18.3","8","159","19.9","0","0","0","0","0","0","24","466","19.4","51","9.1"
"경기도교육청","경기도안양과천교육지원청","경기도 안양시 만안구","S090000696","안양예술고등학교","04","사립","N","","8","282","35.3","8","299","37.4","8","302","37.8","0","0","0","0","0","0","24","883","36.8","48","18.4"
"경기도교육청","경기도안양과천교육지원청","경기도 안양시 만안구","S090000697","안양외국어고등학교","04","사립","N","","10","251","25.1","10","240","24","10","215","21.5","0","0","0","0","0","0","30","706","23.5","64","11"
"경기도교육청","경기도평택교육지원청","경기도 평택시","S090000699","경기물류고등학교","04","공립","N","","6","145","24.2","6","151","25.2","6","142","23.7","3","23","7.7","0","0","0","21","461","22","42","11"
"경기도교육청","경기도평택교육지원청","경기도 평택시","S090000701","안중고등학교","04","사립","N","","7","150","21.4","7","155","22.1","8","175","21.9","0","0","0","0","0","0","22","480","21.8","44","10.9"
"경기도교육청","경기도성남교육지원청","경기도 성남시 분당구","S090000702","야탑고등학교","04","사립","N","","10","264","26.4","10","265","26.5","10","268","26.8","0","0","0","0","0","0","30","797","26.6","59","13.5"
"경기도교육청","경기도김포교육지원청","경기도 김포시","S090000703","양곡고등학교","04","사립","N","","8","266","33.3","8","271","33.9","9","287","31.9","0","0","0","0","0","0","25","824","33","48","17.2"
"경기도교육청","경기도양평교육지원청","경기도 양평군","S090000704","양동고등학교","04","사립","N","","3","62","20.7","3","65","21.7","3","58","19.3","1","3","3","0","0","0","10","188","18.8","19","9.9"
"경기도교육청","경기도안양과천교육지원청","경기도 안양시 만안구","S090000705","양명고등학교","04","사립","N","","11","272","24.7","11","290","26.4","12","311","25.9","0","0","0","0","0","0","34","873","25.7","64","13.6"
"경기도교육청","경기도안양과천교육지원청","경기도 안양시 만안구","S090000706","양명여자고등학교","04","사립","N","","10","243","24.3","10","253","25.3","10","248","24.8","0","0","0","0","0","0","30","744","24.8","58","12.8"
"경기도교육청","경기도양평교육지원청","경기도 양평군","S090000707","양서고등학교","04","사립","N","","9","251","27.9","9","257","28.6","9","230","25.6","0","0","0","0","0","0","27","738","27.3","53","13.9"
"경기도교육청","경기도성남교육지원청","경기도 성남시 분당구","S090000708","양영디지털고등학교","04","공립","N","","7","95","13.6","6","73","12.2","6","68","11.3","0","0","0","0","0","0","19","236","12.4","43","5.5"
"경기도교육청","경기도양평교육지원청","경기도 양평군","S090000711","양일고등학교","04","사립","N","","8","211","26.4","8","217","27.1","8","211","26.4","2","13","6.5","0","0","0","26","652","25.1","49","13.3"
"경기도교육청","경기도안산교육지원청","경기도 안산시 단원구","S090000713","양지고등학교","04","공립","N","","10","242","24.2","11","257","23.4","11","269","24.5","1","7","7","1","4","4","34","779","22.9","64","12.2"
"경기도교육청","경기도양평교육지원청","경기도 양평군","S090000714","양평전자과학고등학교","04","공립","N","","2","24","12","3","41","13.7","3","41","13.7","0","0","0","0","0","0","8","106","13.3","19","5.6"
"경기도교육청","경기도양평교육지원청","경기도 양평군","S090000716","양평고등학교","04","공립","N","","7","178","25.4","7","175","25","7","173","24.7","3","21","7","0","0","0","24","547","22.8","49","11.2"
"경기도교육청","경기도여주교육지원청","경기도 여주시","S090000717","여강고등학교","04","사립","N","","3","80","26.7","3","79","26.3","3","78","26","1","7","7","0","0","0","10","244","24.4","19","12.8"
"경기도교육청","경기도여주교육지원청","경기도 여주시","S090000718","여주고등학교","04","사립","N","","6","155","25.8","6","158","26.3","6","162","27","0","0","0","0","0","0","18","475","26.4","36","13.2"
"경기도교육청","경기도여주교육지원청","경기도 여주시","S090000720","세종고등학교","04","공립","N","","6","159","26.5","6","161","26.8","6","169","28.2","2","11","5.5","0","0","0","20","500","25","40","12.5"
"경기도교육청","경기도여주교육지원청","경기도 여주시","S090000722","여주자영농업고등학교","04","공립","N","","5","130","26","5","130","26","5","116","23.2","2","13","6.5","0","0","0","17","389","22.9","65","6"
"경기도교육청","경기도여주교육지원청","경기도 여주시","S090000723","여주제일고등학교","04","사립","N","","6","137","22.8","6","128","21.3","6","153","25.5","1","6","6","0","0","0","19","424","22.3","37","11.5"
"경기도교육청","경기도연천교육지원청","경기도 연천군","S090000726","연천고등학교","04","공립","N","","2","40","20","3","45","15","4","34","8.5","1","5","5","0","0","0","10","124","12.4","22","5.6"
"경기도교육청","경기도수원교육지원청","경기도 수원시 영통구","S090000728","영덕고등학교","04","공립","N","","12","296","24.7","12","321","26.8","12","338","28.2","0","0","0","0","0","0","36","955","26.5","69","13.8"
"경기도교육청","경기도성남교육지원청","경기도 성남시 분당구","S090000729","분당영덕여자고등학교","04","사립","N","","10","235","23.5","10","228","22.8","10","238","23.8","0","0","0","0","0","0","30","701","23.4","58","12.1"
"경기도교육청","경기도수원교육지원청","경기도 수원시 팔달구","S090000730","영복여자고등학교","04","사립","N","","11","250","22.7","11","281","25.5","11","272","24.7","0","0","0","0","0","0","33","803","24.3","65","12.4"
"경기도교육청","경기도포천교육지원청","경기도 포천시","S090000731","영북고등학교","04","공립","N","","3","43","14.3","3","40","13.3","3","54","18","0","0","0","0","0","0","9","137","15.2","19","7.2"
"경기도교육청","경기도수원교육지원청","경기도 수원시 장안구","S090000732","영생고등학교","04","사립","N","","11","263","23.9","11","294","26.7","11","304","27.6","0","0","0","0","0","0","33","861","26.1","65","13.2"
"경기도교육청","경기도의정부교육지원청","경기도 의정부시","S090000733","동국대학교사범대학부속영석고등학교","04","사립","N","","10","246","24.6","10","261","26.1","10","287","28.7","0","0","0","0","0","0","30","794","26.5","59","13.5"
"경기도교육청","경기도수원교육지원청","경기도 수원시 권선구","S090000734","영신여자고등학교","04","사립","N","","10","227","22.7","10","223","22.3","11","235","21.4","0","0","0","0","0","0","31","685","22.1","60","11.4"
"경기도교육청","경기도화성오산교육지원청","경기도 오산시","S090000736","오산고등학교","04","사립","N","","10","321","32.1","10","336","33.6","10","320","32","0","0","0","0","0","0","30","977","32.6","58","16.8"
"경기도교육청","경기도화성오산교육지원청","경기도 오산시","S090000737","오산정보고등학교","04","공립","N","","6","147","24.5","8","137","17.1","9","200","22.2","3","22","7.3","0","0","0","26","506","19.5","51","9.9"
"경기도교육청","경기도양평교육지원청","경기도 양평군","S090000739","용문고등학교","04","사립","N","","6","162","27","6","149","24.8","6","143","23.8","1","7","7","0","0","0","19","461","24.3","37","12.5"
"경기도교육청","경기도용인교육지원청","경기도 용인시 처인구","S090000740","용인고등학교","04","공립","N","","13","370","28.5","13","382","29.4","13","414","31.8","3","17","5.7","1","5","5","43","1188","27.6","81","14.7"
"경기도교육청","경기도용인교육지원청","경기도 용인시 처인구","S090000741","용인바이오고등학교","04","공립","N","","3","62","20.7","3","56","18.7","3","58","19.3","1","7","7","0","0","0","10","183","18.3","22","8.3"
"경기도교육청","경기도용인교육지원청","경기도 용인시 처인구","S090000744","덕영고등학교","04","사립","N","","9","188","20.9","9","174","19.3","10","193","19.3","0","0","0","0","0","0","28","555","19.8","57","9.7"
"경기도교육청","경기도군포의왕교육지원청","경기도 군포시","S090000745","용호고등학교","04","공립","N","","13","325","25","13","361","27.8","14","387","27.6","2","14","7","0","0","0","42","1087","25.9","80","13.6"
"경기도교육청","경기도군포의왕교육지원청","경기도 의왕시","S090000746","우성고등학교","04","사립","N","","11","247","22.5","11","266","24.2","11","266","24.2","0","0","0","0","0","0","33","779","23.6","64","12.2"
"경기도교육청","경기도안산교육지원청","경기도 안산시 단원구","S090000747","원곡고등학교","04","공립","N","","12","268","22.3","13","318","24.5","13","313","24.1","3","18","6","0","0","0","41","917","22.4","78","11.8"
"경기도교육청","경기도부천교육지원청","경기도 부천시 원미구","S090000748","원미고등학교","04","공립","N","","9","219","24.3","9","230","25.6","9","252","28","2","11","5.5","0","0","0","29","712","24.6","55","12.9"
"경기도교육청","경기도부천교육지원청","경기도 부천시 오정구","S090000749","원종고등학교","04","공립","N","","9","215","23.9","9","220","24.4","9","250","27.8","2","11","5.5","0","0","0","29","696","24","56","12.4"
"경기도교육청","경기도수원교육지원청","경기도 수원시 팔달구","S090000750","유신고등학교","04","사립","N","","12","292","24.3","12","300","25","13","310","23.8","0","0","0","0","0","0","37","902","24.4","72","12.5"
"경기도교육청","경기도파주교육지원청","경기도 파주시","S090000751","율곡고등학교","04","사립","N","","6","121","20.2","6","120","20","6","130","21.7","1","9","9","0","0","0","19","380","20","37","10.3"
"경기도교육청","경기도이천교육지원청","경기도 이천시","S090000753","율면고등학교","04","공립","N","","1","23","23","1","21","21","1","25","25","1","1","1","0","0","0","4","70","17.5","13","5.4"
"경기도교육청","경기도시흥교육지원청","경기도 시흥시","S090000754","은행고등학교","04","공립","N","","12","353","29.4","12","359","29.9","12","329","27.4","2","14","7","0","0","0","38","1055","27.8","74","14.3"
"경기도교육청","경기도평택교육지원청","경기도 평택시","S090000755","은혜고등학교","04","사립","N","","10","317","31.7","10","305","30.5","10","298","29.8","0","0","0","0","0","0","30","920","30.7","59","15.6"
"경기도교육청","경기도의정부교육지원청","경기도 의정부시","S090000756","의정부고등학교","04","공립","N","","8","166","20.8","9","187","20.8","10","260","26","1","6","6","0","0","0","28","619","22.1","55","11.3"
"경기도교육청","경기도의정부교육지원청","경기도 의정부시","S090000757","한국모빌리티고등학교","04","공립","N","","13","192","14.8","10","121","12.1","13","161","12.4","3","16","5.3","0","0","0","39","490","12.6","85","5.8"
"경기도교육청","경기도의정부교육지원청","경기도 의정부시","S090000758","의정부여자고등학교","04","공립","N","","7","128","18.3","8","159","19.9","10","230","23","2","9","4.5","0","0","0","27","526","19.5","52","10.1"
"경기도교육청","경기도성남교육지원청","경기도 성남시 분당구","S090000759","이매고등학교","04","공립","N","","10","234","23.4","10","258","25.8","10","270","27","0","0","0","0","0","0","30","762","25.4","60","12.7"
"경기도교육청","경기도이천교육지원청","경기도 이천시","S090000760","이천고등학교","04","공립","N","","10","254","25.4","10","273","27.3","10","266","26.6","1","7","7","0","0","0","31","800","25.8","61","13.1"
"경기도교육청","경기도이천교육지원청","경기도 이천시","S090000762","이천제일고등학교","04","공립","N","","14","321","22.9","14","318","22.7","14","338","24.1","3","17","5.7","0","0","0","45","994","22.1","102","9.7"
"경기도교육청","경기도이천교육지원청","경기도 이천시","S090000763","이천양정여자고등학교","04","사립","N","","10","253","25.3","10","263","26.3","10","265","26.5","0","0","0","0","0","0","30","781","26","58","13.5"
"경기도교육청","경기도이천교육지원청","경기도 이천시","S090000765","다산고등학교","04","사립","N","","8","191","23.9","8","194","24.3","8","195","24.4","0","0","0","0","0","0","24","580","24.2","48","12.1"
"경기도교육청","경기도여주교육지원청","경기도 여주시","S090000767","이포고등학교","04","공립","N","","2","20","10","3","41","13.7","3","43","14.3","1","2","2","0","0","0","9","106","11.8","18","5.9"
"경기도교육청","경기도구리남양주교육지원청","경기도 구리시","S090000769","인창고등학교","04","공립","N","","8","213","26.6","8","217","27.1","9","240","26.7","2","11","5.5","0","0","0","27","681","25.2","52","13.1"
"경기도교육청","경기도포천교육지원청","경기도 포천시","S090000770","일동고등학교","04","공립","N","","5","91","18.2","5","90","18","5","82","16.4","2","9","4.5","0","0","0","17","272","16","35","7.8"
"경기도교육청","경기도고양교육지원청","경기도 고양시 일산서구","S090000771","일산고등학교","04","공립","N","","10","218","21.8","10","202","20.2","10","206","20.6","0","0","0","0","0","0","30","626","20.9","67","9.3"
"경기도교육청","경기도고양교육지원청","경기도 고양시 일산서구","S090000772","일산대진고등학교","04","사립","N","","13","297","22.8","13","301","23.2","13","315","24.2","0","0","0","0","0","0","39","913","23.4","76","12"
"경기도교육청","경기도고양교육지원청","경기도 고양시 일산서구","S090000773","일산동고등학교","04","공립","N","","11","267","24.3","11","273","24.8","11","305","27.7","3","16","5.3","0","0","0","36","861","23.9","69","12.5"
"경기도교육청","경기도고양교육지원청","경기도 고양시 일산서구","S090000775","일산국제컨벤션고등학교","04","공립","N","","9","183","20.3","10","164","16.4","10","151","15.1","2","9","4.5","0","0","0","31","507","16.4","65","7.8"
"경기도교육청","경기도안성교육지원청","경기도 안성시","S090000777","일죽고등학교","04","공립","N","","2","42","21","2","35","17.5","2","27","13.5","0","0","0","0","0","0","6","104","17.3","14","7.4"
"경기도교육청","경기도시흥교육지원청","경기도 시흥시","S090000778","장곡고등학교","04","공립","N","","9","270","30","9","272","30.2","9","261","29","2","11","5.5","0","0","0","29","814","28.1","56","14.5"
"경기도교육청","경기도수원교육지원청","경기도 수원시 장안구","S090000779","장안고등학교","04","공립","N","","10","245","24.5","10","276","27.6","10","280","28","2","15","7.5","0","0","0","32","816","25.5","61","13.4"
"경기도교육청","경기도이천교육지원청","경기도 이천시","S090000780","부원고등학교","04","사립","N","","5","79","15.8","5","88","17.6","5","100","20","0","0","0","0","0","0","15","267","17.8","33","8.1"
"경기도교육청","경기도이천교육지원청","경기도 이천시","S090000781","장호원고등학교","04","공립","N","","5","119","23.8","5","112","22.4","5","129","25.8","1","7","7","0","0","0","16","367","22.9","33","11.1"
"경기도교육청","경기도고양교육지원청","경기도 고양시 일산동구","S090000783","저동고등학교","04","공립","N","","11","270","24.5","11","275","25","11","292","26.5","1","8","8","0","0","0","34","845","24.9","65","13"
"경기도교육청","경기도파주교육지원청","경기도 파주시","S090000784","적성융합고등학교","04","공립","N","","2","18","9","2","13","6.5","2","20","10","1","3","3","0","0","0","7","54","7.7","17","3.2"
"경기도교육청","경기도연천교육지원청","경기도 연천군","S090000786","전곡고등학교","04","공립","N","","9","179","19.9","9","193","21.4","10","196","19.6","2","11","5.5","0","0","0","30","579","19.3","63","9.2"
"경기도교육청","경기도여주교육지원청","경기도 여주시","S090000787","점동고등학교","04","공립","N","","2","40","20","2","52","26","2","56","28","1","4","4","0","0","0","7","152","21.7","17","8.9"
"경기도교육청","경기도부천교육지원청","경기도 부천시 소사구","S090000788","정명고등학교","04","사립","N","","10","231","23.1","10","236","23.6","10","266","26.6","0","0","0","0","0","0","30","733","24.4","59","12.4"
"경기도교육청","경기도부천교육지원청","경기도 부천시 소사구","S090000790","경기경영고등학교","04","사립","N","","10","185","18.5","10","168","16.8","8","162","20.3","0","0","0","0","0","0","28","515","18.4","60","8.6"
"경기도교육청","경기도고양교육지원청","경기도 고양시 일산동구","S090000791","정발고등학교","04","공립","N","","11","252","22.9","11","271","24.6","11","289","26.3","2","9","4.5","0","0","0","35","821","23.5","66","12.4"
"경기도교육청","경기도시흥교육지원청","경기도 시흥시","S090000792","정왕고등학교","04","공립","N","","11","350","31.8","10","334","33.4","11","356","32.4","0","0","0","0","0","0","32","1040","32.5","61","17"
"경기도교육청","경기도가평교육지원청","경기도 가평군","S090000796","조종고등학교","04","공립","N","","4","58","14.5","4","50","12.5","3","51","17","1","5","5","0","0","0","12","164","13.7","23","7.1"
"경기도교육청","경기도고양교육지원청","경기도 고양시 일산서구","S090000797","주엽고등학교","04","공립","N","","12","288","24","12","302","25.2","12","317","26.4","2","17","8.5","0","0","0","38","924","24.3","74","12.5"
"경기도교육청","경기도고양교육지원청","경기도 고양시 일산서구","S090000798","경기영상과학고등학교","04","공립","N","","9","196","21.8","9","192","21.3","9","203","22.6","0","0","0","0","0","0","27","591","21.9","57","10.4"
"경기도교육청","경기도안성교육지원청","경기도 안성시","S090000800","죽산고등학교","04","공립","N","","3","73","24.3","4","65","16.3","4","57","14.3","1","4","4","0","0","0","12","199","16.6","24","8.3"
"경기도교육청","경기도용인교육지원청","경기도 용인시 수지구","S090000801","죽전고등학교","04","공립","N","","12","374","31.2","12","393","32.8","12","382","31.8","0","0","0","0","0","0","36","1149","31.9","71","16.2"
"경기도교육청","경기도고양교육지원청","경기도 고양시 일산동구","S090000802","중산고등학교","04","공립","N","","11","258","23.5","11","268","24.4","11","294","26.7","1","1","1","0","0","0","34","821","24.1","65","12.6"
"경기도교육청","경기도부천교육지원청","경기도 부천시 원미구","S090000803","중원고등학교","04","공립","N","","9","213","23.7","9","215","23.9","9","241","26.8","1","8","8","0","0","0","28","677","24.2","56","12.1"
"경기도교육청","경기도부천교육지원청","경기도 부천시 원미구","S090000804","중흥고등학교","04","공립","N","","9","220","24.4","9","218","24.2","9","248","27.6","1","7","7","0","0","0","28","693","24.8","53","13.1"
"경기도교육청","경기도양평교육지원청","경기도 양평군","S090000805","지평고등학교","04","공립","N","","2","44","22","2","41","20.5","2","42","21","1","5","5","0","0","0","7","132","18.9","17","7.8"
"경기도교육청","경기도구리남양주교육지원청","경기도 남양주시","S090000806","진건고등학교","04","공립","N","","12","336","28","12","359","29.9","12","368","30.7","2","17","8.5","0","0","0","38","1080","28.4","72","15"
"경기도교육청","경기도광명교육지원청","경기도 광명시","S090000807","진성고등학교","04","사립","N","","8","150","18.8","10","230","23","10","246","24.6","0","0","0","0","0","0","28","626","22.4","56","11.2"
"경기도교육청","경기도평택교육지원청","경기도 평택시","S090000810","진위고등학교","04","사립","N","","8","192","24","9","188","20.9","7","129","18.4","0","0","0","0","0","0","24","509","21.2","48","10.6"
"경기도교육청","경기도여주교육지원청","경기도 여주시","S090000811","경기관광고등학교","04","사립","N","","4","86","21.5","4","83","20.8","4","96","24","0","0","0","0","0","0","12","265","22.1","26","10.2"
"경기도교육청","경기도수원교육지원청","경기도 수원시 팔달구","S090000812","창현고등학교","04","사립","N","","14","347","24.8","14","362","25.9","14","370","26.4","0","0","0","0","0","0","42","1079","25.7","81","13.3"
"경기도교육청","경기도평택교육지원청","경기도 평택시","S090000813","청담고등학교","04","사립","N","","9","198","22","9","170","18.9","9","159","17.7","0","0","0","0","0","0","27","527","19.5","59","8.9"
"경기도교육청","경기도수원교육지원청","경기도 수원시 영통구","S090000815","청명고등학교","04","공립","N","","12","297","24.8","12","316","26.3","12","339","28.3","2","15","7.5","0","0","0","38","967","25.4","73","13.2"
"경기도교육청","경기도양평교육지원청","경기도 양평군","S090000816","청운고등학교","04","공립","N","","1","22","22","1","16","16","1","17","17","0","0","0","0","0","0","3","55","18.3","11","5"
"경기도교육청","경기도가평교육지원청","경기도 가평군","S090000817","청평고등학교","04","공립","N","","4","52","13","4","58","14.5","4","74","18.5","1","6","6","1","1","1","14","191","13.6","31","6.2"
"경기도교육청","경기도구리남양주교육지원청","경기도 남양주시","S090000818","청학고등학교","04","공립","N","","7","162","23.1","6","123","20.5","8","171","21.4","0","0","0","0","0","0","21","456","21.7","41","11.1"
"경기도교육청","경기도안산교육지원청","경기도 안산시 단원구","S090000819","초지고등학교","04","공립","N","","9","220","24.4","10","231","23.1","11","262","23.8","1","3","3","0","0","0","31","716","23.1","59","12.1"
"경기도교육청","경기도광명교육지원청","경기도 광명시","S090000820","충현고등학교","04","공립","N","","9","193","21.4","10","271","27.1","10","266","26.6","0","0","0","0","0","0","29","730","25.2","58","12.6"
"경기도교육청","경기도평택교육지원청","경기도 평택시","S090000821","태광고등학교","04","사립","N","","10","308","30.8","10","288","28.8","10","301","30.1","0","0","0","0","0","0","30","897","29.9","59","15.2"
"경기도교육청","경기도용인교육지원청","경기도 용인시 처인구","S090000822","태성고등학교","04","사립","N","","9","249","27.7","9","255","28.3","9","263","29.2","0","0","0","0","0","0","27","767","28.4","54","14.2"
"경기도교육청","경기도성남교육지원청","경기도 성남시 분당구","S090000823","태원고등학교","04","사립","N","","12","315","26.3","12","336","28","12","320","26.7","0","0","0","0","0","0","36","971","27","69","14.1"
"경기도교육청","경기도수원교육지원청","경기도 수원시 영통구","S090000824","태장고등학교","04","공립","N","","12","298","24.8","12","323","26.9","12","348","29","2","15","7.5","0","0","0","38","984","25.9","75","13.1"
"경기도교육청","경기도구리남양주교육지원청","경기도 구리시","S090000825","토평고등학교","04","공립","N","","8","209","26.1","8","209","26.1","9","235","26.1","2","10","5","0","0","0","27","663","24.6","51","13"
"경기도교육청","경기도김포교육지원청","경기도 김포시","S090000826","통진고등학교","04","사립","N","","11","306","27.8","11","312","28.4","10","296","29.6","1","9","9","0","0","0","33","923","28","66","14"
"경기도교육청","경기도구리남양주교육지원청","경기도 남양주시","S090000827","퇴계원고등학교","04","공립","N","","10","252","25.2","12","293","24.4","12","358","29.8","2","15","7.5","0","0","0","36","918","25.5","68","13.5"
"경기도교육청","경기도파주교육지원청","경기도 파주시","S090000829","세경고등학교","04","사립","N","","10","250","25","10","240","24","10","240","24","0","0","0","0","0","0","30","730","24.3","64","11.4"
"경기도교육청","경기도파주교육지원청","경기도 파주시","S090000831","정목고등학교","04","사립","N","","7","158","22.6","8","144","18","8","178","22.3","0","0","0","0","0","0","23","480","20.9","46","10.4"
"경기도교육청","경기도파주교육지원청","경기도 파주시","S090000832","파주고등학교","04","사립","N","","5","130","26","5","126","25.2","5","124","24.8","0","0","0","0","0","0","15","380","25.3","29","13.1"
"경기도교육청","경기도수원교육지원청","경기도 수원시 영통구","S090000833","수원하이텍고등학교","04","공립","N","","8","146","18.3","8","137","17.1","8","147","18.4","0","0","0","0","0","0","24","430","17.9","54","8"
"경기도교육청","경기도안양과천교육지원청","경기도 안양시 동안구","S090000834","평촌고등학교","04","공립","N","","13","334","25.7","13","366","28.2","13","367","28.2","3","21","7","0","0","0","42","1088","25.9","79","13.8"
"경기도교육청","경기도안양과천교육지원청","경기도 안양시 동안구","S090000835","평촌과학기술고등학교","04","공립","N","","8","117","14.6","8","106","13.3","7","95","13.6","1","6","6","0","0","0","24","324","13.5","56","5.8"
"경기도교육청","경기도안양과천교육지원청","경기도 안양시 동안구","S090000836","평촌경영고등학교","04","공립","N","","11","189","17.2","10","181","18.1","12","217","18.1","3","15","5","0","0","0","36","602","16.7","77","7.8"
"경기도교육청","경기도평택교육지원청","경기도 평택시","S090000837","평택고등학교","04","공립","N","","10","306","30.6","10","312","31.2","10","309","30.9","2","16","8","0","0","0","32","943","29.5","62","15.2"
"경기도교육청","경기도평택교육지원청","경기도 평택시","S090000838","평택마이스터고등학교","04","공립","N","","8","144","18","8","137","17.1","8","152","19","2","13","6.5","0","0","0","26","446","17.2","63","7.1"
"경기도교육청","경기도평택교육지원청","경기도 평택시","S090000840","평택여자고등학교","04","공립","N","","12","360","30","12","362","30.2","12","354","29.5","2","17","8.5","0","0","0","38","1093","28.8","74","14.8"
"경기도교육청","경기도포천교육지원청","경기도 포천시","S090000841","포천고등학교","04","공립","N","","9","194","21.6","9","198","22","9","217","24.1","2","9","4.5","1","5","5","30","623","20.8","57","10.9"
"경기도교육청","경기도포천교육지원청","경기도 포천시","S090000843","포천일고등학교","04","공립","N","","11","218","19.8","11","188","17.1","11","185","16.8","2","8","4","0","0","0","35","599","17.1","70","8.6"
"경기도교육청","경기도용인교육지원청","경기도 용인시 수지구","S090000844","풍덕고등학교","04","공립","N","","13","423","32.5","12","404","33.7","14","476","34","1","9","9","0","0","0","40","1312","32.8","77","17"
"경기도교육청","경기도성남교육지원청","경기도 성남시 수정구","S090000847","풍생고등학교","04","사립","N","","10","226","22.6","10","245","24.5","10","253","25.3","0","0","0","0","0","0","30","724","24.1","59","12.3"
"경기도교육청","경기도광주하남교육지원청","경기도 하남시","S090000848","하남고등학교","04","사립","N","","10","323","32.3","10","315","31.5","10","299","29.9","0","0","0","0","0","0","30","937","31.2","58","16.2"
"경기도교육청","경기도광주하남교육지원청","경기도 하남시","S090000849","하남경영고등학교","04","공립","N","","7","144","20.6","10","128","12.8","9","150","16.7","1","7","7","0","0","0","27","429","15.9","59","7.3"
"경기도교육청","경기도김포교육지원청","경기도 김포시","S090000850","하성고등학교","04","공립","N","","4","82","20.5","5","102","20.4","5","82","16.4","0","0","0","0","0","0","14","266","19","28","9.5"
"경기도교육청","경기도평택교육지원청","경기도 평택시","S090000851","한광고등학교","04","사립","N","","10","320","32","10","323","32.3","10","331","33.1","0","0","0","0","0","0","30","974","32.5","58","16.8"
"경기도교육청","경기도평택교육지원청","경기도 평택시","S090000852","한광여자고등학교","04","사립","N","","11","353","32.1","11","355","32.3","11","348","31.6","0","0","0","0","0","0","33","1056","32","63","16.8"
"경기도교육청","경기도평택교육지원청","경기도 평택시","S090000853","한국관광고등학교","04","사립","N","","3","76","25.3","3","71","23.7","3","64","21.3","0","0","0","0","0","0","9","211","23.4","21","10"
"경기도교육청","경기도이천교육지원청","경기도 이천시","S090000854","한국도예고등학교","04","공립","N","","3","66","22","3","63","21","3","66","22","0","0","0","0","0","0","9","195","21.7","18","10.8"
"경기도교육청","경기도안산교육지원청","경기도 안산시 단원구","S090000855","한국디지털미디어고등학교","04","사립","N","","6","183","30.5","6","179","29.8","6","179","29.8","0","0","0","0","0","0","18","541","30.1","37","14.6"
"경기도교육청","경기도광주하남교육지원청","경기도 하남시","S090000856","한국애니메이션고등학교","04","공립","N","","4","96","24","4","95","23.8","4","101","25.3","0","0","0","0","0","0","12","292","24.3","31","9.4"
"경기도교육청","경기도시흥교육지원청","경기도 시흥시","S090000857","한국조리과학고등학교","04","사립","N","","6","214","35.7","6","206","34.3","6","213","35.5","0","0","0","0","0","0","18","633","35.2","32","19.8"
"경기도교육청","경기도성남교육지원청","경기도 성남시 분당구","S090000858","한솔고등학교","04","공립","N","","10","255","25.5","10","252","25.2","10","281","28.1","1","7","7","0","0","0","31","795","25.6","60","13.3"
"경기도교육청","경기도시흥교육지원청","경기도 시흥시","S090000859","경기자동차과학고등학교","04","사립","N","","8","193","24.1","8","179","22.4","8","190","23.8","0","0","0","0","0","0","24","562","23.4","58","9.7"
"경기도교육청","경기도시흥교육지원청","경기도 시흥시","S090000862","함현고등학교","04","공립","N","","10","303","30.3","10","334","33.4","10","330","33","2","16","8","0","0","0","32","983","30.7","62","15.9"
"경기도교육청","경기도고양교육지원청","경기도 고양시 덕양구","S090000863","행신고등학교","04","공립","N","","11","255","23.2","11","245","22.3","11","260","23.6","1","5","5","0","0","0","34","765","22.5","65","11.8"
"경기도교육청","경기도의정부교육지원청","경기도 의정부시","S090000865","호원고등학교","04","공립","N","","10","243","24.3","10","250","25","10","273","27.3","1","6","6","1","4","4","32","776","24.3","64","12.1"
"경기도교육청","경기도화성오산교육지원청","경기도 화성시 만세구","S090000867","화성고등학교","04","사립","N","","9","308","34.2","9","309","34.3","9","293","32.6","0","0","0","0","0","0","27","910","33.7","53","17.2"
"경기도교육청","경기도고양교육지원청","경기도 고양시 덕양구","S090000868","화수고등학교","04","공립","N","","11","256","23.3","11","260","23.6","11","269","24.5","3","11","3.7","0","0","0","36","796","22.1","68","11.7"
"경기도교육청","경기도고양교육지원청","경기도 고양시 덕양구","S090000869","화정고등학교","04","공립","N","","11","253","23","11","267","24.3","11","267","24.3","1","6","6","0","0","0","34","793","23.3","67","11.8"
"경기도교육청","경기도수원교육지원청","경기도 수원시 권선구","S090000870","화홍고등학교","04","공립","N","","12","303","25.3","12","306","25.5","12","318","26.5","0","0","0","0","0","0","36","927","25.8","70","13.2"
"경기도교육청","경기도평택교육지원청","경기도 평택시","S090000871","효명고등학교","04","사립","N","","10","323","32.3","10","327","32.7","10","316","31.6","0","0","0","0","0","0","30","966","32.2","58","16.7"
"경기도교육청","경기도성남교육지원청","경기도 성남시 수정구","S090000872","효성고등학교","04","사립","N","","9","180","20","9","183","20.3","9","195","21.7","0","0","0","0","0","0","27","558","20.7","53","10.5"
"경기도교육청","경기도수원교육지원청","경기도 수원시 영통구","S090000873","효원고등학교","04","공립","N","","13","323","24.8","13","342","26.3","13","366","28.2","0","0","0","0","0","0","39","1031","26.4","75","13.7"
"경기도교육청","경기도군포의왕교육지원청","경기도 군포시","S090000874","흥진고등학교","04","공립","N","","12","299","24.9","12","321","26.8","12","315","26.3","2","11","5.5","0","0","0","38","946","24.9","73","13"
"경기도교육청","경기도성남교육지원청","경기도 성남시 분당구","S090004768","돌마고등학교","04","공립","N","","9","223","24.8","9","214","23.8","9","227","25.2","2","12","6","0","0","0","29","676","23.3","56","12.1"
"경기도교육청","경기도의정부교육지원청","경기도 의정부시","S090004831","부용고등학교","04","공립","N","","11","290","26.4","11","308","28","11","293","26.6","1","5","5","0","0","0","34","896","26.4","67","13.4"
"경기도교육청","경기도부천교육지원청","경기도 부천시 원미구","S090004832","경기예술고등학교","04","공립","N","","6","232","38.7","6","230","38.3","6","214","35.7","0","0","0","0","0","0","18","676","37.6","39","17.3"
"경기도교육청","경기도안산교육지원청","경기도 안산시 상록구","S090004833","송호고등학교","04","공립","N","","11","273","24.8","11","283","25.7","12","315","26.3","2","8","4","0","0","0","36","879","24.4","71","12.4"
"경기도교육청","경기도시흥교육지원청","경기도 시흥시","S090004834","시흥고등학교","04","공립","N","","11","302","27.5","11","328","29.8","11","333","30.3","2","13","6.5","0","0","0","35","976","27.9","68","14.4"
"경기도교육청","경기도화성오산교육지원청","경기도 오산시","S090004835","운천고등학교","04","공립","N","","10","341","34.1","10","325","32.5","10","295","29.5","2","11","5.5","1","5","5","33","977","29.6","62","15.8"
"경기도교육청","경기도용인교육지원청","경기도 용인시 수지구","S090004893","서원고등학교","04","공립","N","","12","382","31.8","12","383","31.9","12","382","31.8","1","8","8","0","0","0","37","1155","31.2","72","16"
"경기도교육청","경기도수원교육지원청","경기도 수원시 장안구","S090004895","천천고등학교","04","공립","N","","10","241","24.1","10","265","26.5","10","278","27.8","2","10","5","1","3","3","33","797","24.2","62","12.9"
"경기도교육청","경기도수원교육지원청","경기도 수원시 장안구","S090004896","조원고등학교","04","공립","N","","10","240","24","10","277","27.7","10","275","27.5","2","12","6","0","0","0","32","804","25.1","62","13"
"경기도교육청","경기도성남교육지원청","경기도 성남시 분당구","S090004897","늘푸른고등학교","04","공립","N","","9","222","24.7","9","231","25.7","9","240","26.7","1","1","1","0","0","0","28","694","24.8","53","13.1"
"경기도교육청","경기도안양과천교육지원청","경기도 안양시 만안구","S090004898","충훈고등학교","04","공립","N","","10","231","23.1","10","248","24.8","10","262","26.2","2","10","5","0","0","0","32","751","23.5","61","12.3"
"경기도교육청","경기도부천교육지원청","경기도 부천시 원미구","S090004899","상일고등학교","04","공립","N","","8","168","21","9","218","24.2","9","213","23.7","0","0","0","0","0","0","26","599","23","50","12"
"경기도교육청","경기도부천교육지원청","경기도 부천시 소사구","S090004900","송내고등학교","04","공립","N","","9","213","23.7","9","226","25.1","9","242","26.9","0","0","0","0","0","0","27","681","25.2","52","13.1"
"경기도교육청","경기도용인교육지원청","경기도 용인시 기흥구","S090004901","구성고등학교","04","공립","N","","10","287","28.7","11","328","29.8","11","329","29.9","2","16","8","1","3","3","35","963","27.5","66","14.6"
"경기도교육청","경기도수원교육지원청","경기도 수원시 영통구","S090004902","매탄고등학교","04","공립","N","","12","307","25.6","12","329","27.4","12","359","29.9","2","12","6","1","1","1","39","1008","25.8","74","13.6"
"경기도교육청","경기도안양과천교육지원청","경기도 안양시 동안구","S090004905","인덕원고등학교","04","공립","N","","11","269","24.5","11","273","24.8","11","271","24.6","1","1","1","0","0","0","34","814","23.9","65","12.5"
"경기도교육청","경기도부천교육지원청","경기도 부천시 소사구","S090004906","범박고등학교","04","공립","N","","10","254","25.4","10","273","27.3","10","276","27.6","3","17","5.7","0","0","0","33","820","24.8","63","13"
"경기도교육청","경기도동두천양주교육지원청","경기도 양주시","S090004908","덕계고등학교","04","공립","N","","8","207","25.9","8","249","31.1","8","241","30.1","2","15","7.5","0","0","0","26","712","27.4","50","14.2"
"경기도교육청","경기도안산교육지원청","경기도 안산시 단원구","S090004909","단원고등학교","04","공립","N","","9","224","24.9","10","235","23.5","10","243","24.3","4","30","7.5","1","3","3","34","735","21.6","62","11.9"
"경기도교육청","경기도시흥교육지원청","경기도 시흥시","S090004910","군서고등학교","04","공립","N","","11","359","32.6","11","346","31.5","11","344","31.3","2","12","6","0","0","0","35","1061","30.3","66","16.1"
"경기도교육청","경기도고양교육지원청","경기도 고양시 일산동구","S090004912","풍동고등학교","04","공립","N","","10","229","22.9","10","253","25.3","10","267","26.7","1","7","7","0","0","0","31","756","24.4","60","12.6"
"경기도교육청","경기도구리남양주교육지원청","경기도 남양주시","S090004914","도농고등학교","04","공립","N","","10","302","30.2","10","305","30.5","11","328","29.8","1","8","8","1","4","4","33","947","28.7","66","14.3"
"경기도교육청","경기도구리남양주교육지원청","경기도 남양주시","S090004915","평내고등학교","04","공립","N","","10","285","28.5","10","322","32.2","10","311","31.1","2","16","8","0","0","0","32","934","29.2","62","15.1"
"경기도교육청","경기도광주하남교육지원청","경기도 하남시","S090004916","신장고등학교","04","공립","N","","10","316","31.6","10","305","30.5","10","286","28.6","1","6","6","0","0","0","31","913","29.5","61","15"
"경기도교육청","경기도이천교육지원청","경기도 이천시","S090004917","효양고등학교","04","공립","N","","10","254","25.4","10","263","26.3","10","262","26.2","3","17","5.7","0","0","0","33","796","24.1","62","12.8"
"경기도교육청","경기도용인교육지원청","경기도 용인시 기흥구","S090004918","보정고등학교","04","공립","N","","12","335","27.9","10","287","28.7","12","385","32.1","2","13","6.5","0","0","0","36","1020","28.3","71","14.4"
"경기도교육청","경기도김포교육지원청","경기도 김포시","S090004919","풍무고등학교","04","공립","N","","11","363","33","11","368","33.5","13","429","33","1","7","7","0","0","0","36","1167","32.4","68","17.2"
"경기도교육청","경기도화성오산교육지원청","","S090004920","병점고등학교","04","공립","N","","10","354","35.4","10","339","33.9","10","301","30.1","2","18","9","0","0","0","32","1012","31.6","63","16.1"
"경기도교육청","경기도파주교육지원청","경기도 파주시","S090004921","봉일천고등학교","04","공립","N","","10","269","26.9","10","264","26.4","10","275","27.5","2","9","4.5","0","0","0","32","817","25.5","61","13.4"
"경기도교육청","경기도파주교육지원청","경기도 파주시","S090004922","교하고등학교","04","공립","N","","10","330","33","10","343","34.3","12","381","31.8","2","18","9","0","0","0","34","1072","31.5","66","16.2"
"경기도교육청","경기도의정부교육지원청","경기도 의정부시","S090004923","상우고등학교","04","사립","N","","10","252","25.2","10","269","26.9","10","285","28.5","1","9","9","0","0","0","31","815","26.3","61","13.4"
"경기도교육청","경기도성남교육지원청","경기도 성남시 분당구","S090004945","이우고등학교","04","사립","N","","4","79","19.8","4","80","20","4","78","19.5","0","0","0","0","0","0","12","237","19.8","33","7.2"
"경기도교육청","경기도군포의왕교육지원청","경기도 의왕시","S090005040","경기외국어고등학교","04","사립","N","","8","214","26.8","8","196","24.5","8","189","23.6","0","0","0","0","0","0","24","599","25","59","10.2"
"경기도교육청","경기도의정부교육지원청","경기도 의정부시","S090005167","경기북과학고등학교","04","공립","N","","5","100","20","5","97","19.4","5","69","13.8","0","0","0","0","0","0","15","266","17.7","47","5.7"
"경기도교육청","경기도동두천양주교육지원청","경기도 동두천시","S090005168","동두천외국어고등학교","04","공립","N","","8","198","24.8","8","179","22.4","8","164","20.5","0","0","0","0","0","0","24","541","22.5","52","10.4"
"경기도교육청","경기도파주교육지원청","경기도 파주시","S090005169","금촌고등학교","04","공립","N","","12","330","27.5","12","323","26.9","12","353","29.4","3","19","6.3","1","4","4","40","1029","25.7","79","13"
"경기도교육청","경기도용인교육지원청","경기도 용인시 처인구","S090005170","용인한국외국어대학교부설고등학교","04","사립","N","","10","368","36.8","10","367","36.7","10","363","36.3","0","0","0","0","0","0","30","1098","36.6","76","14.4"
"경기도교육청","경기도동두천양주교육지원청","경기도 양주시","S090005280","양주백석고등학교","04","공립","N","","9","249","27.7","9","252","28","9","267","29.7","2","12","6","1","2","2","30","782","26.1","59","13.3"
"경기도교육청","경기도성남교육지원청","경기도 성남시 분당구","S090005282","성남외국어고등학교","04","공립","N","","8","211","26.4","8","201","25.1","8","191","23.9","0","0","0","0","0","0","24","603","25.1","59","10.2"
"경기도교육청","경기도안산교육지원청","경기도 안산시 상록구","S090005283","성포고등학교","04","공립","N","","11","270","24.5","11","276","25.1","11","275","25","2","13","6.5","0","0","0","35","834","23.8","68","12.3"
"경기도교육청","경기도수원교육지원청","경기도 수원시 영통구","S090005284","수원외국어고등학교","04","공립","N","","8","214","26.8","8","198","24.8","8","198","24.8","0","0","0","0","0","0","24","610","25.4","52","11.7"
"경기도교육청","경기도가평교육지원청","경기도 가평군","S090005286","청심국제고등학교","04","사립","N","","4","112","28","4","122","30.5","4","108","27","0","0","0","0","0","0","12","342","28.5","25","13.7"
"경기도교육청","경기도평택교육지원청","경기도 평택시","S090005290","현화고등학교","04","공립","N","","10","317","31.7","10","323","32.3","10","320","32","2","16","8","0","0","0","32","976","30.5","61","16"
"경기도교육청","경기도구리남양주교육지원청","경기도 남양주시","S090005291","호평고등학교","04","공립","N","","10","300","30","10","329","32.9","10","308","30.8","2","16","8","1","2","2","33","955","28.9","64","14.9"
"경기도교육청","경기도김포교육지원청","경기도 김포시","S090005292","김포외국어고등학교","04","사립","N","","8","207","25.9","8","186","23.3","8","193","24.1","0","0","0","0","0","0","24","586","24.4","43","13.6"
"경기도교육청","경기도용인교육지원청","경기도 용인시 기흥구","S090005319","용인백현고등학교","04","공립","N","","9","260","28.9","9","285","31.7","9","286","31.8","1","8","8","0","0","0","28","839","30","54","15.5"
"경기도교육청","경기도안성교육지원청","경기도 안성시","S090005320","한겨레고등학교","04","사립","N","","2","23","11.5","2","29","14.5","2","32","16","0","0","0","0","0","0","6","84","14","17","4.9"
"경기도교육청","경기도고양교육지원청","경기도 고양시 일산서구","S090005380","가좌고등학교","04","공립","N","","10","250","25","11","265","24.1","11","293","26.6","1","1","1","0","0","0","33","809","24.5","62","13"
"경기도교육청","경기도동두천양주교육지원청","경기도 양주시","S090005381","양주고등학교","04","공립","N","","8","227","28.4","8","231","28.9","8","235","29.4","1","8","8","0","0","0","25","701","28","50","14"
"경기도교육청","경기도포천교육지원청","경기도 포천시","S090005382","송우고등학교","04","공립","N","","10","213","21.3","10","219","21.9","10","240","24","3","17","5.7","0","0","0","33","689","20.9","62","11.1"
"경기도교육청","경기도부천교육지원청","경기도 부천시 원미구","S090005399","상원고등학교","04","공립","N","","9","214","23.8","9","221","24.6","9","240","26.7","0","0","0","0","0","0","27","675","25","54","12.5"
"경기도교육청","경기도고양교육지원청","경기도 고양시 덕양구","S090005413","성사고등학교","04","공립","N","","10","229","22.9","10","239","23.9","10","242","24.2","2","11","5.5","1","3","3","33","724","21.9","62","11.7"
"경기도교육청","경기도용인교육지원청","경기도 용인시 기흥구","S090005414","성지고등학교","04","공립","N","","12","344","28.7","12","364","30.3","12","387","32.3","1","9","9","0","0","0","37","1104","29.8","73","15.1"
"경기도교육청","경기도용인교육지원청","경기도 용인시 수지구","S090005415","현암고등학교","04","공립","N","","8","204","25.5","8","207","25.9","8","196","24.5","0","0","0","0","0","0","24","607","25.3","46","13.2"
"경기도교육청","경기도용인교육지원청","경기도 용인시 수지구","S090005416","용인홍천고등학교","04","공립","N","","13","407","31.3","12","380","31.7","13","414","31.8","2","16","8","0","0","0","40","1217","30.4","76","16"
"경기도교육청","경기도의정부교육지원청","경기도 의정부시","S090005417","효자고등학교","04","공립","N","","10","253","25.3","10","263","26.3","10","289","28.9","3","20","6.7","0","0","0","33","825","25","64","12.9"
"경기도교육청","경기도고양교육지원청","경기도 고양시 일산서구","S090005418","고양예술고등학교","04","사립","N","","7","270","38.6","7","257","36.7","7","249","35.6","0","0","0","0","0","0","21","776","37","40","19.4"
"경기도교육청","경기도용인교육지원청","경기도 용인시 수지구","S090005458","대지고등학교","04","공립","N","","10","309","30.9","10","317","31.7","10","339","33.9","1","9","9","0","0","0","31","974","31.4","61","16"
"경기도교육청","경기도화성오산교육지원청","","S090005459","동탄고등학교","04","공립","N","","10","355","35.5","10","352","35.2","13","413","31.8","1","8","8","0","0","0","34","1128","33.2","65","17.4"
"경기도교육청","경기도화성오산교육지원청","경기도 화성시 병점구","S090005460","안화고등학교","04","공립","N","","10","353","35.3","10","339","33.9","11","375","34.1","2","16","8","0","0","0","33","1083","32.8","63","17.2"
"경기도교육청","경기도화성오산교육지원청","경기도 오산시","S090005461","운암고등학교","04","공립","N","","8","273","34.1","8","266","33.3","8","239","29.9","1","10","10","0","0","0","25","788","31.5","49","16.1"
"경기도교육청","경기도용인교육지원청","경기도 용인시 기흥구","S090005488","동백고등학교","04","공립","N","","10","290","29","10","310","31","10","313","31.3","1","5","5","0","0","0","31","918","29.6","60","15.3"
"경기도교육청","경기도수원교육지원청","경기도 수원시 영통구","S090005576","망포고등학교","04","공립","N","","10","253","25.3","10","278","27.8","10","288","28.8","1","9","9","0","0","0","31","828","26.7","60","13.8"
"경기도교육청","경기도수원교육지원청","경기도 수원시 영통구","S090005577","매원고등학교","04","공립","N","","11","266","24.2","11","288","26.2","11","311","28.3","1","4","4","1","1","1","35","870","24.9","66","13.2"
"경기도교육청","경기도화성오산교육지원청","","S090005578","반송고등학교","04","공립","N","","10","354","35.4","11","331","30.1","11","346","31.5","0","0","0","0","0","0","32","1031","32.2","62","16.6"
"경기도교육청","경기도화성오산교육지원청","경기도 화성시 효행구","S090005579","봉담고등학교","04","공립","N","","8","282","35.3","8","287","35.9","8","283","35.4","3","21","7","0","0","0","27","873","32.3","50","17.5"
"경기도교육청","경기도화성오산교육지원청","경기도 화성시 동탄구","S090005580","예당고등학교","04","공립","N","","10","348","34.8","10","344","34.4","11","359","32.6","1","10","10","0","0","0","32","1061","33.2","63","16.8"
"경기도교육청","경기도부천교육지원청","경기도 부천시 오정구","S090005581","수주고등학교","04","공립","N","","8","187","23.4","7","156","22.3","8","206","25.8","2","12","6","0","0","0","25","561","22.4","47","11.9"
"경기도교육청","경기도고양교육지원청","경기도 고양시 덕양구","S090005599","고양일고등학교","04","공립","N","","8","183","22.9","8","190","23.8","8","188","23.5","2","10","5","0","0","0","26","571","22","49","11.7"
"경기도교육청","경기도고양교육지원청","경기도 고양시 일산동구","S090005600","안곡고등학교","04","공립","N","","12","284","23.7","12","287","23.9","12","330","27.5","2","8","4","1","3","3","39","912","23.4","77","11.8"
"경기도교육청","경기도구리남양주교육지원청","경기도 남양주시","S090005601","와부고등학교","04","공립","N","","8","250","31.3","8","252","31.5","8","245","30.6","3","18","6","0","0","0","27","765","28.3","50","15.3"
"경기도교육청","경기도수원교육지원청","경기도 수원시 권선구","S090005653","고색고등학교","04","공립","N","","10","223","22.3","10","246","24.6","10","230","23","1","8","8","0","0","0","31","707","22.8","61","11.6"
"경기도교육청","경기도화성오산교육지원청","","S090005655","나루고등학교","04","공립","N","","8","276","34.5","8","275","34.4","8","279","34.9","0","0","0","0","0","0","24","830","34.6","49","16.9"
"경기도교육청","경기도용인교육지원청","경기도 용인시 기흥구","S090005656","보라고등학교","04","공립","N","","9","260","28.9","9","294","32.7","9","292","32.4","3","20","6.7","0","0","0","30","866","28.9","57","15.2"
"경기도교육청","경기도용인교육지원청","경기도 용인시 기흥구","S090005658","초당고등학교","04","공립","N","","10","282","28.2","11","333","30.3","11","336","30.5","0","0","0","0","0","0","32","951","29.7","61","15.6"
"경기도교육청","경기도성남교육지원청","경기도 성남시 수정구","S090005659","복정고등학교","04","공립","N","","8","168","21","8","176","22","8","181","22.6","0","0","0","0","0","0","24","525","21.9","46","11.4"
"경기도교육청","경기도용인교육지원청","경기도 용인시 처인구","S090005660","포곡고등학교","04","공립","N","","11","312","28.4","11","329","29.9","11","348","31.6","2","14","7","2","7","3.5","37","1010","27.3","70","14.4"
"경기도교육청","경기도화성오산교육지원청","경기도 화성시 만세구","S090005663","향남고등학교","04","공립","N","","9","281","31.2","9","285","31.7","8","273","34.1","2","16","8","0","0","0","28","855","30.5","54","15.8"
"경기도교육청","경기도용인교육지원청","경기도 용인시 기흥구","S090005664","청덕고등학교","04","공립","N","","11","308","28","11","290","26.4","11","344","31.3","2","10","5","0","0","0","35","952","27.2","66","14.4"
"경기도교육청","경기도시흥교육지원청","경기도 시흥시","S090005665","시흥능곡고등학교","04","공립","N","","10","286","28.6","10","311","31.1","10","299","29.9","2","10","5","0","0","0","32","906","28.3","63","14.4"
"경기도교육청","경기도시흥교육지원청","경기도 시흥시","S090005666","시흥매화고등학교","04","공립","N","","7","140","20","8","183","22.9","8","200","25","1","7","7","0","0","0","24","530","22.1","46","11.5"
"경기도교육청","경기도의정부교육지원청","경기도 의정부시","S090005667","발곡고등학교","04","공립","N","","10","242","24.2","10","250","25","10","270","27","2","15","7.5","0","0","0","32","777","24.3","61","12.7"
"경기도교육청","경기도시흥교육지원청","경기도 시흥시","S090005668","신천고등학교","04","공립","N","","10","292","29.2","10","283","28.3","10","270","27","3","19","6.3","0","0","0","33","864","26.2","64","13.5"
"경기도교육청","경기도안산교육지원청","경기도 안산시 단원구","S090005669","선부고등학교","04","공립","N","","10","229","22.9","11","250","22.7","11","242","22","3","17","5.7","0","0","0","35","738","21.1","65","11.4"
"경기도교육청","경기도구리남양주교육지원청","경기도 남양주시","S090005670","오남고등학교","04","공립","N","","12","375","31.3","12","377","31.4","12","380","31.7","3","21","7","0","0","0","39","1153","29.6","73","15.8"
"경기도교육청","경기도군포의왕교육지원청","경기도 의왕시","S090005671","의왕고등학교","04","공립","N","","8","184","23","8","203","25.4","8","195","24.4","2","8","4","0","0","0","26","590","22.7","52","11.3"
"경기도교육청","경기도평택교육지원청","경기도 평택시","S090005672","이충고등학교","04","공립","N","","10","321","32.1","10","318","31.8","10","315","31.5","3","25","8.3","0","0","0","33","979","29.7","64","15.3"
"경기도교육청","경기도김포교육지원청","경기도 김포시","S090005673","장기고등학교","04","공립","N","","10","332","33.2","12","389","32.4","12","389","32.4","2","13","6.5","1","4","4","37","1127","30.5","69","16.3"
"경기도교육청","경기도안산교육지원청","경기도 안산시 단원구","S090005674","신길고등학교","04","공립","N","","10","248","24.8","11","254","23.1","11","260","23.6","1","7","7","0","0","0","33","769","23.3","63","12.2"
"경기도교육청","경기도광주하남교육지원청","경기도 광주시","S090005675","광남고등학교","04","공립","N","","10","327","32.7","10","320","32","10","332","33.2","2","10","5","0","0","0","32","989","30.9","66","15"
"경기도교육청","경기도안산교육지원청","경기도 안산시 상록구","S090005676","광덕고등학교","04","공립","N","","10","242","24.2","10","245","24.5","10","247","24.7","1","1","1","0","0","0","31","735","23.7","61","12"
"경기도교육청","경기도용인교육지원청","경기도 용인시 기흥구","S090005677","흥덕고등학교","04","공립","N","","9","270","30","10","311","31.1","9","278","30.9","1","3","3","0","0","0","29","862","29.7","55","15.7"
"경기도교육청","경기도동두천양주교육지원청","경기도 양주시","S090005796","덕현고등학교","04","공립","N","","12","384","32","10","317","31.7","12","370","30.8","1","7","7","0","0","0","35","1078","30.8","69","15.6"
"경기도교육청","경기도고양교육지원청","경기도 고양시 덕양구","S090005797","서정고등학교","04","공립","N","","11","258","23.5","11","248","22.5","11","244","22.2","2","13","6.5","0","0","0","35","763","21.8","66","11.6"
"경기도교육청","경기도광명교육지원청","경기도 광명시","S090005798","운산고등학교","04","공립","N","","10","257","25.7","10","274","27.4","10","271","27.1","2","13","6.5","0","0","0","32","815","25.5","61","13.4"
"경기도교육청","경기도파주교육지원청","경기도 파주시","S090005799","운정고등학교","04","공립","N","","12","380","31.7","12","402","33.5","14","433","30.9","0","0","0","0","0","0","38","1215","32","75","16.2"
"경기도교육청","경기도구리남양주교육지원청","경기도 남양주시","S090005800","마석고등학교","04","공립","N","","11","356","32.4","11","361","32.8","11","353","32.1","3","21","7","0","0","0","36","1091","30.3","67","16.3"
"경기도교육청","경기도안산교육지원청","경기도 안산시 상록구","S090005801","상록고등학교","04","공립","N","","11","268","24.4","11","289","26.3","12","316","26.3","3","21","7","0","0","0","37","894","24.2","70","12.8"
"경기도교육청","경기도구리남양주교육지원청","경기도 남양주시","S090005803","진접고등학교","04","공립","N","","12","374","31.2","12","392","32.7","12","381","31.8","3","22","7.3","0","0","0","39","1169","30","76","15.4"
"경기도교육청","경기도평택교육지원청","경기도 평택시","S090005804","청북고등학교","04","공립","N","","10","314","31.4","10","321","32.1","10","308","30.8","1","9","9","0","0","0","31","952","30.7","61","15.6"
"경기도교육청","경기도화성오산교육지원청","경기도 오산시","S090005806","세마고등학교","04","공립","N","","10","343","34.3","10","335","33.5","10","330","33","1","9","9","0","0","0","31","1017","32.8","60","17"
"경기도교육청","경기도화성오산교육지원청","경기도 화성시 동탄구","S090005808","능동고등학교","04","공립","N","","8","278","34.8","9","276","30.7","10","336","33.6","1","9","9","0","0","0","28","899","32.1","54","16.6"
"경기도교육청","경기도김포교육지원청","경기도 김포시","S090005811","마송고등학교","04","공립","N","","8","161","20.1","8","200","25","8","165","20.6","1","6","6","1","3","3","26","535","20.6","49","10.9"
"경기도교육청","경기도군포의왕교육지원청","경기도 의왕시","S090005815","모락고등학교","04","공립","N","","8","186","23.3","8","191","23.9","8","196","24.5","2","13","6.5","0","0","0","26","586","22.5","50","11.7"
"경기도교육청","경기도광주하남교육지원청","경기도 광주시","S090005820","경화여자English Business고등학교","04","사립","N","","5","119","23.8","5","111","22.2","5","94","18.8","0","0","0","0","0","0","15","324","21.6","31","10.5"
"경기도교육청","경기도안성교육지원청","경기도 안성시","S090005831","경기창조고등학교","04","공립","N","","10","328","32.8","10","340","34","10","339","33.9","3","23","7.7","1","1","1","34","1031","30.3","65","15.9"
"경기도교육청","경기도성남교육지원청","경기도 성남시 분당구","S090005836","보평고등학교","04","공립","N","","8","206","25.8","8","187","23.4","8","206","25.8","1","4","4","0","0","0","25","603","24.1","47","12.8"
"경기도교육청","경기도성남교육지원청","경기도 성남시 분당구","S090005844","운중고등학교","04","공립","N","","8","204","25.5","8","204","25.5","8","222","27.8","1","4","4","0","0","0","25","634","25.4","47","13.5"
"경기도교육청","경기도구리남양주교육지원청","경기도 남양주시","S090005898","가운고등학교","04","공립","N","","11","339","30.8","11","325","29.5","11","322","29.3","1","7","7","0","0","0","34","993","29.2","67","14.8"
"경기도교육청","경기도파주교육지원청","경기도 파주시","S090005899","동패고등학교","04","공립","N","","12","389","32.4","12","383","31.9","14","428","30.6","2","16","8","0","0","0","40","1216","30.4","77","15.8"
"경기도교육청","경기도부천교육지원청","경기도 부천시 원미구","S090005900","역곡고등학교","04","공립","N","","6","152","25.3","6","149","24.8","6","163","27.2","1","7","7","0","0","0","19","471","24.8","36","13.1"
"경기도교육청","경기도성남교육지원청","경기도 성남시 분당구","S090005901","판교고등학교","04","공립","N","","8","201","25.1","8","197","24.6","8","198","24.8","1","5","5","0","0","0","25","601","24","49","12.3"
"경기도교육청","경기도화성오산교육지원청","경기도 오산시","S090005902","세교고등학교","04","공립","N","","10","335","33.5","10","333","33.3","10","322","32.2","2","14","7","0","0","0","32","1004","31.4","62","16.2"
"경기도교육청","경기도용인교육지원청","경기도 용인시 기흥구","S090005903","서천고등학교","04","공립","N","","9","256","28.4","9","275","30.6","9","285","31.7","1","7","7","0","0","0","28","823","29.4","56","14.7"
"경기도교육청","경기도용인교육지원청","경기도 용인시 수지구","S090005904","성복고등학교","04","공립","N","","12","365","30.4","12","377","31.4","12","368","30.7","1","5","5","0","0","0","37","1115","30.1","70","15.9"
"경기도교육청","경기도고양교육지원청","경기도 고양시 일산서구","S090005905","대화고등학교","04","공립","N","","10","256","25.6","11","288","26.2","11","303","27.5","1","4","4","0","0","0","33","851","25.8","63","13.5"
"경기도교육청","경기도이천교육지원청","경기도 이천시","S090005906","이현고등학교","04","공립","N","","10","255","25.5","10","270","27","10","264","26.4","3","21","7","0","0","0","33","810","24.5","64","12.7"
"경기도교육청","경기도광주하남교육지원청","경기도 광주시","S090005908","초월고등학교","04","공립","N","","12","387","32.3","12","396","33","12","408","34","3","19","6.3","1","5","5","40","1215","30.4","76","16"
"경기도교육청","경기도화성오산교육지원청","경기도 화성시 만세구","S090005909","향일고등학교","04","공립","N","","8","281","35.1","8","281","35.1","8","272","34","2","17","8.5","0","0","0","26","851","32.7","52","16.4"
"경기도교육청","경기도구리남양주교육지원청","경기도 남양주시","S090005910","판곡고등학교","04","공립","N","","12","363","30.3","12","391","32.6","12","366","30.5","2","8","4","0","0","0","38","1128","29.7","72","15.7"
"경기도교육청","경기도수원교육지원청","경기도 수원시 영통구","S090005984","광교고등학교","04","공립","N","","10","247","24.7","10","262","26.2","10","275","27.5","1","2","2","0","0","0","31","786","25.4","59","13.3"
"경기도교육청","경기도수원교육지원청","경기도 수원시 팔달구","S090006514","율천고등학교","04","공립","N","","6","137","22.8","6","145","24.2","6","148","24.7","1","7","7","0","0","0","19","437","23","36","12.1"
"경기도교육청","경기도고양교육지원청","경기도 고양시 일산서구","S090006518","덕이고등학교","04","공립","N","","11","253","23","11","275","25","11","287","26.1","0","0","0","0","0","0","33","815","24.7","63","12.9"
"경기도교육청","경기도의정부교육지원청","경기도 의정부시","S090006519","송양고등학교","04","공립","N","","12","320","26.7","12","330","27.5","12","359","29.9","1","8","8","0","0","0","37","1017","27.5","73","13.9"
"경기도교육청","경기도구리남양주교육지원청","경기도 남양주시","S090006520","별내고등학교","04","공립","N","","11","288","26.2","11","317","28.8","11","287","26.1","1","7","7","0","0","0","34","899","26.4","68","13.2"
"경기도교육청","경기도군포의왕교육지원청","경기도 군포시","S090006521","군포중앙고등학교","04","공립","N","","8","182","22.8","8","202","25.3","8","195","24.4","1","3","3","0","0","0","25","582","23.3","48","12.1"
"경기도교육청","경기도용인교육지원청","경기도 용인시 수지구","S090006522","상현고등학교","04","공립","N","","10","322","32.2","10","338","33.8","10","332","33.2","1","7","7","0","0","0","31","999","32.2","60","16.7"
"경기도교육청","경기도김포교육지원청","경기도 김포시","S090006523","솔터고등학교","04","공립","N","","10","334","33.4","10","343","34.3","12","400","33.3","1","9","9","0","0","0","33","1086","32.9","64","17"
"경기도교육청","경기도용인교육지원청","경기도 용인시 수지구","S090006525","신봉고등학교","04","공립","N","","12","386","32.2","12","384","32","12","384","32","1","6","6","0","0","0","37","1160","31.4","72","16.1"
"경기도교육청","경기도평택교육지원청","경기도 평택시","S090006539","비전고등학교","04","공립","N","","10","330","33","10","334","33.4","10","334","33.4","2","17","8.5","0","0","0","32","1015","31.7","63","16.1"
"경기도교육청","경기도안산교육지원청","경기도 안산시 상록구","S090006540","부곡고등학교","04","공립","N","","11","275","25","11","276","25.1","11","275","25","3","22","7.3","0","0","0","36","848","23.6","68","12.5"
"경기도교육청","경기도광주하남교육지원청","경기도 하남시","S090006541","풍산고등학교","04","공립","N","","8","252","31.5","8","245","30.6","8","245","30.6","1","5","5","0","0","0","25","747","29.9","49","15.2"
"경기도교육청","경기도수원교육지원청","경기도 수원시 권선구","S090006542","호매실고등학교","04","공립","N","","8","196","24.5","8","219","27.4","8","218","27.3","2","16","8","0","0","0","26","649","25","50","13"
"경기도교육청","경기도고양교육지원청","경기도 고양시 일산동구","S090006561","고양국제고등학교","04","공립","N","","8","205","25.6","8","195","24.4","8","189","23.6","0","0","0","0","0","0","24","589","24.5","62","9.5"
"경기도교육청","경기도고양교육지원청","경기도 고양시 일산동구","S090006562","저현고등학교","04","공립","N","","12","272","22.7","12","274","22.8","12","311","25.9","1","2","2","0","0","0","37","859","23.2","70","12.3"
"경기도교육청","경기도화성오산교육지원청","","S090006577","동탄국제고등학교","04","공립","N","","8","203","25.4","8","197","24.6","8","190","23.8","0","0","0","0","0","0","24","590","24.6","62","9.5"
"경기도교육청","경기도고양교육지원청","경기도 고양시 덕양구","S090006624","고양동산고등학교","04","공립","N","","8","192","24","8","189","23.6","8","199","24.9","1","8","8","0","0","0","25","588","23.5","48","12.3"
"경기도교육청","경기도광명교육지원청","경기도 광명시","S090006645","광휘고등학교","04","공립","N","","9","216","24","10","268","26.8","10","271","27.1","1","7","7","0","0","0","30","762","25.4","61","12.5"
"경기도교육청","경기도화성오산교육지원청","경기도 화성시 병점구","S090006700","화성반월고등학교","04","공립","N","","10","355","35.5","10","341","34.1","10","336","33.6","1","5","5","1","2","2","32","1039","32.5","62","16.8"
"경기도교육청","경기도화성오산교육지원청","경기도 오산시","S090006701","매홀고등학교","04","공립","N","","10","346","34.6","10","322","32.2","10","323","32.3","1","8","8","0","0","0","31","999","32.2","63","15.9"
"경기도교육청","경기도수원교육지원청","경기도 수원시 권선구","S090006702","수원칠보고등학교","04","공립","N","","10","248","24.8","10","272","27.2","10","277","27.7","2","12","6","0","0","0","32","809","25.3","61","13.3"
"경기도교육청","경기도수원교육지원청","경기도 수원시 권선구","S090006703","곡정고등학교","04","공립","N","","10","243","24.3","10","271","27.1","10","284","28.4","1","10","10","0","0","0","31","808","26.1","61","13.2"
"경기도교육청","경기도김포교육지원청","경기도 김포시","S090006717","운양고등학교","04","공립","N","","10","328","32.8","10","348","34.8","12","393","32.8","1","1","1","0","0","0","33","1070","32.4","64","16.7"
"경기도교육청","경기도파주교육지원청","경기도 파주시","S090006763","한민고등학교","04","사립","N","","13","377","29","13","361","27.8","13","339","26.1","0","0","0","0","0","0","39","1077","27.6","77","14"
"경기도교육청","경기도고양교육지원청","경기도 고양시 덕양구","S090006764","도래울고등학교","04","공립","N","","9","211","23.4","9","213","23.7","9","210","23.3","1","4","4","0","0","0","28","638","22.8","54","11.8"
"경기도교육청","경기도동두천양주교육지원청","경기도 양주시","S090006765","옥정고등학교","04","공립","N","","10","335","33.5","10","314","31.4","10","307","30.7","2","12","6","0","0","0","32","968","30.3","62","15.6"
"경기도교육청","경기도광주하남교육지원청","경기도 하남시","S090006810","미사고등학교","04","공립","N","","10","323","32.3","10","313","31.3","10","302","30.2","1","5","5","0","0","0","31","943","30.4","61","15.5"
"경기도교육청","경기도화성오산교육지원청","","S090006811","한백고등학교","04","공립","N","","10","351","35.1","10","348","34.8","11","383","34.8","1","7","7","0","0","0","32","1089","34","60","18.2"
"경기도교육청","경기도화성오산교육지원청","경기도 화성시 동탄구","S090006812","동탄중앙고등학교","04","공립","N","","10","358","35.8","11","373","33.9","10","314","31.4","2","14","7","0","0","0","33","1059","32.1","62","17.1"
"경기도교육청","경기도수원교육지원청","경기도 수원시 영통구","S090006813","이의고등학교","04","공립","N","","12","299","24.9","12","324","27","12","334","27.8","1","3","3","0","0","0","37","960","25.9","70","13.7"
"경기도교육청","경기도김포교육지원청","경기도 김포시","S090006814","김포제일고등학교","04","공립","N","","12","391","32.6","12","408","34","12","393","32.8","0","0","0","0","0","0","36","1192","33.1","69","17.3"
"경기도교육청","경기도파주교육지원청","경기도 파주시","S090006903","지산고등학교","04","공립","N","","12","392","32.7","12","398","33.2","14","440","31.4","2","16","8","0","0","0","40","1246","31.2","76","16.4"
"경기도교육청","경기도구리남양주교육지원청","경기도 남양주시","S090006905","별가람고등학교","04","공립","N","","9","241","26.8","11","281","25.5","11","302","27.5","4","18","4.5","0","0","0","35","842","24.1","67","12.6"
"경기도교육청","경기도구리남양주교육지원청","경기도 구리시","S090006906","갈매고등학교","04","공립","N","","9","227","25.2","9","188","20.9","10","260","26","1","7","7","0","0","0","29","682","23.5","59","11.6"
"경기도교육청","경기도파주교육지원청","경기도 파주시","S090006908","한빛고등학교","04","공립","N","","12","388","32.3","12","391","32.6","14","418","29.9","2","17","8.5","0","0","0","40","1214","30.4","77","15.8"
"경기도교육청","경기도광주하남교육지원청","경기도 하남시","S090006919","미사강변고등학교","04","공립","N","","10","329","32.9","10","325","32.5","10","300","30","1","6","6","0","0","0","31","960","31","65","14.8"
"경기도교육청","경기도광주하남교육지원청","경기도 광주시","S090006920","태전고등학교","04","공립","N","","10","322","32.2","10","336","33.6","10","326","32.6","1","5","5","0","0","0","31","989","31.9","63","15.7"
"경기도교육청","경기도용인교육지원청","경기도 용인시 처인구","S090006921","용인삼계고등학교","04","공립","N","","9","254","28.2","9","255","28.3","9","263","29.2","1","1","1","0","0","0","28","773","27.6","54","14.3"
"경기도교육청","경기도용인교육지원청","경기도 용인시 처인구","S090006924","고림고등학교","04","공립","N","","12","350","29.2","12","361","30.1","12","381","31.8","1","9","9","1","3","3","38","1104","29.1","72","15.3"
"경기도교육청","경기도시흥교육지원청","경기도 시흥시","S090006925","배곧고등학교","04","공립","N","","10","334","33.4","10","333","33.3","10","334","33.4","1","9","9","0","0","0","31","1010","32.6","60","16.8"
"경기도교육청","경기도광주하남교육지원청","경기도 하남시","S090007014","위례고등학교","04","공립","N","","10","278","27.8","10","260","26","10","275","27.5","1","4","4","0","0","0","31","817","26.4","64","12.8"
"경기도교육청","경기도화성오산교육지원청","경기도 화성시 만세구","S090007015","하길고등학교","04","공립","N","","10","333","33.3","11","338","30.7","10","323","32.3","0","0","0","0","0","0","31","994","32.1","59","16.8"
"경기도교육청","경기도성남교육지원청","경기도 성남시 수정구","S090007016","위례한빛고등학교","04","공립","N","","12","263","21.9","12","294","24.5","12","292","24.3","2","15","7.5","0","0","0","38","864","22.7","75","11.5"
"경기도교육청","경기도화성오산교육지원청","경기도 화성시 동탄구","S090007130","이산고등학교","04","공립","N","","13","421","32.4","13","423","32.5","13","412","31.7","1","6","6","0","0","0","40","1262","31.6","79","16"
"경기도교육청","경기도화성오산교육지원청","경기도 화성시 동탄구","S090007131","창의고등학교","04","공립","N","","12","419","34.9","12","425","35.4","13","447","34.4","0","0","0","0","0","0","37","1291","34.9","71","18.2"
"경기도교육청","경기도화성오산교육지원청","","S090007243","정현고등학교","04","공립","N","","12","417","34.8","12","424","35.3","13","416","32","1","6","6","0","0","0","38","1263","33.2","77","16.4"
"경기도교육청","경기도화성오산교육지원청","경기도 화성시 효행구","S090007278","와우고등학교","04","공립","N","","10","356","35.6","12","433","36.1","14","472","33.7","2","17","8.5","0","0","0","38","1278","33.6","75","17"
"경기도교육청","경기도김포교육지원청","경기도 김포시","S090007314","고촌고등학교","04","공립","N","","10","333","33.3","10","343","34.3","11","336","30.5","1","5","5","0","0","0","32","1017","31.8","62","16.4"
"경기도교육청","경기도화성오산교육지원청","경기도 화성시 만세구","S090007315","새솔고등학교","04","공립","N","","9","245","27.2","8","223","27.9","8","225","28.1","1","3","3","1","3","3","27","699","25.9","51","13.7"
"경기도교육청","경기도화성오산교육지원청","경기도 화성시 동탄구","S090007316","서연고등학교","04","공립","N","","12","354","29.5","12","416","34.7","13","413","31.8","0","0","0","0","0","0","37","1183","32","73","16.2"
"경기도교육청","경기도구리남양주교육지원청","경기도 남양주시","S090007317","남양주다산고등학교","04","공립","N","","11","326","29.6","11","324","29.5","11","314","28.5","2","15","7.5","0","0","0","35","979","28","69","14.2"
"경기도교육청","경기도시흥교육지원청","경기도 시흥시","S090007318","목감고등학교","04","공립","N","","10","255","25.5","10","245","24.5","10","249","24.9","1","7","7","0","0","0","31","756","24.4","61","12.4"
"경기도교육청","경기도광주하남교육지원청","경기도 하남시","S090007408","감일고등학교","04","공립","N","","10","273","27.3","10","265","26.5","10","262","26.2","1","4","4","0","0","0","31","804","25.9","61","13.2"
"경기도교육청","경기도동두천양주교육지원청","경기도 양주시","S090007409","옥빛고등학교","04","공립","N","","12","389","32.4","12","383","31.9","11","330","30","2","15","7.5","0","0","0","37","1117","30.2","70","16"
"경기도교육청","경기도용인교육지원청","경기도 용인시 처인구","S090007439","처인고등학교","04","공립","N","","9","253","28.1","9","257","28.6","8","204","25.5","1","2","2","0","0","0","27","716","26.5","53","13.5"
"경기도교육청","경기도고양교육지원청","경기도 고양시 덕양구","S090007444","신원고등학교","04","공립","N","","10","239","23.9","10","252","25.2","10","254","25.4","1","9","9","0","0","0","31","754","24.3","61","12.4"
"경기도교육청","경기도고양교육지원청","경기도 고양시 덕양구","S090007445","향동고등학교","04","공립","N","","9","187","20.8","9","176","19.6","9","177","19.7","1","2","2","0","0","0","28","542","19.4","56","9.7"
"경기도교육청","경기도화성오산교육지원청","경기도 화성시 동탄구","S090007568","이솔고등학교","04","공립","N","","12","308","25.7","12","396","33","14","437","31.2","0","0","0","0","0","0","38","1141","30","77","14.8"
"경기도교육청","경기도파주교육지원청","경기도 파주시","S090007625","심학고등학교","04","공립","N","","12","382","31.8","12","388","32.3","0","0","0","1","5","5","0","0","0","25","775","31","50","15.5"
"경기도교육청","경기도화성오산교육지원청","","S090007863","치동고등학교","04","공립","N","","13","435","33.5","16","487","30.4","0","0","0","0","0","0","0","0","0","29","922","31.8","57","16.2"
"경기도교육청","경기도김포교육지원청","경기도 김포시","S090007869","운유고등학교","04","공립","N","","12","398","33.2","14","469","33.5","0","0","0","1","7","7","0","0","0","27","874","32.4","54","16.2"
"경기도교육청","경기도화성오산교육지원청","경기도 화성시 효행구","S090007907","화담고등학교","04","공립","N","","12","396","33","0","0","0","0","0","0","1","3","3","0","0","0","13","399","30.7","24","16.6"
"경기도교육청","경기도화성오산교육지원청","경기도 화성시 동탄구","S090007916","신동고등학교","04","공립","N","","6","129","21.5","0","0","0","0","0","0","1","1","1","0","0","0","7","130","18.6","15","8.7"
"경기도교육청","경기도김포교육지원청","경기도 김포시","S090007922","김포호수고등학교","04","공립","N","","12","377","31.4","0","0","0","0","0","0","1","3","3","0","0","0","13","380","29.2","25","15.2"
"경기도교육청","경기도군포의왕교육지원청","경기도 의왕시","S090008026","내손고등학교","04","공립","N","","1","22","22","0","0","0","0","0","0","0","0","0","0","0","0","1","22","22","5","4.4"
"경기도교육청","경기도수원교육지원청","경기도 수원시 영통구","S090008033","중앙기독고등학교","04","사립","N","","3","59","19.7","0","0","0","0","0","0","0","0","0","0","0","0","3","59","19.7","6","9.8"