"시도교육청","교육지원청","지역","정보공시 학교코드","학교명","학교급코드","설립구분","제외여부","제외사유","1학년","2학년","3학년","주당평균수업시수(교사 1인당)","주당수업시수","수업교원수"
"경기도교육청","경기도교육청","경기도 가평군","S090000445","가평고등학교","04","공립","N","","190","190","190","18.6","946","51"
"경기도교육청","경기도교육청","경기도 수원시 장안구","S090000447","경기과학고등학교","04","공립","N","","184","184","184","12.9","931","72"
"경기도교육청","경기도교육청","경기도 수원시 권선구","S090000448","경기대명고등학교","04","공립","N","","190","190","190","8.5","204","24"
"경기도교육청","경기도교육청","경기도 수원시 장안구","S090000449","경기체육고등학교","04","공립","N","","191","191","191","17.3","518","30"
"경기도교육청","경기도교육청","경기도 이천시","S090000450","이천세무고등학교","04","공립","N","","190","190","190","12.1","181","15"
"경기도교육청","경기도교육청","경기도 의정부시","S090000451","경민고등학교","04","사립","N","","190","190","190","16.9","997","59"
"경기도교육청","경기도교육청","경기도 의정부시","S090000453","경민비즈니스고등학교","04","사립","N","","190","190","190","15.9","856","54"
"경기도교육청","경기도교육청","경기도 의정부시","S090000455","경민IT고등학교","04","사립","N","","190","190","190","15.1","816","54"
"경기도교육청","경기도교육청","경기도 안산시 단원구","S090000457","경안고등학교","04","사립","N","","191","191","192","16.3","1222","75"
"경기도교육청","경기도교육청","경기도 안산시 단원구","S090000458","경일고등학교","04","사립","N","","190","190","190","14.6","1124","77"
"경기도교육청","경기도교육청","경기도 광주시","S090000460","경화여자고등학교","04","사립","N","","190","190","191","17.1","1162","68"
"경기도교육청","경기도교육청","경기도 부천시 원미구","S090000463","계남고등학교","04","공립","N","","191","191","191","17.4","975","56"
"경기도교육청","경기도교육청","경기도 성남시 분당구","S090000466","계원예술고등학교","04","사립","N","","191","191","191","16.8","741","44"
"경기도교육청","경기도교육청","경기도 고양시 일산서구","S090000468","백송고등학교","04","사립","N","","196","196","196","17.1","495","29"
"경기도교육청","경기도교육청","경기도 고양시 덕양구","S090000469","고양외국어고등학교","04","사립","N","","190","190","190","14.4","792","55"
"경기도교육청","경기도교육청","경기도 고양시 덕양구","S090000470","고양고등학교","04","공립","N","","192","192","192","16.6","979","59"
"경기도교육청","경기도교육청","경기도 안산시 단원구","S090000471","고잔고등학교","04","공립","N","","190","190","190","17.4","1234","71"
"경기도교육청","경기도교육청","경기도 과천시","S090000472","과천고등학교","04","공립","N","","190","190","190","18.0","866","48"
"경기도교육청","경기도교육청","경기도 과천시","S090000473","과천여자고등학교","04","사립","N","","190","190","190","17.0","662","39"
"경기도교육청","경기도교육청","경기도 과천시","S090000474","과천외국어고등학교","04","사립","N","","190","190","190","14.6","834","57"
"경기도교육청","경기도교육청","경기도 과천시","S090000475","과천중앙고등학교","04","공립","N","","191","191","191","15.9","731","46"
"경기도교육청","경기도교육청","경기도 안양시 동안구","S090000476","경기게임마이스터고등학교","04","공립","N","","190","190","190","15.4","416","27"
"경기도교육청","경기도교육청","경기도 안양시 동안구","S090000477","관양고등학교","04","공립","N","","190","190","190","17.3","1225","71"
"경기도교육청","경기도교육청","경기도 포천시","S090000478","관인고등학교","04","공립","N","","190","190","190","12.3","197","16"
"경기도교육청","경기도교육청","경기도 남양주시","S090000479","광동고등학교","04","사립","N","","195","195","195","17.4","1201","69"
"경기도교육청","경기도교육청","경기도 의정부시","S090000480","의정부광동고등학교","04","사립","N","","190","190","190","16.4","900","55"
"경기도교육청","경기도교육청","경기도 광명시","S090000482","광명고등학교","04","공립","N","","190","190","190","17.2","1171","68"
"경기도교육청","경기도교육청","경기도 광명시","S090000483","경기항공고등학교","04","사립","N","","190","190","190","14.5","376","26"
"경기도교육청","경기도교육청","경기도 광명시","S090000484","광명북고등학교","04","공립","N","","191","191","191","17.2","1253","73"
"경기도교육청","경기도교육청","경기도 광명시","S090000487","명문고등학교","04","공립","N","","192","192","191","17.4","1146","66"
"경기도교육청","경기도교육청","경기도 광명시","S090000488","창의경영고등학교","04","공립","N","","190","190","190","13.6","788","58"
"경기도교육청","경기도교육청","경기도 광명시","S090000489","광문고등학교","04","공립","N","","191","191","191","16.8","1126","67"
"경기도교육청","경기도교육청","경기도 광주시","S090000490","광주고등학교","04","공립","N","","191","191","191","17.2","1100","64"
"경기도교육청","경기도교육청","경기도 광주시","S090000492","곤지암고등학교","04","공립","N","","191","191","191","16.9","677","40"
"경기도교육청","경기도교육청","경기도 광주시","S090000493","광주중앙고등학교","04","공립","N","","191","191","191","16.7","1486","89"
"경기도교육청","경기도교육청","경기도 파주시","S090000494","광탄고등학교","04","사립","N","","191","191","191","16.1","403","25"
"경기도교육청","경기도교육청","경기도 구리시","S090000496","구리고등학교","04","공립","N","","190","190","190","16.2","775","48"
"경기도교육청","경기도교육청","경기도 구리시","S090000497","구리여자고등학교","04","공립","N","","190","190","190","18.2","908","50"
"경기도교육청","경기도교육청","경기도 시흥시","S090000499","군자디지털과학고등학교","04","공립","N","","190","190","190","17.9","1053","59"
"경기도교육청","경기도교육청","경기도 군포시","S090000502","군포고등학교","04","사립","N","","191","191","191","15.9","984","62"
"경기도교육청","경기도교육청","경기도 군포시","S090000504","군포e비즈니스고등학교","04","공립","N","","190","190","190","15.8","1055","67"
"경기도교육청","경기도교육청","경기도 수원시 권선구","S090000505","권선고등학교","04","공립","N","","191","191","191","17.6","1299","74"
"경기도교육청","경기도교육청","경기도 안양시 만안구","S090000507","근명고등학교","04","사립","N","","190","190","190","14.2","879","62"
"경기도교육청","경기도교육청","경기도 남양주시","S090000508","금곡고등학교","04","공립","N","","191","191","191","16.1","1205","75"
"경기도교육청","경기도교육청","경기도 용인시 기흥구","S090000509","기흥고등학교","04","공립","N","","191","191","191","17.8","1141","64"
"경기도교육청","경기도교육청","경기도 김포시","S090000510","김포고등학교","04","공립","N","","191","191","191","17.4","1076","62"
"경기도교육청","경기도교육청","경기도 김포시","S090000511","김포과학기술고등학교","04","공립","N","","190","190","190","17.8","980","55"
"경기도교육청","경기도교육청","경기도 성남시 분당구","S090000515","낙생고등학교","04","사립","N","","191","191","191","17.6","1022","58"
"경기도교육청","경기도교육청","경기도 양주시","S090000517","한국외식과학고등학교","04","사립","N","","190","190","190","16.7","418","25"
"경기도교육청","경기도교육청","","S090000518","남양고등학교","04","공립","N","","190","190","190","16.5","744","45"
"경기도교육청","경기도교육청","경기도 남양주시","S090000519","남양주고등학교","04","공립","N","","190","190","190","17.7","903","51"
"경기도교육청","경기도교육청","경기도 하남시","S090000520","남한고등학교","04","공립","N","","193","193","193","16.3","864","53"
"경기도교육청","경기도교육청","경기도 고양시 덕양구","S090000521","능곡고등학교","04","공립","N","","192","192","192","17.5","1117","64"
"경기도교육청","경기도교육청","경기도 안산시 단원구","S090000524","대부고등학교","04","공립","N","","190","190","190","12.4","173","14"
"경기도교육청","경기도교육청","경기도 여주시","S090000525","대신고등학교","04","사립","N","","190","190","190","16.8","336","20"
"경기도교육청","경기도교육청","경기도 수원시 장안구","S090000527","대평고등학교","04","공립","N","","190","190","190","17.0","1072","63"
"경기도교육청","경기도교육청","경기도 부천시 오정구","S090000528","덕산고등학교","04","공립","N","","190","190","190","17.2","844","49"
"경기도교육청","경기도교육청","경기도 남양주시","S090000529","덕소고등학교","04","사립","N","","190","191","191","17.4","1232","71"
"경기도교육청","경기도교육청","경기도 양주시","S090000532","덕정고등학교","04","공립","N","","190","190","190","17.0","970","57"
"경기도교육청","경기도교육청","경기도 부천시 원미구","S090000533","도당고등학교","04","공립","N","","191","191","191","17.7","957","54"
"경기도교육청","경기도교육청","경기도 포천시","S090000534","동남고등학교","04","사립","N","","190","190","190","16.8","1025","61"
"경기도교육청","경기도교육청","경기도 동두천시","S090000536","동두천고등학교","04","사립","N","","191","191","191","16.3","490","30"
"경기도교육청","경기도교육청","경기도 동두천시","S090000538","한국문화영상고등학교","04","사립","N","","190","190","190","14.8","564","38"
"경기도교육청","경기도교육청","경기도 동두천시","S090000539","동두천중앙고등학교","04","공립","N","","191","191","191","18.2","875","48"
"경기도교육청","경기도교육청","경기도 안양시 동안구","S090000541","동안고등학교","04","공립","N","","191","191","191","16.2","1195","74"
"경기도교육청","경기도교육청","경기도 수원시 장안구","S090000542","동우여자고등학교","04","사립","N","","192","192","192","18.5","1107","60"
"경기도교육청","경기도교육청","경기도 수원시 장안구","S090000543","동원동우고등학교","04","사립","N","","192","192","192","17.2","1116","65"
"경기도교육청","경기도교육청","경기도 평택시","S090000544","동일공업고등학교","04","사립","N","","190","190","190","16.7","1120","67"
"경기도교육청","경기도교육청","경기도 남양주시","S090000545","동화고등학교","04","사립","N","","193","193","193","19.1","1639","86"
"경기도교육청","경기도교육청","","S090000546","두레자연고등학교","04","사립","N","","190","190","190","12.0","192","16"
"경기도교육청","경기도교육청","경기도 이천시","S090000548","마장고등학교","04","공립","N","","190","190","190","14.9","313","21"
"경기도교육청","경기도교육청","경기도 수원시 팔달구","S090000552","매향여자정보고등학교","04","사립","N","","191","191","191","15.2","1156","76"
"경기도교육청","경기도교육청","경기도 고양시 덕양구","S090000553","무원고등학교","04","공립","N","","191","191","191","17.2","1166","68"
"경기도교육청","경기도교육청","경기도 파주시","S090000554","문산고등학교","04","공립","N","","190","190","190","16.4","541","33"
"경기도교육청","경기도교육청","경기도 파주시","S090000555","문산수억고등학교","04","사립","N","","190","190","190","16.5","1037","63"
"경기도교육청","경기도교육청","경기도 파주시","S090000556","문산제일고등학교","04","공립","N","","190","190","190","16.6","1077","65"
"경기도교육청","경기도교육청","경기도 안산시 상록구","S090000558","경기모바일과학고등학교","04","공립","N","","190","190","190","16.0","815","51"
"경기도교육청","경기도교육청","경기도 화성시 만세구","S090000559","발안바이오과학고등학교","04","공립","N","","190","190","190","15.0","419","28"
"경기도교육청","경기도교육청","경기도 고양시 일산동구","S090000563","백마고등학교","04","공립","N","","190","190","190","17.2","1102","64"
"경기도교육청","경기도교육청","경기도 고양시 일산동구","S090000564","백석고등학교","04","공립","N","","191","191","191","16.3","1027","63"
"경기도교육청","경기도교육청","경기도 고양시 일산동구","S090000565","백신고등학교","04","공립","N","","191","191","191","16.1","1043","65"
"경기도교육청","경기도교육청","경기도 용인시 처인구","S090000566","백암고등학교","04","공립","N","","191","191","191","16.7","385","23"
"경기도교육청","경기도교육청","경기도 고양시 덕양구","S090000567","백양고등학교","04","공립","N","","192","192","192","16.8","1091","65"
"경기도교육청","경기도교육청","경기도 안양시 동안구","S090000568","백영고등학교","04","사립","N","","192","192","191","17.4","1216","70"
"경기도교육청","경기도교육청","경기도 의왕시","S090000569","백운고등학교","04","공립","N","","190","190","190","17.1","1128","66"
"경기도교육청","경기도교육청","경기도 동두천시","S090000572","한빛누리고등학교","04","사립","N","","193","193","193","19.5","817","42"
"경기도교육청","경기도교육청","경기도 부천시 원미구","S090000576","부명고등학교","04","공립","N","","191","191","191","17.1","959","56"
"경기도교육청","경기도교육청","경기도 부천시 원미구","S090000577","경기국제통상고등학교","04","공립","N","","190","190","190","15.0","913","61"
"경기도교육청","경기도교육청","경기도 부천시 원미구","S090000578","상동고등학교","04","공립","N","","190","190","190","17.2","910","53"
"경기도교육청","경기도교육청","경기도 부천시 소사구","S090000579","부천고등학교","04","공립","N","","190","190","190","17.3","966","56"
"경기도교육청","경기도교육청","경기도 부천시 소사구","S090000580","부천공업고등학교","04","공립","N","","190","190","190","16.9","1116","66"
"경기도교육청","경기도교육청","경기도 부천시 원미구","S090000581","부천북고등학교","04","공립","N","","191","191","191","17.1","958","56"
"경기도교육청","경기도교육청","경기도 부천시 원미구","S090000584","부천여자고등학교","04","공립","N","","190","190","190","17.3","815","47"
"경기도교육청","경기도교육청","경기도 부천시 원미구","S090000585","부천정보산업고등학교","04","공립","N","","190","190","190","15.6","1246","80"
"경기도교육청","경기도교육청","경기도 안양시 동안구","S090000586","부흥고등학교","04","공립","N","","196","196","196","17.6","1390","79"
"경기도교육청","경기도교육청","경기도 성남시 분당구","S090000587","분당고등학교","04","공립","N","","190","190","190","17.7","1063","60"
"경기도교육청","경기도교육청","경기도 성남시 분당구","S090000588","분당대진고등학교","04","사립","N","","190","190","190","17.2","1188","69"
"경기도교육청","경기도교육청","경기도 성남시 분당구","S090000589","분당경영고등학교","04","공립","N","","190","190","190","14.5","999","69"
"경기도교육청","경기도교육청","경기도 성남시 분당구","S090000590","분당중앙고등학교","04","공립","N","","191","191","191","17.5","943","54"
"경기도교육청","경기도교육청","경기도 성남시 분당구","S090000591","불곡고등학교","04","공립","N","","191","191","191","16.8","955","57"
"경기도교육청","경기도교육청","","S090000594","비봉고등학교","04","사립","N","","191","191","191","16.3","1110","68"
"경기도교육청","경기도교육청","경기도 김포시","S090000596","사우고등학교","04","공립","N","","191","191","191","17.0","1225","72"
"경기도교육청","경기도교육청","경기도 군포시","S090000597","산본고등학교","04","공립","N","","191","191","191","16.2","1310","81"
"경기도교육청","경기도교육청","경기도 군포시","S090000598","경기폴리텍고등학교","04","공립","N","","190","190","190","19.2","651","34"
"경기도교육청","경기도교육청","경기도 파주시","S090000599","삼광고등학교","04","사립","N","","190","190","190","12.6","189","15"
"경기도교육청","경기도교육청","경기도 화성시 만세구","S090000600","삼괴고등학교","04","사립","N","","190","190","190","19.0","912","48"
"경기도교육청","경기도교육청","경기도 수원시 팔달구","S090000602","삼일공업고등학교","04","사립","N","","201","200","201","15.6","1439","92"
"경기도교육청","경기도교육청","경기도 수원시 팔달구","S090000603","삼일고등학교","04","사립","N","","192","192","192","15.0","1171","78"
"경기도교육청","경기도교육청","경기도 구리시","S090000606","서울삼육고등학교","04","사립","N","","192","192","191","17.2","823","48"
"경기도교육청","경기도교육청","경기도 시흥시","S090000607","서해고등학교","04","공립","N","","190","190","190","17.0","1139","67"
"경기도교육청","경기도교육청","경기도 성남시 분당구","S090000608","서현고등학교","04","공립","N","","190","190","190","16.9","1011","60"
"경기도교육청","경기도교육청","경기도 가평군","S090000609","설악고등학교","04","공립","N","","191","191","191","13.9","237","17"
"경기도교육청","경기도교육청","경기도 성남시 중원구","S090000610","성남테크노과학고등학교","04","공립","N","","190","190","190","19.6","1019","52"
"경기도교육청","경기도교육청","경기도 성남시 중원구","S090000611","성남고등학교","04","공립","N","","190","190","190","17.6","878","50"
"경기도교육청","경기도교육청","경기도 성남시 중원구","S090000612","성남여자고등학교","04","공립","N","","192","192","192","15.9","888","56"
"경기도교육청","경기도교육청","경기도 성남시 분당구","S090000613","분당아람고등학교","04","공립","N","","190","190","190","14.8","1049","71"
"경기도교육청","경기도교육청","경기도 안양시 만안구","S090000614","성문고등학교","04","사립","N","","190","190","191","17.3","1123","65"
"경기도교육청","경기도교육청","경기도 성남시 수정구","S090000617","성보경영고등학교","04","사립","N","","190","190","190","15.3","1394","91"
"경기도교육청","경기도교육청","경기도 안산시 상록구","S090000618","성안고등학교","04","공립","N","","191","191","191","15.8","1137","72"
"경기도교육청","경기도교육청","경기도 성남시 중원구","S090000620","성일고등학교","04","사립","N","","191","191","191","17.3","1090","63"
"경기도교육청","경기도교육청","경기도 성남시 중원구","S090000622","동광고등학교","04","사립","N","","190","190","190","15.8","870","55"
"경기도교육청","경기도교육청","경기도 성남시 중원구","S090000624","성일정보고등학교","04","사립","N","","190","190","190","15.2","1307","86"
"경기도교육청","경기도교육청","경기도 오산시","S090000626","성호고등학교","04","공립","N","","191","191","191","15.2","944","62"
"경기도교육청","경기도교육청","경기도 고양시 일산동구","S090000627","세원고등학교","04","사립","N","","190","190","190","17.2","792","46"
"경기도교육청","경기도교육청","경기도 시흥시","S090000628","소래고등학교","04","공립","N","","190","190","190","17.2","1236","72"
"경기도교육청","경기도교육청","경기도 부천시 원미구","S090000630","소명여자고등학교","04","사립","N","","191","191","190","15.8","962","61"
"경기도교육청","경기도교육청","경기도 부천시 소사구","S090000631","소사고등학교","04","공립","N","","191","191","191","16.2","940","58"
"경기도교육청","경기도교육청","경기도 광명시","S090000632","소하고등학교","04","공립","N","","191","191","191","17.3","1174","68"
"경기도교육청","경기도교육청","경기도 성남시 분당구","S090000633","송림고등학교","04","사립","N","","192","192","192","17.0","985","58"
"경기도교육청","경기도교육청","경기도 화성시 만세구","S090000634","송산고등학교","04","사립","N","","191","191","191","18.2","437","24"
"경기도교육청","경기도교육청","경기도 평택시","S090000636","송탄고등학교","04","공립","N","","190","190","190","17.4","748","43"
"경기도교육청","경기도교육청","경기도 평택시","S090000637","라온고등학교","04","사립","N","","191","191","191","16.9","591","35"
"경기도교육청","경기도교육청","경기도 의정부시","S090000638","송현고등학교","04","공립","N","","190","190","190","17.4","1168","67"
"경기도교육청","경기도교육청","경기도 성남시 분당구","S090000639","수내고등학교","04","공립","N","","191","191","191","17.1","925","54"
"경기도교육청","경기도교육청","경기도 군포시","S090000640","수리고등학교","04","공립","N","","190","190","190","17.2","1426","83"
"경기도교육청","경기도교육청","경기도 수원시 장안구","S090000641","수성고등학교","04","공립","N","","191","191","191","16.8","1190","71"
"경기도교육청","경기도교육청","경기도 화성시 효행구","S090000644","홍익디자인고등학교","04","사립","N","","190","190","190","15.5","388","25"
"경기도교육청","경기도교육청","경기도 수원시 팔달구","S090000645","수원고등학교","04","사립","N","","193","193","192","16.4","1228","75"
"경기도교육청","경기도교육청","경기도 수원시 팔달구","S090000646","수원공업고등학교","04","사립","N","","190","190","190","16.8","1658","99"
"경기도교육청","경기도교육청","경기도 수원시 장안구","S090000648","수원농생명과학고등학교","04","공립","N","","190","190","190","16.4","1311","80"
"경기도교육청","경기도교육청","경기도 수원시 팔달구","S090000649","수원여자고등학교","04","공립","N","","191","191","191","16.6","1111","67"
"경기도교육청","경기도교육청","경기도 수원시 영통구","S090000651","수원정보과학고등학교","04","공립","N","","190","190","190","17.7","1044","59"
"경기도교육청","경기도교육청","경기도 수원시 권선구","S090000653","한봄고등학교","04","사립","N","","190","190","190","15.4","998","65"
"경기도교육청","경기도교육청","경기도 수원시 장안구","S090000654","수일고등학교","04","공립","N","","191","191","191","15.9","1000","63"
"경기도교육청","경기도교육청","경기도 용인시 수지구","S090000655","수지고등학교","04","공립","N","","193","194","194","17.3","1417","82"
"경기도교육청","경기도교육청","경기도 구리시","S090000656","수택고등학교","04","공립","N","","191","191","191","17.6","1019","58"
"경기도교육청","경기도교육청","경기도 수원시 팔달구","S090000657","숙지고등학교","04","공립","N","","190","190","190","16.2","1131","70"
"경기도교육청","경기도교육청","경기도 성남시 중원구","S090000658","숭신고등학교","04","사립","N","","191","191","191","15.8","898","57"
"경기도교육청","경기도교육청","경기도 부천시 소사구","S090000659","시온고등학교","04","사립","N","","192","192","192","17.4","1111","64"
"경기도교육청","경기도교육청","경기도 시흥시","S090000660","경기스마트고등학교","04","공립","N","","190","190","190","19.3","1291","67"
"경기도교육청","경기도교육청","경기도 용인시 기흥구","S090000661","신갈고등학교","04","사립","N","","192","192","192","17.0","1004","59"
"경기도교육청","경기도교육청","경기도 안양시 만안구","S090000662","신성고등학교","04","사립","N","","190","190","190","17.1","1182","69"
"경기도교육청","경기도교육청","경기도 고양시 일산서구","S090000665","신일비즈니스고등학교","04","공립","N","","190","190","190","16.1","851","53"
"경기도교육청","경기도교육청","경기도 평택시","S090000666","신한고등학교","04","사립","N","","190","190","190","17.3","1055","61"
"경기도교육청","경기도교육청","경기도 동두천시","S090000667","신흥고등학교","04","사립","N","","190","190","191","15.9","382","24"
"경기도교육청","경기도교육청","경기도 남양주시","S090000669","심석고등학교","04","사립","N","","192","192","191","17.1","1198","70"
"경기도교육청","경기도교육청","경기도 부천시 원미구","S090000671","심원고등학교","04","공립","N","","190","190","190","16.4","886","54"
"경기도교육청","경기도교육청","경기도 안성시","S090000672","안법고등학교","04","사립","N","","192","192","192","17.4","802","46"
"경기도교육청","경기도교육청","경기도 안산시 단원구","S090000673","안산강서고등학교","04","사립","N","","190","190","190","16.8","1192","71"
"경기도교육청","경기도교육청","경기도 안산시 상록구","S090000674","안산국제비즈니스고등학교","04","사립","N","","190","190","190","16.1","1242","77"
"경기도교육청","경기도교육청","경기도 안산시 상록구","S090000675","안산고등학교","04","사립","N","","191","191","190","17.3","1092","63"
"경기도교육청","경기도교육청","경기도 안산시 상록구","S090000676","안산공업고등학교","04","사립","N","","191","191","191","14.8","1468","99"
"경기도교육청","경기도교육청","경기도 안산시 상록구","S090000677","안산동산고등학교","04","사립","N","","193","193","192","15.5","1205","78"
"경기도교육청","경기도교육청","경기도 안산시 상록구","S090000680","안산디자인문화고등학교","04","사립","N","","191","191","191","15.3","1211","79"
"경기도교육청","경기도교육청","경기도 안성시","S090000684","안성고등학교","04","공립","N","","192","192","192","16.8","791","47"
"경기도교육청","경기도교육청","경기도 안성시","S090000685","두원공업고등학교","04","사립","N","","190","190","190","18.7","971","52"
"경기도교육청","경기도교육청","경기도 안성시","S090000686","안성여자고등학교","04","공립","N","","191","191","191","18.1","725","40"
"경기도교육청","경기도교육청","경기도 안성시","S090000689","가온고등학교","04","사립","N","","190","190","190","16.8","1022","61"
"경기도교육청","경기도교육청","경기도 안양시 만안구","S090000690","안양고등학교","04","공립","N","","190","190","190","16.5","1217","74"
"경기도교육청","경기도교육청","경기도 안양시 만안구","S090000691","안양공업고등학교","04","공립","N","","190","190","190","18.7","1291","69"
"경기도교육청","경기도교육청","경기도 안양시 만안구","S090000693","안양여자고등학교","04","사립","N","","191","191","190","17.2","739","43"
"경기도교육청","경기도교육청","경기도 안양시 만안구","S090000694","안양문화고등학교","04","사립","N","","191","191","191","15.8","772","49"
"경기도교육청","경기도교육청","경기도 안양시 만안구","S090000696","안양예술고등학교","04","사립","N","","192","192","192","16.5","777","47"
"경기도교육청","경기도교육청","경기도 안양시 만안구","S090000697","안양외국어고등학교","04","사립","N","","192","192","191","14.6","992","68"
"경기도교육청","경기도교육청","경기도 평택시","S090000699","경기물류고등학교","04","공립","N","","191","190","190","15.9","668","42"
"경기도교육청","경기도교육청","경기도 평택시","S090000701","안중고등학교","04","사립","N","","190","190","191","16.8","756","45"
"경기도교육청","경기도교육청","경기도 성남시 분당구","S090000702","야탑고등학교","04","사립","N","","191","191","191","16.9","962","57"
"경기도교육청","경기도교육청","경기도 김포시","S090000703","양곡고등학교","04","사립","N","","190","190","190","17.4","764","44"
"경기도교육청","경기도교육청","경기도 양평군","S090000704","양동고등학교","04","사립","N","","190","190","190","14.0","307","22"
"경기도교육청","경기도교육청","경기도 안양시 만안구","S090000705","양명고등학교","04","사립","N","","191","191","191","15.9","1112","70"
"경기도교육청","경기도교육청","경기도 안양시 만안구","S090000706","양명여자고등학교","04","사립","N","","191","191","191","17.4","1026","59"
"경기도교육청","경기도교육청","경기도 양평군","S090000707","양서고등학교","04","사립","N","","190","190","190","16.0","848","53"
"경기도교육청","경기도교육청","경기도 성남시 분당구","S090000708","양영디지털고등학교","04","공립","N","","190","190","190","17.9","932","52"
"경기도교육청","경기도교육청","경기도 양평군","S090000711","양일고등학교","04","사립","N","","190","190","190","17.9","876","49"
"경기도교육청","경기도교육청","경기도 안산시 단원구","S090000713","양지고등학교","04","공립","N","","191","191","192","17.8","1189","67"
"경기도교육청","경기도교육청","경기도 양평군","S090000714","양평전자과학고등학교","04","공립","N","","190","190","190","16.9","456","27"
"경기도교육청","경기도교육청","경기도 양평군","S090000716","양평고등학교","04","공립","N","","190","190","190","15.8","805","51"
"경기도교육청","경기도교육청","경기도 여주시","S090000717","여강고등학교","04","사립","N","","190","190","190","15.1","316","21"
"경기도교육청","경기도교육청","경기도 여주시","S090000718","여주고등학교","04","사립","N","","191","191","191","17.7","603","34"
"경기도교육청","경기도교육청","경기도 여주시","S090000720","세종고등학교","04","공립","N","","190","190","190","15.9","666","42"
"경기도교육청","경기도교육청","경기도 여주시","S090000722","여주자영농업고등학교","04","공립","N","","191","191","191","14.2","920","65"
"경기도교육청","경기도교육청","경기도 여주시","S090000723","여주제일고등학교","04","사립","N","","190","190","190","17.0","645","38"
"경기도교육청","경기도교육청","경기도 연천군","S090000726","연천고등학교","04","공립","N","","190","190","190","15.6","453","29"
"경기도교육청","경기도교육청","경기도 수원시 영통구","S090000728","영덕고등학교","04","공립","N","","190","190","190","17.3","1213","70"
"경기도교육청","경기도교육청","경기도 성남시 분당구","S090000729","분당영덕여자고등학교","04","사립","N","","191","191","190","17.0","1003","59"
"경기도교육청","경기도교육청","경기도 수원시 팔달구","S090000730","영복여자고등학교","04","사립","N","","192","192","192","16.1","1012","63"
"경기도교육청","경기도교육청","경기도 포천시","S090000731","영북고등학교","04","공립","N","","190","190","190","15.7","313","20"
"경기도교육청","경기도교육청","경기도 수원시 장안구","S090000732","영생고등학교","04","사립","N","","191","191","191","19.5","1231","63"
"경기도교육청","경기도교육청","경기도 의정부시","S090000733","동국대학교사범대학부속영석고등학교","04","사립","N","","190","190","190","15.9","940","59"
"경기도교육청","경기도교육청","경기도 수원시 권선구","S090000734","영신여자고등학교","04","사립","N","","194","194","193","15.8","1012","64"
"경기도교육청","경기도교육청","경기도 오산시","S090000736","오산고등학교","04","사립","N","","194","194","194","16.9","979","58"
"경기도교육청","경기도교육청","경기도 오산시","S090000737","오산정보고등학교","04","공립","N","","190","190","190","15.1","922","61"
"경기도교육청","경기도교육청","경기도 양평군","S090000739","용문고등학교","04","사립","N","","190","190","190","16.8","621","37"
"경기도교육청","경기도교육청","경기도 용인시 처인구","S090000740","용인고등학교","04","공립","N","","191","191","191","17.6","1334","76"
"경기도교육청","경기도교육청","경기도 용인시 처인구","S090000741","용인바이오고등학교","04","공립","N","","190","190","190","15.5","341","22"
"경기도교육청","경기도교육청","경기도 용인시 처인구","S090000744","덕영고등학교","04","사립","N","","191","191","191","16.6","1030","62"
"경기도교육청","경기도교육청","경기도 군포시","S090000745","용호고등학교","04","공립","N","","191","191","191","17.1","1422","83"
"경기도교육청","경기도교육청","경기도 의왕시","S090000746","우성고등학교","04","사립","N","","192","192","191","15.9","984","62"
"경기도교육청","경기도교육청","경기도 안산시 단원구","S090000747","원곡고등학교","04","공립","N","","191","191","191","15.6","1198","77"
"경기도교육청","경기도교육청","경기도 부천시 원미구","S090000748","원미고등학교","04","공립","N","","192","192","192","17.2","943","55"
"경기도교육청","경기도교육청","경기도 부천시 오정구","S090000749","원종고등학교","04","공립","N","","191","191","191","17.1","942","55"
"경기도교육청","경기도교육청","경기도 수원시 팔달구","S090000750","유신고등학교","04","사립","N","","190","190","190","17.3","1334","77"
"경기도교육청","경기도교육청","경기도 파주시","S090000751","율곡고등학교","04","사립","N","","191","191","191","16.5","625","38"
"경기도교육청","경기도교육청","경기도 이천시","S090000753","율면고등학교","04","공립","N","","190","190","190","9.8","117","12"
"경기도교육청","경기도교육청","경기도 시흥시","S090000754","은행고등학교","04","공립","N","","190","190","190","17.2","1223","71"
"경기도교육청","경기도교육청","경기도 평택시","S090000755","은혜고등학교","04","사립","N","","190","190","190","17.5","1035","59"
"경기도교육청","경기도교육청","경기도 의정부시","S090000756","의정부고등학교","04","공립","N","","190","190","190","16.1","964","60"
"경기도교육청","경기도교육청","경기도 의정부시","S090000757","한국모빌리티고등학교","04","공립","N","","190","190","190","19.1","1734","91"
"경기도교육청","경기도교육청","경기도 의정부시","S090000758","의정부여자고등학교","04","공립","N","","191","191","191","16.0","930","58"
"경기도교육청","경기도교육청","경기도 성남시 분당구","S090000759","이매고등학교","04","공립","N","","191","191","191","17.1","993","58"
"경기도교육청","경기도교육청","경기도 이천시","S090000760","이천고등학교","04","공립","N","","190","190","190","17.3","1057","61"
"경기도교육청","경기도교육청","경기도 이천시","S090000762","이천제일고등학교","04","공립","N","","190","190","190","18.9","1943","103"
"경기도교육청","경기도교육청","경기도 이천시","S090000763","이천양정여자고등학교","04","사립","N","","190","190","190","17.2","996","58"
"경기도교육청","경기도교육청","경기도 이천시","S090000765","다산고등학교","04","사립","N","","190","190","190","14.7","736","50"
"경기도교육청","경기도교육청","경기도 여주시","S090000767","이포고등학교","04","공립","N","","190","190","190","12.9","233","18"
"경기도교육청","경기도교육청","경기도 구리시","S090000769","인창고등학교","04","공립","N","","190","190","190","15.7","815","52"
"경기도교육청","경기도교육청","경기도 포천시","S090000770","일동고등학교","04","공립","N","","191","191","191","15.2","486","32"
"경기도교육청","경기도교육청","경기도 고양시 일산서구","S090000771","일산고등학교","04","공립","N","","216","216","191","17.1","1163","68"
"경기도교육청","경기도교육청","경기도 고양시 일산서구","S090000772","일산대진고등학교","04","사립","N","","191","191","191","17.8","1338","75"
"경기도교육청","경기도교육청","경기도 고양시 일산서구","S090000773","일산동고등학교","04","공립","N","","192","192","193","18.1","1192","66"
"경기도교육청","경기도교육청","경기도 고양시 일산서구","S090000775","일산국제컨벤션고등학교","04","공립","N","","190","190","190","15.4","1033","67"
"경기도교육청","경기도교육청","경기도 안성시","S090000777","일죽고등학교","04","공립","N","","190","190","190","12.3","172","14"
"경기도교육청","경기도교육청","경기도 시흥시","S090000778","장곡고등학교","04","공립","N","","190","190","190","17.1","960","56"
"경기도교육청","경기도교육청","경기도 수원시 장안구","S090000779","장안고등학교","04","공립","N","","190","190","190","17.2","1047","61"
"경기도교육청","경기도교육청","경기도 이천시","S090000780","부원고등학교","04","사립","N","","191","191","191","15.6","498","32"
"경기도교육청","경기도교육청","경기도 이천시","S090000781","장호원고등학교","04","공립","N","","190","190","190","17.9","572","32"
"경기도교육청","경기도교육청","경기도 고양시 일산동구","S090000783","저동고등학교","04","공립","N","","191","191","191","17.5","1154","66"
"경기도교육청","경기도교육청","경기도 파주시","S090000784","적성융합고등학교","04","공립","N","","190","190","190","13.3","213","16"
"경기도교육청","경기도교육청","경기도 연천군","S090000786","전곡고등학교","04","공립","N","","190","190","190","17.3","1173","68"
"경기도교육청","경기도교육청","경기도 여주시","S090000787","점동고등학교","04","공립","N","","190","190","190","13.0","246","19"
"경기도교육청","경기도교육청","경기도 부천시 소사구","S090000788","정명고등학교","04","사립","N","","190","190","190","17.1","1008","59"
"경기도교육청","경기도교육청","경기도 부천시 소사구","S090000790","경기경영고등학교","04","사립","N","","190","190","190","15.1","969","64"
"경기도교육청","경기도교육청","경기도 고양시 일산동구","S090000791","정발고등학교","04","공립","N","","191","191","191","16.4","1080","66"
"경기도교육청","경기도교육청","경기도 시흥시","S090000792","정왕고등학교","04","공립","N","","191","191","191","17.7","1114","63"
"경기도교육청","경기도교육청","경기도 가평군","S090000796","조종고등학교","04","공립","N","","190","190","190","16.5","346","21"
"경기도교육청","경기도교육청","경기도 고양시 일산서구","S090000797","주엽고등학교","04","공립","N","","190","190","190","17.3","1195","69"
"경기도교육청","경기도교육청","경기도 고양시 일산서구","S090000798","경기영상과학고등학교","04","공립","N","","190","190","190","17.8","1048","59"
"경기도교육청","경기도교육청","경기도 안성시","S090000800","죽산고등학교","04","공립","N","","191","191","191","16.8","336","20"
"경기도교육청","경기도교육청","경기도 용인시 수지구","S090000801","죽전고등학교","04","공립","N","","192","192","192","17.3","1228","71"
"경기도교육청","경기도교육청","경기도 고양시 일산동구","S090000802","중산고등학교","04","공립","N","","192","192","192","16.1","1047","65"
"경기도교육청","경기도교육청","경기도 부천시 원미구","S090000803","중원고등학교","04","공립","N","","191","191","191","17.4","954","55"
"경기도교육청","경기도교육청","경기도 부천시 원미구","S090000804","중흥고등학교","04","공립","N","","191","191","191","17.5","961","55"
"경기도교육청","경기도교육청","경기도 양평군","S090000805","지평고등학교","04","공립","N","","190","190","190","13.4","255","19"
"경기도교육청","경기도교육청","경기도 남양주시","S090000806","진건고등학교","04","공립","N","","191","191","191","16.8","1246","74"
"경기도교육청","경기도교육청","경기도 광명시","S090000807","진성고등학교","04","사립","N","","193","193","190","17.2","996","58"
"경기도교육청","경기도교육청","경기도 평택시","S090000810","진위고등학교","04","사립","N","","190","190","190","16.5","691","42"
"경기도교육청","경기도교육청","경기도 여주시","S090000811","경기관광고등학교","04","사립","N","","191","191","191","15.0","391","26"
"경기도교육청","경기도교육청","경기도 수원시 팔달구","S090000812","창현고등학교","04","사립","N","","190","190","190","18.8","1524","81"
"경기도교육청","경기도교육청","경기도 평택시","S090000813","청담고등학교","04","사립","N","","190","190","190","15.5","865","56"
"경기도교육청","경기도교육청","경기도 수원시 영통구","S090000815","청명고등학교","04","공립","N","","190","190","190","17.3","1266","73"
"경기도교육청","경기도교육청","경기도 양평군","S090000816","청운고등학교","04","공립","N","","190","190","190","8.3","100","12"
"경기도교육청","경기도교육청","경기도 가평군","S090000817","청평고등학교","04","공립","N","","190","190","190","16.5","510","31"
"경기도교육청","경기도교육청","경기도 남양주시","S090000818","청학고등학교","04","공립","N","","192","192","192","15.5","726","47"
"경기도교육청","경기도교육청","경기도 안산시 단원구","S090000819","초지고등학교","04","공립","N","","190","190","190","16.4","1018","62"
"경기도교육청","경기도교육청","경기도 광명시","S090000820","충현고등학교","04","공립","N","","191","191","191","16.2","1003","62"
"경기도교육청","경기도교육청","경기도 평택시","S090000821","태광고등학교","04","사립","N","","192","192","191","15.9","873","55"
"경기도교육청","경기도교육청","경기도 용인시 처인구","S090000822","태성고등학교","04","사립","N","","190","190","190","15.8","819","52"
"경기도교육청","경기도교육청","경기도 성남시 분당구","S090000823","태원고등학교","04","사립","N","","191","191","191","16.3","1143","70"
"경기도교육청","경기도교육청","경기도 수원시 영통구","S090000824","태장고등학교","04","공립","N","","191","191","191","16.8","1242","74"
"경기도교육청","경기도교육청","경기도 구리시","S090000825","토평고등학교","04","공립","N","","210","210","210","17.4","886","51"
"경기도교육청","경기도교육청","경기도 김포시","S090000826","통진고등학교","04","사립","N","","191","191","191","16.8","1027","61"
"경기도교육청","경기도교육청","경기도 남양주시","S090000827","퇴계원고등학교","04","공립","N","","191","191","191","17.1","1251","73"
"경기도교육청","경기도교육청","경기도 파주시","S090000829","세경고등학교","04","사립","N","","192","192","193","17.1","1093","64"
"경기도교육청","경기도교육청","경기도 파주시","S090000831","정목고등학교","04","사립","N","","192","192","192","16.6","695","42"
"경기도교육청","경기도교육청","경기도 파주시","S090000832","파주고등학교","04","사립","N","","190","190","191","18.3","513","28"
"경기도교육청","경기도교육청","경기도 수원시 영통구","S090000833","수원하이텍고등학교","04","공립","N","","190","190","190","18.6","1006","54"
"경기도교육청","경기도교육청","경기도 안양시 동안구","S090000834","평촌고등학교","04","공립","N","","191","191","191","16.1","1274","79"
"경기도교육청","경기도교육청","경기도 안양시 동안구","S090000835","평촌과학기술고등학교","04","공립","N","","190","190","190","15.5","805","52"
"경기도교육청","경기도교육청","경기도 안양시 동안구","S090000836","평촌경영고등학교","04","공립","N","","190","190","190","14.5","1289","89"
"경기도교육청","경기도교육청","경기도 평택시","S090000837","평택고등학교","04","공립","N","","190","190","190","17.0","1051","62"
"경기도교육청","경기도교육청","경기도 평택시","S090000838","평택마이스터고등학교","04","공립","N","","190","190","190","17.5","1050","60"
"경기도교육청","경기도교육청","경기도 평택시","S090000840","평택여자고등학교","04","공립","N","","190","190","190","17.6","1281","73"
"경기도교육청","경기도교육청","경기도 포천시","S090000841","포천고등학교","04","공립","N","","192","192","192","16.7","952","57"
"경기도교육청","경기도교육청","경기도 포천시","S090000843","포천일고등학교","04","공립","N","","190","190","190","15.5","1098","71"
"경기도교육청","경기도교육청","경기도 용인시 수지구","S090000844","풍덕고등학교","04","공립","N","","190","190","190","17.6","1404","80"
"경기도교육청","경기도교육청","경기도 성남시 수정구","S090000847","풍생고등학교","04","사립","N","","191","191","191","17.0","1002","59"
"경기도교육청","경기도교육청","경기도 하남시","S090000848","하남고등학교","04","사립","N","","192","192","192","17.3","984","57"
"경기도교육청","경기도교육청","경기도 하남시","S090000849","하남경영고등학교","04","공립","N","","192","192","192","15.9","1019","64"
"경기도교육청","경기도교육청","경기도 김포시","S090000850","하성고등학교","04","공립","N","","191","191","191","17.2","482","28"
"경기도교육청","경기도교육청","경기도 평택시","S090000851","한광고등학교","04","사립","N","","190","190","190","17.4","1025","59"
"경기도교육청","경기도교육청","경기도 평택시","S090000852","한광여자고등학교","04","사립","N","","190","190","190","16.4","1030","63"
"경기도교육청","경기도교육청","경기도 평택시","S090000853","한국관광고등학교","04","사립","N","","191","191","191","15.1","286","19"
"경기도교육청","경기도교육청","경기도 이천시","S090000854","한국도예고등학교","04","공립","N","","190","190","190","17.9","340","19"
"경기도교육청","경기도교육청","경기도 안산시 단원구","S090000855","한국디지털미디어고등학교","04","사립","N","","191","191","192","16.7","616","37"
"경기도교육청","경기도교육청","경기도 하남시","S090000856","한국애니메이션고등학교","04","공립","N","","191","191","191","13.8","427","31"
"경기도교육청","경기도교육청","경기도 시흥시","S090000857","한국조리과학고등학교","04","사립","N","","190","190","190","18.6","612","33"
"경기도교육청","경기도교육청","경기도 성남시 분당구","S090000858","한솔고등학교","04","공립","N","","192","192","192","17.1","1008","59"
"경기도교육청","경기도교육청","경기도 시흥시","S090000859","경기자동차과학고등학교","04","사립","N","","191","191","191","16.7","901","54"
"경기도교육청","경기도교육청","경기도 시흥시","S090000862","함현고등학교","04","공립","N","","190","190","190","17.1","1042","61"
"경기도교육청","경기도교육청","경기도 고양시 덕양구","S090000863","행신고등학교","04","공립","N","","191","191","191","17.2","1063","62"
"경기도교육청","경기도교육청","경기도 의정부시","S090000865","호원고등학교","04","공립","N","","192","192","191","15.5","1004","65"
"경기도교육청","경기도교육청","경기도 화성시 만세구","S090000867","화성고등학교","04","사립","N","","190","190","190","16.8","888","53"
"경기도교육청","경기도교육청","경기도 고양시 덕양구","S090000868","화수고등학교","04","공립","N","","191","191","191","17.4","1147","66"
"경기도교육청","경기도교육청","경기도 고양시 덕양구","S090000869","화정고등학교","04","공립","N","","191","191","191","17.7","1183","67"
"경기도교육청","경기도교육청","경기도 수원시 권선구","S090000870","화홍고등학교","04","공립","N","","190","190","190","16.8","1190","71"
"경기도교육청","경기도교육청","경기도 평택시","S090000871","효명고등학교","04","사립","N","","190","190","190","17.0","1000","59"
"경기도교육청","경기도교육청","경기도 성남시 수정구","S090000872","효성고등학교","04","사립","N","","191","191","191","15.9","841","53"
"경기도교육청","경기도교육청","경기도 수원시 영통구","S090000873","효원고등학교","04","공립","N","","190","190","190","17.1","1303","76"
"경기도교육청","경기도교육청","경기도 군포시","S090000874","흥진고등학교","04","공립","N","","191","191","191","17.2","1252","73"
"경기도교육청","경기도교육청","경기도 성남시 분당구","S090004768","돌마고등학교","04","공립","N","","190","190","190","17.1","938","55"
"경기도교육청","경기도교육청","경기도 의정부시","S090004831","부용고등학교","04","공립","N","","191","191","191","17.4","1094","63"
"경기도교육청","경기도교육청","경기도 부천시 원미구","S090004832","경기예술고등학교","04","공립","N","","190","190","190","18.2","691","38"
"경기도교육청","경기도교육청","경기도 안산시 상록구","S090004833","송호고등학교","04","공립","N","","191","191","191","17.7","1224","69"
"경기도교육청","경기도교육청","경기도 시흥시","S090004834","시흥고등학교","04","공립","N","","191","190","191","16.8","1127","67"
"경기도교육청","경기도교육청","경기도 오산시","S090004835","운천고등학교","04","공립","N","","192","192","192","16.1","995","62"
"경기도교육청","경기도교육청","경기도 용인시 수지구","S090004893","서원고등학교","04","공립","N","","191","191","191","17.3","1247","72"
"경기도교육청","경기도교육청","경기도 수원시 장안구","S090004895","천천고등학교","04","공립","N","","191","191","191","16.0","991","62"
"경기도교육청","경기도교육청","경기도 수원시 장안구","S090004896","조원고등학교","04","공립","N","","194","194","194","16.7","1068","64"
"경기도교육청","경기도교육청","경기도 성남시 분당구","S090004897","늘푸른고등학교","04","공립","N","","191","191","191","16.6","863","52"
"경기도교육청","경기도교육청","경기도 안양시 만안구","S090004898","충훈고등학교","04","공립","N","","190","190","190","17.2","1065","62"
"경기도교육청","경기도교육청","경기도 부천시 원미구","S090004899","상일고등학교","04","공립","N","","191","191","191","17.1","855","50"
"경기도교육청","경기도교육청","경기도 부천시 소사구","S090004900","송내고등학교","04","공립","N","","190","190","190","17.5","926","53"
"경기도교육청","경기도교육청","경기도 용인시 기흥구","S090004901","구성고등학교","04","공립","N","","192","192","192","17.6","1111","63"
"경기도교육청","경기도교육청","경기도 수원시 영통구","S090004902","매탄고등학교","04","공립","N","","191","191","191","16.4","1195","73"
"경기도교육청","경기도교육청","경기도 안양시 동안구","S090004905","인덕원고등학교","04","공립","N","","191","191","191","16.5","1074","65"
"경기도교육청","경기도교육청","경기도 부천시 소사구","S090004906","범박고등학교","04","공립","N","","194","194","194","17.0","1003","59"
"경기도교육청","경기도교육청","경기도 양주시","S090004908","덕계고등학교","04","공립","N","","190","190","190","17.1","853","50"
"경기도교육청","경기도교육청","경기도 안산시 단원구","S090004909","단원고등학교","04","공립","N","","190","190","190","18.5","1181","64"
"경기도교육청","경기도교육청","경기도 시흥시","S090004910","군서고등학교","04","공립","N","","190","190","190","17.3","1157","67"
"경기도교육청","경기도교육청","경기도 고양시 일산동구","S090004912","풍동고등학교","04","공립","N","","191","191","191","15.8","947","60"
"경기도교육청","경기도교육청","경기도 남양주시","S090004914","도농고등학교","04","공립","N","","191","191","191","15.7","989","63"
"경기도교육청","경기도교육청","경기도 남양주시","S090004915","평내고등학교","04","공립","N","","191","191","191","17.7","1095","62"
"경기도교육청","경기도교육청","경기도 하남시","S090004916","신장고등학교","04","공립","N","","190","190","190","16.2","925","57"
"경기도교육청","경기도교육청","경기도 이천시","S090004917","효양고등학교","04","공립","N","","190","190","190","17.2","1082","63"
"경기도교육청","경기도교육청","경기도 용인시 기흥구","S090004918","보정고등학교","04","공립","N","","190","190","190","17.2","1184","69"
"경기도교육청","경기도교육청","경기도 김포시","S090004919","풍무고등학교","04","공립","N","","192","192","192","17.6","1270","72"
"경기도교육청","경기도교육청","","S090004920","병점고등학교","04","공립","N","","192","192","192","16.5","1022","62"
"경기도교육청","경기도교육청","경기도 파주시","S090004921","봉일천고등학교","04","공립","N","","190","190","190","17.4","1093","63"
"경기도교육청","경기도교육청","경기도 파주시","S090004922","교하고등학교","04","공립","N","","190","190","190","15.9","1034","65"
"경기도교육청","경기도교육청","경기도 의정부시","S090004923","상우고등학교","04","사립","N","","191","191","192","18.1","1106","61"
"경기도교육청","경기도교육청","경기도 성남시 분당구","S090004945","이우고등학교","04","사립","N","","190","190","190","14.3","459","32"
"경기도교육청","경기도교육청","경기도 의왕시","S090005040","경기외국어고등학교","04","사립","N","","190","190","190","15.2","835","55"
"경기도교육청","경기도교육청","경기도 의정부시","S090005167","경기북과학고등학교","04","공립","N","","190","190","190","10.7","505","47"
"경기도교육청","경기도교육청","경기도 동두천시","S090005168","동두천외국어고등학교","04","공립","N","","192","192","192","16.4","916","56"
"경기도교육청","경기도교육청","경기도 파주시","S090005169","금촌고등학교","04","공립","N","","191","191","191","16.9","1336","79"
"경기도교육청","경기도교육청","경기도 용인시 처인구","S090005170","용인한국외국어대학교부설고등학교","04","사립","N","","190","190","190","15.5","1161","75"
"경기도교육청","경기도교육청","경기도 양주시","S090005280","양주백석고등학교","04","공립","N","","192","192","192","17.0","1035","61"
"경기도교육청","경기도교육청","경기도 성남시 분당구","S090005282","성남외국어고등학교","04","공립","N","","190","190","190","14.1","748","53"
"경기도교육청","경기도교육청","경기도 안산시 상록구","S090005283","성포고등학교","04","공립","N","","190","190","190","16.3","1105","68"
"경기도교육청","경기도교육청","경기도 수원시 영통구","S090005284","수원외국어고등학교","04","공립","N","","191","191","191","14.9","788","53"
"경기도교육청","경기도교육청","경기도 가평군","S090005286","청심국제고등학교","04","사립","N","","190","190","190","15.8","395","25"
"경기도교육청","경기도교육청","경기도 평택시","S090005290","현화고등학교","04","공립","N","","190","190","190","16.3","1012","62"
"경기도교육청","경기도교육청","경기도 남양주시","S090005291","호평고등학교","04","공립","N","","190","190","190","17.0","1086","64"
"경기도교육청","경기도교육청","경기도 김포시","S090005292","김포외국어고등학교","04","사립","N","","194","194","194","17.0","731","43"
"경기도교육청","경기도교육청","경기도 용인시 기흥구","S090005319","용인백현고등학교","04","공립","N","","190","190","190","16.3","879","54"
"경기도교육청","경기도교육청","경기도 안성시","S090005320","한겨레고등학교","04","사립","N","","190","190","190","12.4","210","17"
"경기도교육청","경기도교육청","경기도 고양시 일산서구","S090005380","가좌고등학교","04","공립","N","","192","192","192","16.8","1074","64"
"경기도교육청","경기도교육청","경기도 양주시","S090005381","양주고등학교","04","공립","N","","191","191","191","16.8","825","49"
"경기도교육청","경기도교육청","경기도 포천시","S090005382","송우고등학교","04","공립","N","","190","190","190","17.4","1093","63"
"경기도교육청","경기도교육청","경기도 부천시 원미구","S090005399","상원고등학교","04","공립","N","","191","191","191","17.0","900","53"
"경기도교육청","경기도교육청","경기도 고양시 덕양구","S090005413","성사고등학교","04","공립","N","","191","191","191","17.6","1129","64"
"경기도교육청","경기도교육청","경기도 용인시 기흥구","S090005414","성지고등학교","04","공립","N","","193","193","193","16.1","1109","69"
"경기도교육청","경기도교육청","경기도 용인시 수지구","S090005415","현암고등학교","04","공립","N","","190","190","190","17.5","821","47"
"경기도교육청","경기도교육청","경기도 용인시 수지구","S090005416","용인홍천고등학교","04","공립","N","","190","190","190","17.9","1341","75"
"경기도교육청","경기도교육청","경기도 의정부시","S090005417","효자고등학교","04","공립","N","","191","191","191","15.7","988","63"
"경기도교육청","경기도교육청","경기도 고양시 일산서구","S090005418","고양예술고등학교","04","사립","N","","191","191","191","14.2","641","45"
"경기도교육청","경기도교육청","경기도 용인시 수지구","S090005458","대지고등학교","04","공립","N","","190","190","190","17.2","1050","61"
"경기도교육청","경기도교육청","","S090005459","동탄고등학교","04","공립","N","","190","190","190","17.5","1135","65"
"경기도교육청","경기도교육청","경기도 화성시 병점구","S090005460","안화고등학교","04","공립","N","","192","192","192","18.4","1175","64"
"경기도교육청","경기도교육청","경기도 오산시","S090005461","운암고등학교","04","공립","N","","191","191","191","16.8","805","48"
"경기도교육청","경기도교육청","경기도 용인시 기흥구","S090005488","동백고등학교","04","공립","N","","191","191","192","17.2","1034","60"
"경기도교육청","경기도교육청","경기도 수원시 영통구","S090005576","망포고등학교","04","공립","N","","190","190","190","17.0","1037","61"
"경기도교육청","경기도교육청","경기도 수원시 영통구","S090005577","매원고등학교","04","공립","N","","191","191","191","17.1","1125","66"
"경기도교육청","경기도교육청","","S090005578","반송고등학교","04","공립","N","","191","191","191","17.2","1015","59"
"경기도교육청","경기도교육청","경기도 화성시 효행구","S090005579","봉담고등학교","04","공립","N","","190","190","190","17.4","886","51"
"경기도교육청","경기도교육청","경기도 화성시 동탄구","S090005580","예당고등학교","04","공립","N","","190","190","190","17.1","1062","62"
"경기도교육청","경기도교육청","경기도 부천시 오정구","S090005581","수주고등학교","04","공립","N","","190","190","190","17.3","848","49"
"경기도교육청","경기도교육청","경기도 고양시 덕양구","S090005599","고양일고등학교","04","공립","N","","192","192","192","16.0","718","45"
"경기도교육청","경기도교육청","경기도 고양시 일산동구","S090005600","안곡고등학교","04","공립","N","","191","191","191","17.2","1275","74"
"경기도교육청","경기도교육청","경기도 남양주시","S090005601","와부고등학교","04","공립","N","","191","191","191","17.0","850","50"
"경기도교육청","경기도교육청","경기도 수원시 권선구","S090005653","고색고등학교","04","공립","N","","190","190","190","17.0","1038","61"
"경기도교육청","경기도교육청","","S090005655","나루고등학교","04","공립","N","","191","191","191","15.8","742","47"
"경기도교육청","경기도교육청","경기도 용인시 기흥구","S090005656","보라고등학교","04","공립","N","","191","191","191","17.1","977","57"
"경기도교육청","경기도교육청","경기도 용인시 기흥구","S090005658","초당고등학교","04","공립","N","","192","192","192","17.3","1053","61"
"경기도교육청","경기도교육청","경기도 성남시 수정구","S090005659","복정고등학교","04","공립","N","","190","190","190","16.9","796","47"
"경기도교육청","경기도교육청","경기도 용인시 처인구","S090005660","포곡고등학교","04","공립","N","","191","191","191","16.8","1076","64"
"경기도교육청","경기도교육청","경기도 화성시 만세구","S090005663","향남고등학교","04","공립","N","","190","190","190","17.1","853","50"
"경기도교육청","경기도교육청","경기도 용인시 기흥구","S090005664","청덕고등학교","04","공립","N","","190","190","190","17.5","1103","63"
"경기도교육청","경기도교육청","경기도 시흥시","S090005665","시흥능곡고등학교","04","공립","N","","190","190","190","17.2","1065","62"
"경기도교육청","경기도교육청","경기도 시흥시","S090005666","시흥매화고등학교","04","공립","N","","190","190","190","17.4","834","48"
"경기도교육청","경기도교육청","경기도 의정부시","S090005667","발곡고등학교","04","공립","N","","190","190","190","17.6","1071","61"
"경기도교육청","경기도교육청","경기도 시흥시","S090005668","신천고등학교","04","공립","N","","191","191","191","16.9","1049","62"
"경기도교육청","경기도교육청","경기도 안산시 단원구","S090005669","선부고등학교","04","공립","N","","190","190","190","15.6","1045","67"
"경기도교육청","경기도교육청","경기도 남양주시","S090005670","오남고등학교","04","공립","N","","191","191","191","17.3","1282","74"
"경기도교육청","경기도교육청","경기도 의왕시","S090005671","의왕고등학교","04","공립","N","","190","190","190","17.2","827","48"
"경기도교육청","경기도교육청","경기도 평택시","S090005672","이충고등학교","04","공립","N","","190","190","190","15.7","986","63"
"경기도교육청","경기도교육청","경기도 김포시","S090005673","장기고등학교","04","공립","N","","190","190","190","17.2","1135","66"
"경기도교육청","경기도교육청","경기도 안산시 단원구","S090005674","신길고등학교","04","공립","N","","190","190","190","16.9","1080","64"
"경기도교육청","경기도교육청","경기도 광주시","S090005675","광남고등학교","04","공립","N","","190","190","190","16.1","1047","65"
"경기도교육청","경기도교육청","경기도 안산시 상록구","S090005676","광덕고등학교","04","공립","N","","193","193","193","16.2","1003","62"
"경기도교육청","경기도교육청","경기도 용인시 기흥구","S090005677","흥덕고등학교","04","공립","N","","190","190","190","16.6","881","53"
"경기도교육청","경기도교육청","경기도 양주시","S090005796","덕현고등학교","04","공립","N","","191","191","191","18.6","1322","71"
"경기도교육청","경기도교육청","경기도 고양시 덕양구","S090005797","서정고등학교","04","공립","N","","190","190","190","16.1","1014","63"
"경기도교육청","경기도교육청","경기도 광명시","S090005798","운산고등학교","04","공립","N","","190","190","190","15.6","969","62"
"경기도교육청","경기도교육청","경기도 파주시","S090005799","운정고등학교","04","공립","N","","192","192","192","16.2","1197","74"
"경기도교육청","경기도교육청","경기도 남양주시","S090005800","마석고등학교","04","공립","N","","191","191","191","18.0","1239","69"
"경기도교육청","경기도교육청","경기도 안산시 상록구","S090005801","상록고등학교","04","공립","N","","190","190","190","16.4","1200","73"
"경기도교육청","경기도교육청","경기도 남양주시","S090005803","진접고등학교","04","공립","N","","191","191","191","16.5","1272","77"
"경기도교육청","경기도교육청","경기도 평택시","S090005804","청북고등학교","04","공립","N","","190","190","190","18.2","1002","55"
"경기도교육청","경기도교육청","경기도 오산시","S090005806","세마고등학교","04","공립","N","","191","191","191","16.9","1030","61"
"경기도교육청","경기도교육청","경기도 화성시 동탄구","S090005808","능동고등학교","04","공립","N","","190","190","190","17.4","956","55"
"경기도교육청","경기도교육청","경기도 김포시","S090005811","마송고등학교","04","공립","N","","192","192","192","17.0","748","44"
"경기도교육청","경기도교육청","경기도 의왕시","S090005815","모락고등학교","04","공립","N","","191","191","191","17.2","826","48"
"경기도교육청","경기도교육청","경기도 광주시","S090005820","경화여자English Business고등학교","04","사립","N","","190","190","190","15.3","490","32"
"경기도교육청","경기도교육청","경기도 안성시","S090005831","경기창조고등학교","04","공립","N","","190","190","190","17.8","1138","64"
"경기도교육청","경기도교육청","경기도 성남시 분당구","S090005836","보평고등학교","04","공립","N","","191","191","191","15.5","777","50"
"경기도교육청","경기도교육청","경기도 성남시 분당구","S090005844","운중고등학교","04","공립","N","","191","191","191","18.6","891","48"
"경기도교육청","경기도교육청","경기도 남양주시","S090005898","가운고등학교","04","공립","N","","190","190","190","17.5","1153","66"
"경기도교육청","경기도교육청","경기도 파주시","S090005899","동패고등학교","04","공립","N","","191","191","190","17.0","1294","76"
"경기도교육청","경기도교육청","경기도 부천시 원미구","S090005900","역곡고등학교","04","공립","N","","192","192","192","17.1","650","38"
"경기도교육청","경기도교육청","경기도 성남시 분당구","S090005901","판교고등학교","04","공립","N","","191","191","191","16.8","842","50"
"경기도교육청","경기도교육청","경기도 오산시","S090005902","세교고등학교","04","공립","N","","192","192","192","15.9","969","61"
"경기도교육청","경기도교육청","경기도 용인시 기흥구","S090005903","서천고등학교","04","공립","N","","191","191","191","17.1","938","55"
"경기도교육청","경기도교육청","경기도 용인시 수지구","S090005904","성복고등학교","04","공립","N","","191","191","191","16.8","1224","73"
"경기도교육청","경기도교육청","경기도 고양시 일산서구","S090005905","대화고등학교","04","공립","N","","190","190","190","17.7","1166","66"
"경기도교육청","경기도교육청","경기도 이천시","S090005906","이현고등학교","04","공립","N","","190","190","190","17.1","1074","63"
"경기도교육청","경기도교육청","경기도 광주시","S090005908","초월고등학교","04","공립","N","","191","191","191","17.1","1265","74"
"경기도교육청","경기도교육청","경기도 화성시 만세구","S090005909","향일고등학교","04","공립","N","","191","191","191","16.5","857","52"
"경기도교육청","경기도교육청","경기도 남양주시","S090005910","판곡고등학교","04","공립","N","","192","192","190","16.5","1140","69"
"경기도교육청","경기도교육청","경기도 수원시 영통구","S090005984","광교고등학교","04","공립","N","","190","190","190","17.6","1058","60"
"경기도교육청","경기도교육청","경기도 수원시 팔달구","S090006514","율천고등학교","04","공립","N","","190","190","190","17.4","660","38"
"경기도교육청","경기도교육청","경기도 고양시 일산서구","S090006518","덕이고등학교","04","공립","N","","190","190","190","17.2","1086","63"
"경기도교육청","경기도교육청","경기도 의정부시","S090006519","송양고등학교","04","공립","N","","191","191","191","16.1","1124","70"
"경기도교육청","경기도교육청","경기도 남양주시","S090006520","별내고등학교","04","공립","N","","191","191","191","16.6","998","60"
"경기도교육청","경기도교육청","경기도 군포시","S090006521","군포중앙고등학교","04","공립","N","","191","191","191","16.6","831","50"
"경기도교육청","경기도교육청","경기도 용인시 수지구","S090006522","상현고등학교","04","공립","N","","191","191","191","17.3","1070","62"
"경기도교육청","경기도교육청","경기도 김포시","S090006523","솔터고등학교","04","공립","N","","191","191","191","17.1","1079","63"
"경기도교육청","경기도교육청","경기도 용인시 수지구","S090006525","신봉고등학교","04","공립","N","","191","191","191","16.3","1190","73"
"경기도교육청","경기도교육청","경기도 평택시","S090006539","비전고등학교","04","공립","N","","190","190","190","16.2","1020","63"
"경기도교육청","경기도교육청","경기도 안산시 상록구","S090006540","부곡고등학교","04","공립","N","","191","191","191","16.1","1081","67"
"경기도교육청","경기도교육청","경기도 하남시","S090006541","풍산고등학교","04","공립","N","","190","190","190","17.2","826","48"
"경기도교육청","경기도교육청","경기도 수원시 권선구","S090006542","호매실고등학교","04","공립","N","","190","190","190","17.1","857","50"
"경기도교육청","경기도교육청","경기도 고양시 일산동구","S090006561","고양국제고등학교","04","공립","N","","191","191","190","12.8","831","65"
"경기도교육청","경기도교육청","경기도 고양시 일산동구","S090006562","저현고등학교","04","공립","N","","191","191","191","16.1","1174","73"
"경기도교육청","경기도교육청","","S090006577","동탄국제고등학교","04","공립","N","","193","190","190","12.4","770","62"
"경기도교육청","경기도교육청","경기도 고양시 덕양구","S090006624","고양동산고등학교","04","공립","N","","191","191","191","17.2","843","49"
"경기도교육청","경기도교육청","경기도 광명시","S090006645","광휘고등학교","04","공립","N","","190","190","190","17.0","1089","64"
"경기도교육청","경기도교육청","경기도 화성시 병점구","S090006700","화성반월고등학교","04","공립","N","","191","191","191","17.0","934","55"
"경기도교육청","경기도교육청","경기도 오산시","S090006701","매홀고등학교","04","공립","N","","192","192","192","17.2","1085","63"
"경기도교육청","경기도교육청","경기도 수원시 권선구","S090006702","수원칠보고등학교","04","공립","N","","192","192","192","15.8","950","60"
"경기도교육청","경기도교육청","경기도 수원시 권선구","S090006703","곡정고등학교","04","공립","N","","191","191","191","16.5","1008","61"
"경기도교육청","경기도교육청","경기도 김포시","S090006717","운양고등학교","04","공립","N","","191","191","191","17.3","1075","62"
"경기도교육청","경기도교육청","경기도 파주시","S090006763","한민고등학교","04","사립","N","","190","190","190","17.9","1360","76"
"경기도교육청","경기도교육청","경기도 고양시 덕양구","S090006764","도래울고등학교","04","공립","N","","191","191","191","15.8","869","55"
"경기도교육청","경기도교육청","경기도 양주시","S090006765","옥정고등학교","04","공립","N","","190","190","190","16.8","1010","60"
"경기도교육청","경기도교육청","경기도 하남시","S090006810","미사고등학교","04","공립","N","","191","191","191","16.7","1018","61"
"경기도교육청","경기도교육청","","S090006811","한백고등학교","04","공립","N","","190","190","190","16.8","1072","64"
"경기도교육청","경기도교육청","경기도 화성시 동탄구","S090006812","동탄중앙고등학교","04","공립","N","","191","191","191","16.4","1048","64"
"경기도교육청","경기도교육청","경기도 수원시 영통구","S090006813","이의고등학교","04","공립","N","","190","190","190","15.9","1111","70"
"경기도교육청","경기도교육청","경기도 김포시","S090006814","김포제일고등학교","04","공립","N","","191","191","191","17.2","1186","69"
"경기도교육청","경기도교육청","경기도 파주시","S090006903","지산고등학교","04","공립","N","","192","192","192","17.2","1306","76"
"경기도교육청","경기도교육청","경기도 남양주시","S090006905","별가람고등학교","04","공립","N","","192","192","192","15.6","984","63"
"경기도교육청","경기도교육청","경기도 구리시","S090006906","갈매고등학교","04","공립","N","","191","191","191","15.6","903","58"
"경기도교육청","경기도교육청","경기도 파주시","S090006908","한빛고등학교","04","공립","N","","190","190","190","17.6","1357","77"
"경기도교육청","경기도교육청","경기도 하남시","S090006919","미사강변고등학교","04","공립","N","","191","191","191","17.0","969","57"
"경기도교육청","경기도교육청","경기도 광주시","S090006920","태전고등학교","04","공립","N","","190","190","190","17.3","1038","60"
"경기도교육청","경기도교육청","경기도 용인시 처인구","S090006921","용인삼계고등학교","04","공립","N","","191","191","191","17.8","907","51"
"경기도교육청","경기도교육청","경기도 용인시 처인구","S090006924","고림고등학교","04","공립","N","","190","190","190","16.4","1216","74"
"경기도교육청","경기도교육청","경기도 시흥시","S090006925","배곧고등학교","04","공립","N","","190","190","190","16.4","984","60"
"경기도교육청","경기도교육청","경기도 하남시","S090007014","위례고등학교","04","공립","N","","191","191","191","15.0","735","49"
"경기도교육청","경기도교육청","경기도 화성시 만세구","S090007015","하길고등학교","04","공립","N","","191","191","191","17.2","1012","59"
"경기도교육청","경기도교육청","경기도 성남시 수정구","S090007016","위례한빛고등학교","04","공립","N","","191","191","191","15.5","1159","75"
"경기도교육청","경기도교육청","경기도 화성시 동탄구","S090007130","이산고등학교","04","공립","N","","191","191","191","16.7","1253","75"
"경기도교육청","경기도교육청","경기도 화성시 동탄구","S090007131","창의고등학교","04","공립","N","","190","190","190","17.3","1265","73"
"경기도교육청","경기도교육청","","S090007243","정현고등학교","04","공립","N","","190","190","190","17.1","1284","75"
"경기도교육청","경기도교육청","경기도 화성시 효행구","S090007278","와우고등학교","04","공립","N","","190","190","190","16.2","470","29"
"경기도교육청","경기도교육청","경기도 김포시","S090007314","고촌고등학교","04","공립","N","","191","191","191","17.4","1043","60"
"경기도교육청","경기도교육청","경기도 화성시 만세구","S090007315","새솔고등학교","04","공립","N","","190","190","190","17.2","755","44"
"경기도교육청","경기도교육청","경기도 화성시 동탄구","S090007316","서연고등학교","04","공립","N","","191","191","191","16.7","1199","72"
"경기도교육청","경기도교육청","경기도 남양주시","S090007317","남양주다산고등학교","04","공립","N","","190","190","190","17.0","1142","67"
"경기도교육청","경기도교육청","경기도 시흥시","S090007318","목감고등학교","04","공립","N","","190","190","190","17.1","940","55"
"경기도교육청","경기도교육청","경기도 하남시","S090007408","감일고등학교","04","공립","N","","191","191","190","17.4","816","47"
"경기도교육청","경기도교육청","경기도 양주시","S090007409","옥빛고등학교","04","공립","N","","191","191","190","16.8","977","58"
"경기도교육청","경기도교육청","경기도 용인시 처인구","S090007439","처인고등학교","04","공립","N","","190","190","190","16.6","779","47"
"경기도교육청","경기도교육청","경기도 고양시 덕양구","S090007444","신원고등학교","04","공립","N","","191","191","191","17.2","893","52"
"경기도교육청","경기도교육청","경기도 고양시 덕양구","S090007445","향동고등학교","04","공립","N","","190","190","190","16.9","624","37"
"경기도교육청","경기도교육청","경기도 화성시 동탄구","S090007568","이솔고등학교","04","공립","N","","191","191","0","17.2","926","54"