"시도교육청","교육지원청","지역","정보공시 학교코드","학교명","학교급코드","설립구분","제외여부","제외사유","상담실적(내부상담전문가)","상담실적(내부상담전문가실시여부)","상담실적(외부상담전문가)","상담실적(외부상담전문가실시여부)","교내 WEE클래스 설치여부"
"경기도교육청","경기도가평교육지원청","경기도 가평군","S090000876","가평중학교","03","공립","N","","277","Y","70","Y",""
"경기도교육청","경기도가평교육지원청","경기도 가평군","S090000877","가평북중학교","03","공립","N","","169","Y","0","N",""
"경기도교육청","경기도가평교육지원청","경기도 가평군","S090000878","설악중학교","03","공립","N","","221","Y","7","Y",""
"경기도교육청","경기도가평교육지원청","경기도 가평군","S090000879","조종중학교","03","공립","N","","181","Y","80","Y",""
"경기도교육청","경기도가평교육지원청","경기도 가평군","S090000880","청평중학교","03","공립","N","","320","Y","88","Y",""
"경기도교육청","경기도고양교육지원청","경기도 고양시 덕양구","S090000944","가람중학교","03","공립","N","","677","Y","24","Y",""
"경기도교육청","경기도고양교육지원청","경기도 고양시 덕양구","S090000946","고양중학교","03","공립","N","","630","Y","9","Y",""
"경기도교육청","경기도고양교육지원청","경기도 고양시 덕양구","S090000947","능곡중학교","03","공립","N","","470","Y","0","N",""
"경기도교육청","경기도고양교육지원청","경기도 고양시 일산서구","S090000948","대화중학교","03","공립","N","","614","Y","9","Y",""
"경기도교육청","경기도고양교육지원청","경기도 고양시 덕양구","S090000949","덕양중학교","03","공립","N","","418","Y","78","Y",""
"경기도교육청","경기도고양교육지원청","경기도 고양시 덕양구","S090000950","무원중학교","03","공립","N","","302","Y","29","Y",""
"경기도교육청","경기도고양교육지원청","경기도 고양시 일산서구","S090000951","발산중학교","03","공립","N","","323","Y","8","Y",""
"경기도교육청","경기도고양교육지원청","경기도 고양시 일산동구","S090000952","백마중학교","03","공립","N","","394","Y","14","Y",""
"경기도교육청","경기도고양교육지원청","경기도 고양시 일산동구","S090000953","백석중학교","03","공립","N","","272","Y","12","Y",""
"경기도교육청","경기도고양교육지원청","경기도 고양시 일산동구","S090000954","백신중학교","03","공립","N","","379","Y","0","N",""
"경기도교육청","경기도고양교육지원청","경기도 고양시 덕양구","S090000955","백양중학교","03","공립","N","","625","Y","33","Y",""
"경기도교육청","경기도고양교육지원청","경기도 고양시 덕양구","S090000956","고양제일중학교","03","사립","N","","440","Y","0","N",""
"경기도교육청","경기도고양교육지원청","경기도 고양시 덕양구","S090000957","신능중학교","03","공립","N","","412","Y","15","Y",""
"경기도교육청","경기도고양교육지원청","경기도 고양시 일산서구","S090000958","신일중학교","03","공립","N","","306","Y","4","Y",""
"경기도교육청","경기도고양교육지원청","경기도 고양시 일산서구","S090000959","오마중학교","03","공립","N","","411","Y","0","N",""
"경기도교육청","경기도고양교육지원청","경기도 고양시 덕양구","S090000960","원당중학교","03","공립","N","","164","Y","6","Y",""
"경기도교육청","경기도고양교육지원청","경기도 고양시 일산서구","S090000961","일산동중학교","03","공립","N","","312","Y","0","N",""
"경기도교육청","경기도고양교육지원청","경기도 고양시 일산서구","S090000962","일산중학교","03","공립","N","","445","Y","0","N",""
"경기도교육청","경기도고양교육지원청","경기도 고양시 일산서구","S090000963","장성중학교","03","공립","N","","687","Y","0","N",""
"경기도교육청","경기도고양교육지원청","경기도 고양시 일산동구","S090000964","저동중학교","03","공립","N","","345","Y","28","Y",""
"경기도교육청","경기도고양교육지원청","경기도 고양시 일산동구","S090000965","정발중학교","03","공립","N","","681","Y","28","Y",""
"경기도교육청","경기도고양교육지원청","경기도 고양시 일산동구","S090000966","중산중학교","03","공립","N","","496","Y","9","Y",""
"경기도교육청","경기도고양교육지원청","경기도 고양시 덕양구","S090000967","지도중학교","03","공립","N","","480","Y","16","Y",""
"경기도교육청","경기도고양교육지원청","경기도 고양시 일산서구","S090000969","한수중학교","03","공립","N","","587","Y","16","Y",""
"경기도교육청","경기도고양교육지원청","경기도 고양시 덕양구","S090000970","행신중학교","03","공립","N","","439","Y","15","Y",""
"경기도교육청","경기도고양교육지원청","경기도 고양시 일산서구","S090000971","호곡중학교","03","공립","N","","344","Y","0","N",""
"경기도교육청","경기도고양교육지원청","경기도 고양시 덕양구","S090000972","화수중학교","03","공립","N","","424","Y","0","N",""
"경기도교육청","경기도고양교육지원청","경기도 고양시 덕양구","S090000973","화정중학교","03","공립","N","","468","Y","0","N",""
"경기도교육청","경기도광명교육지원청","경기도 광명시","S090001188","가림중학교","03","공립","N","","820","Y","243","Y",""
"경기도교육청","경기도광명교육지원청","경기도 광명시","S090001189","광남중학교","03","공립","N","","609","Y","23","Y",""
"경기도교육청","경기도광명교육지원청","경기도 광명시","S090001190","광명북중학교","03","공립","N","","490","Y","62","Y",""
"경기도교육청","경기도광명교육지원청","경기도 광명시","S090001191","하안북중학교","03","공립","N","","599","Y","0","N",""
"경기도교육청","경기도광명교육지원청","경기도 광명시","S090001192","광명중학교","03","공립","N","","506","Y","18","Y",""
"경기도교육청","경기도광명교육지원청","경기도 광명시","S090001194","소하중학교","03","공립","N","","384","Y","106","Y",""
"경기도교육청","경기도광명교육지원청","경기도 광명시","S090001195","안서중학교","03","공립","N","","394","Y","0","N",""
"경기도교육청","경기도광명교육지원청","경기도 광명시","S090001196","철산중학교","03","공립","N","","611","Y","10","Y",""
"경기도교육청","경기도광명교육지원청","경기도 광명시","S090001198","하안중학교","03","공립","N","","439","Y","0","N",""
"경기도교육청","경기도광주하남교육지원청","경기도 광주시","S090001267","경안중학교","03","공립","N","","370","Y","53","Y",""
"경기도교육청","경기도광주하남교육지원청","경기도 광주시","S090001268","경화여자중학교","03","사립","N","","431","Y","62","Y",""
"경기도교육청","경기도광주하남교육지원청","경기도 광주시","S090001269","광수중학교","03","공립","N","","449","Y","0","N",""
"경기도교육청","경기도광주하남교육지원청","경기도 광주시","S090001270","광일중학교","03","공립","N","","252","Y","3","Y",""
"경기도교육청","경기도광주하남교육지원청","경기도 광주시","S090001271","곤지암중학교","03","공립","N","","312","Y","20","Y",""
"경기도교육청","경기도광주하남교육지원청","경기도 광주시","S090001272","광주중학교","03","공립","N","","159","Y","52","Y",""
"경기도교육청","경기도광주하남교육지원청","경기도 하남시","S090001273","남한중학교","03","공립","N","","439","Y","11","Y",""
"경기도교육청","경기도광주하남교육지원청","경기도 하남시","S090001274","동부중학교","03","공립","N","","368","Y","132","Y",""
"경기도교육청","경기도광주하남교육지원청","경기도 하남시","S090001275","신장중학교","03","공립","N","","645","Y","0","N",""
"경기도교육청","경기도광주하남교육지원청","경기도 광주시","S090001276","탄벌중학교","03","공립","N","","272","Y","404","Y",""
"경기도교육청","경기도광주하남교육지원청","경기도 하남시","S090001277","하남중학교","03","공립","N","","786","Y","27","Y",""
"경기도교육청","경기도군포의왕교육지원청","경기도 의왕시","S090001365","갈뫼중학교","03","공립","N","","456","Y","24","Y",""
"경기도교육청","경기도군포의왕교육지원청","경기도 의왕시","S090001366","고천중학교","03","공립","N","","394","Y","15","Y",""
"경기도교육청","경기도군포의왕교육지원청","경기도 군포시","S090001367","곡란중학교","03","공립","N","","272","Y","1","Y",""
"경기도교육청","경기도군포의왕교육지원청","경기도 군포시","S090001368","군포중학교","03","공립","N","","522","Y","61","Y",""
"경기도교육청","경기도군포의왕교육지원청","경기도 군포시","S090001369","궁내중학교","03","공립","N","","478","Y","37","Y",""
"경기도교육청","경기도군포의왕교육지원청","경기도 군포시","S090001370","금정중학교","03","공립","N","","680","Y","78","Y",""
"경기도교육청","경기도군포의왕교육지원청","경기도 군포시","S090001371","도장중학교","03","공립","N","","279","Y","0","N",""
"경기도교육청","경기도군포의왕교육지원청","경기도 의왕시","S090001372","백운중학교","03","공립","N","","243","Y","60","Y",""
"경기도교육청","경기도군포의왕교육지원청","경기도 군포시","S090001374","산본중학교","03","공립","N","","375","Y","24","Y",""
"경기도교육청","경기도군포의왕교육지원청","경기도 군포시","S090001375","수리중학교","03","공립","N","","546","Y","11","Y",""
"경기도교육청","경기도군포의왕교육지원청","경기도 군포시","S090001376","용호중학교","03","공립","N","","455","Y","1","Y",""
"경기도교육청","경기도군포의왕교육지원청","경기도 의왕시","S090001377","의왕부곡중학교","03","공립","N","","850","Y","0","N",""
"경기도교육청","경기도군포의왕교육지원청","경기도 의왕시","S090001378","의왕중학교","03","공립","N","","277","Y","31","Y",""
"경기도교육청","경기도군포의왕교육지원청","경기도 군포시","S090001379","흥진중학교","03","공립","N","","220","Y","0","N",""
"경기도교육청","경기도김포교육지원청","경기도 김포시","S090001487","고촌중학교","03","공립","N","","463","Y","24","Y",""
"경기도교육청","경기도김포교육지원청","경기도 김포시","S090001488","김포여자중학교","03","공립","N","","387","Y","5","Y",""
"경기도교육청","경기도김포교육지원청","경기도 김포시","S090001489","금파중학교","03","공립","N","","217","Y","13","Y",""
"경기도교육청","경기도김포교육지원청","경기도 김포시","S090001490","김포중학교","03","공립","N","","150","Y","0","N",""
"경기도교육청","경기도김포교육지원청","경기도 김포시","S090001491","대곶중학교","03","공립","N","","333","Y","5","Y",""
"경기도교육청","경기도김포교육지원청","경기도 김포시","S090001492","분진중학교","03","사립","N","","0","N","0","N",""
"경기도교육청","경기도김포교육지원청","경기도 김포시","S090001493","양곡중학교","03","사립","N","","539","Y","0","N",""
"경기도교육청","경기도김포교육지원청","경기도 김포시","S090001494","장기중학교","03","공립","N","","395","Y","5","Y",""
"경기도교육청","경기도김포교육지원청","경기도 김포시","S090001495","통진중학교","03","사립","N","","222","Y","0","N",""
"경기도교육청","경기도김포교육지원청","경기도 김포시","S090001496","풍무중학교","03","공립","N","","234","Y","2","Y",""
"경기도교육청","경기도김포교육지원청","경기도 김포시","S090001497","하성중학교","03","공립","N","","0","N","32","Y",""
"경기도교육청","경기도구리남양주교육지원청","경기도 남양주시","S090001575","광동중학교","03","사립","N","","823","Y","0","N",""
"경기도교육청","경기도구리남양주교육지원청","경기도 구리시","S090001576","교문중학교","03","공립","N","","609","Y","25","Y",""
"경기도교육청","경기도구리남양주교육지원청","경기도 구리시","S090001577","구리중학교","03","공립","N","","213","Y","8","Y",""
"경기도교육청","경기도구리남양주교육지원청","경기도 구리시","S090001578","구리여자중학교","03","공립","N","","508","Y","0","N",""
"경기도교육청","경기도구리남양주교육지원청","경기도 남양주시","S090001579","금곡중학교","03","공립","N","","652","Y","0","N",""
"경기도교육청","경기도구리남양주교육지원청","경기도 남양주시","S090001581","덕소중학교","03","공립","N","","437","Y","27","Y",""
"경기도교육청","경기도구리남양주교육지원청","경기도 남양주시","S090001582","도농중학교","03","공립","N","","400","Y","0","N",""
"경기도교육청","경기도구리남양주교육지원청","경기도 구리시","S090001583","동구중학교","03","공립","N","","226","Y","6","Y",""
"경기도교육청","경기도구리남양주교육지원청","경기도 남양주시","S090001584","동화중학교","03","사립","N","","492","Y","26","Y",""
"경기도교육청","경기도구리남양주교육지원청","경기도 남양주시","S090001585","마석중학교","03","공립","N","","760","Y","56","Y",""
"경기도교육청","경기도구리남양주교육지원청","경기도 남양주시","S090001586","미금중학교","03","공립","N","","147","Y","10","Y",""
"경기도교육청","경기도구리남양주교육지원청","경기도 남양주시","S090001587","별내중학교","03","공립","N","","377","Y","40","Y",""
"경기도교육청","경기도구리남양주교육지원청","경기도 남양주시","S090001588","수동중학교","03","사립","N","","215","Y","0","N",""
"경기도교육청","경기도구리남양주교육지원청","경기도 남양주시","S090001589","심석중학교","03","사립","N","","280","Y","88","Y",""
"경기도교육청","경기도구리남양주교육지원청","경기도 남양주시","S090001590","오남중학교","03","공립","N","","555","Y","2","Y",""
"경기도교육청","경기도구리남양주교육지원청","경기도 남양주시","S090001591","와부중학교","03","공립","N","","443","Y","29","Y",""
"경기도교육청","경기도구리남양주교육지원청","경기도 남양주시","S090001592","연세중학교","03","사립","N","","48","Y","1","Y",""
"경기도교육청","경기도구리남양주교육지원청","경기도 구리시","S090001593","인창중학교","03","공립","N","","660","Y","27","Y",""
"경기도교육청","경기도구리남양주교육지원청","경기도 구리시","S090001594","장자중학교","03","공립","N","","471","Y","36","Y",""
"경기도교육청","경기도구리남양주교육지원청","경기도 남양주시","S090001595","진건중학교","03","공립","N","","351","Y","26","Y",""
"경기도교육청","경기도구리남양주교육지원청","경기도 구리시","S090001596","토평중학교","03","공립","N","","501","Y","0","N",""
"경기도교육청","경기도구리남양주교육지원청","경기도 남양주시","S090001597","퇴계원중학교","03","공립","N","","1725","Y","0","N",""
"경기도교육청","경기도구리남양주교육지원청","경기도 남양주시","S090001598","호평중학교","03","공립","N","","478","Y","40","Y",""
"경기도교육청","경기도구리남양주교육지원청","경기도 남양주시","S090001599","화광중학교","03","공립","N","","360","Y","8","Y",""
"경기도교육청","경기도동두천양주교육지원청","경기도 양주시","S090001771","고암중학교","03","공립","N","","552","Y","0","N",""
"경기도교육청","경기도동두천양주교육지원청","경기도 양주시","S090001772","남문중학교","03","사립","N","","538","Y","0","N",""
"경기도교육청","경기도동두천양주교육지원청","경기도 양주시","S090001773","덕계중학교","03","공립","N","","205","Y","16","Y",""
"경기도교육청","경기도동두천양주교육지원청","경기도 양주시","S090001774","덕정중학교","03","공립","N","","265","Y","0","N",""
"경기도교육청","경기도동두천양주교육지원청","경기도 동두천시","S090001775","동두천여자중학교","03","사립","N","","0","N","120","Y",""
"경기도교육청","경기도동두천양주교육지원청","경기도 동두천시","S090001777","동두천중학교","03","사립","N","","280","Y","0","N",""
"경기도교육청","경기도동두천양주교육지원청","경기도 동두천시","S090001778","한빛누리중학교","03","사립","N","","998","Y","161","Y",""
"경기도교육청","경기도동두천양주교육지원청","경기도 동두천시","S090001779","신흥중학교","03","사립","N","","260","Y","0","N",""
"경기도교육청","경기도동두천양주교육지원청","경기도 양주시","S090001780","양주백석중학교","03","공립","N","","301","Y","60","Y",""
"경기도교육청","경기도동두천양주교육지원청","경기도 양주시","S090001781","조양중학교","03","사립","N","","130","Y","6","Y",""
"경기도교육청","경기도부천교육지원청","경기도 부천시 원미구","S090001873","계남중학교","03","공립","N","","8","Y","462","Y",""
"경기도교육청","경기도부천교육지원청","경기도 부천시 오정구","S090001874","내동중학교","03","공립","N","","349","Y","12","Y",""
"경기도교육청","경기도부천교육지원청","경기도 부천시 오정구","S090001878","덕산중학교","03","공립","N","","572","Y","10","Y",""
"경기도교육청","경기도부천교육지원청","경기도 부천시 원미구","S090001882","부명중학교","03","공립","N","","457","Y","79","Y",""
"경기도교육청","경기도부천교육지원청","경기도 부천시 원미구","S090001883","부인중학교","03","공립","N","","588","Y","51","Y",""
"경기도교육청","경기도부천교육지원청","경기도 부천시 소사구","S090001884","부일중학교","03","공립","N","","307","Y","28","Y",""
"경기도교육청","경기도부천교육지원청","경기도 부천시 소사구","S090001885","부천남중학교","03","공립","N","","395","Y","0","N",""
"경기도교육청","경기도부천교육지원청","경기도 부천시 소사구","S090001886","부천동여자중학교","03","공립","N","","497","Y","30","Y",""
"경기도교육청","경기도부천교육지원청","경기도 부천시 소사구","S090001887","부천동중학교","03","공립","N","","283","Y","16","Y",""
"경기도교육청","경기도부천교육지원청","경기도 부천시 원미구","S090001888","부천부곡중학교","03","공립","N","","255","Y","26","Y",""
"경기도교육청","경기도부천교육지원청","경기도 부천시 원미구","S090001889","부천부흥중학교","03","공립","N","","380","Y","13","Y",""
"경기도교육청","경기도부천교육지원청","경기도 부천시 오정구","S090001892","부천여월중학교","03","공립","N","","207","Y","0","N",""
"경기도교육청","경기도부천교육지원청","경기도 부천시 소사구","S090001893","부천여자중학교","03","공립","N","","481","Y","77","Y",""
"경기도교육청","경기도부천교육지원청","경기도 부천시 원미구","S090001894","부천중학교","03","공립","N","","728","Y","67","Y",""
"경기도교육청","경기도부천교육지원청","경기도 부천시 원미구","S090001896","상도중학교","03","공립","N","","330","Y","0","N",""
"경기도교육청","경기도부천교육지원청","경기도 부천시 원미구","S090001897","상동중학교","03","공립","N","","275","Y","15","Y",""
"경기도교육청","경기도부천교육지원청","경기도 부천시 원미구","S090001898","상일중학교","03","공립","N","","571","Y","13","Y",""
"경기도교육청","경기도부천교육지원청","경기도 부천시 원미구","S090001899","석천중학교","03","공립","N","","606","Y","51","Y",""
"경기도교육청","경기도부천교육지원청","경기도 부천시 오정구","S090001900","성곡중학교","03","공립","N","","639","Y","10","Y",""
"경기도교육청","경기도부천교육지원청","경기도 부천시 소사구","S090001901","성주중학교","03","공립","N","","511","Y","226","Y",""
"경기도교육청","경기도부천교육지원청","경기도 부천시 원미구","S090001902","소명여자중학교","03","사립","N","","565","Y","154","Y",""
"경기도교육청","경기도부천교육지원청","경기도 부천시 소사구","S090001903","소사중학교","03","공립","N","","299","Y","0","N",""
"경기도교육청","경기도부천교육지원청","경기도 부천시 원미구","S090001905","심원중학교","03","공립","N","","515","Y","77","Y",""
"경기도교육청","경기도부천교육지원청","경기도 부천시 원미구","S090001906","역곡중학교","03","공립","N","","458","Y","75","Y",""
"경기도교육청","경기도부천교육지원청","경기도 부천시 원미구","S090001911","중원중학교","03","공립","N","","281","Y","0","N",""
"경기도교육청","경기도부천교육지원청","경기도 부천시 원미구","S090001912","중흥중학교","03","공립","N","","340","Y","6","Y",""
"경기도교육청","경기도성남교육지원청","경기도 성남시 중원구","S090002174","금광중학교","03","공립","N","","267","Y","25","Y",""
"경기도교육청","경기도성남교육지원청","경기도 성남시 분당구","S090002176","내정중학교","03","공립","N","","968","Y","0","N",""
"경기도교육청","경기도성남교육지원청","경기도 성남시 중원구","S090002177","대원중학교","03","공립","N","","130","Y","0","N",""
"경기도교육청","경기도성남교육지원청","경기도 성남시 분당구","S090002178","매송중학교","03","공립","N","","434","Y","6","Y",""
"경기도교육청","경기도성남교육지원청","경기도 성남시 분당구","S090002180","백현중학교","03","공립","N","","435","Y","12","Y",""
"경기도교육청","경기도성남교육지원청","경기도 성남시 분당구","S090002181","분당중학교","03","공립","N","","373","Y","2","Y",""
"경기도교육청","경기도성남교육지원청","경기도 성남시 분당구","S090002182","불곡중학교","03","공립","N","","529","Y","4","Y",""
"경기도교육청","경기도성남교육지원청","경기도 성남시 수정구","S090002183","상원여자중학교","03","공립","N","","251","Y","76","Y",""
"경기도교육청","경기도성남교육지원청","경기도 성남시 분당구","S090002184","서현중학교","03","공립","N","","736","Y","4","Y",""
"경기도교육청","경기도성남교육지원청","경기도 성남시 중원구","S090002185","성남동중학교","03","공립","N","","385","Y","1","Y",""
"경기도교육청","경기도성남교육지원청","경기도 성남시 수정구","S090002186","성남문원중학교","03","공립","N","","333","Y","37","Y",""
"경기도교육청","경기도성남교육지원청","경기도 성남시 수정구","S090002187","성남서중학교","03","공립","N","","499","Y","75","Y",""
"경기도교육청","경기도성남교육지원청","경기도 성남시 수정구","S090002188","성남여자중학교","03","공립","N","","363","Y","6","Y",""
"경기도교육청","경기도성남교육지원청","경기도 성남시 중원구","S090002189","성남중학교","03","공립","N","","209","Y","5","Y",""
"경기도교육청","경기도성남교육지원청","경기도 성남시 중원구","S090002190","동광중학교","03","사립","N","","259","Y","106","Y",""
"경기도교육청","경기도성남교육지원청","경기도 성남시 중원구","S090002191","성일중학교","03","사립","N","","407","Y","79","Y",""
"경기도교육청","경기도성남교육지원청","경기도 성남시 분당구","S090002192","송림중학교","03","사립","N","","322","Y","54","Y",""
"경기도교육청","경기도성남교육지원청","경기도 성남시 분당구","S090002193","수내중학교","03","공립","N","","467","Y","7","Y",""
"경기도교육청","경기도성남교육지원청","경기도 성남시 중원구","S090002194","숭신중학교","03","사립","N","","498","Y","25","Y",""
"경기도교육청","경기도성남교육지원청","경기도 성남시 분당구","S090002195","야탑중학교","03","공립","N","","638","Y","27","Y",""
"경기도교육청","경기도성남교육지원청","경기도 성남시 분당구","S090002196","양영중학교","03","공립","N","","493","Y","6","Y",""
"경기도교육청","경기도성남교육지원청","경기도 성남시 중원구","S090002198","영성중학교","03","공립","N","","453","Y","0","N",""
"경기도교육청","경기도성남교육지원청","경기도 성남시 중원구","S090002199","은행중학교","03","공립","N","","150","Y","20","Y",""
"경기도교육청","경기도성남교육지원청","경기도 성남시 분당구","S090002200","이매중학교","03","공립","N","","752","Y","0","N",""
"경기도교육청","경기도성남교육지원청","경기도 성남시 분당구","S090002201","장안중학교","03","공립","N","","574","Y","25","Y",""
"경기도교육청","경기도성남교육지원청","경기도 성남시 분당구","S090002202","정자중학교","03","공립","N","","403","Y","0","N",""
"경기도교육청","경기도성남교육지원청","경기도 성남시 분당구","S090002205","청솔중학교","03","공립","N","","169","Y","0","N",""
"경기도교육청","경기도성남교육지원청","경기도 성남시 수정구","S090002206","태평중학교","03","공립","N","","351","Y","9","Y",""
"경기도교육청","경기도성남교육지원청","경기도 성남시 수정구","S090002207","풍생중학교","03","사립","N","","758","Y","0","N",""
"경기도교육청","경기도성남교육지원청","경기도 성남시 분당구","S090002208","하탑중학교","03","공립","N","","515","Y","22","Y",""
"경기도교육청","경기도수원교육지원청","경기도 수원시 권선구","S090002406","고색중학교","03","공립","N","","505","Y","79","Y",""
"경기도교육청","경기도수원교육지원청","경기도 수원시 권선구","S090002407","곡선중학교","03","공립","N","","598","Y","10","Y",""
"경기도교육청","경기도수원교육지원청","경기도 수원시 권선구","S090002408","구운중학교","03","공립","N","","540","Y","24","Y",""
"경기도교육청","경기도수원교육지원청","경기도 수원시 권선구","S090002409","권선중학교","03","공립","N","","352","Y","0","N",""
"경기도교육청","경기도수원교육지원청","경기도 수원시 권선구","S090002410","남수원중학교","03","공립","N","","472","Y","0","N",""
"경기도교육청","경기도수원교육지원청","경기도 수원시 장안구","S090002411","대평중학교","03","공립","N","","803","Y","52","Y",""
"경기도교육청","경기도수원교육지원청","경기도 수원시 팔달구","S090002412","동성중학교","03","공립","N","","550","Y","20","Y",""
"경기도교육청","경기도수원교육지원청","경기도 수원시 영통구","S090002413","동수원중학교","03","공립","N","","278","Y","4","Y",""
"경기도교육청","경기도수원교육지원청","경기도 수원시 영통구","S090002414","매원중학교","03","공립","N","","326","Y","0","N",""
"경기도교육청","경기도수원교육지원청","경기도 수원시 팔달구","S090002415","매향중학교","03","사립","N","","421","Y","0","N",""
"경기도교육청","경기도수원교육지원청","경기도 수원시 영통구","S090002416","매현중학교","03","공립","N","","312","Y","10","Y",""
"경기도교육청","경기도수원교육지원청","경기도 수원시 장안구","S090002417","명인중학교","03","공립","N","","402","Y","7","Y",""
"경기도교육청","경기도수원교육지원청","경기도 수원시 장안구","S090002418","송원중학교","03","공립","N","","373","Y","5","Y",""
"경기도교육청","경기도수원교육지원청","경기도 수원시 영통구","S090002419","산남중학교","03","공립","N","","365","Y","0","N",""
"경기도교육청","경기도수원교육지원청","경기도 수원시 팔달구","S090002420","삼일중학교","03","사립","N","","685","Y","23","Y",""
"경기도교육청","경기도수원교육지원청","경기도 수원시 장안구","S090002421","창용중학교","03","공립","N","","0","N","32","Y",""
"경기도교육청","경기도수원교육지원청","경기도 수원시 장안구","S090002422","수성중학교","03","공립","N","","122","Y","3","Y",""
"경기도교육청","경기도수원교육지원청","경기도 수원시 장안구","S090002423","수원북중학교","03","공립","N","","352","Y","35","Y",""
"경기도교육청","경기도수원교육지원청","경기도 수원시 팔달구","S090002424","수원제일중학교","03","공립","N","","348","Y","22","Y",""
"경기도교육청","경기도수원교육지원청","경기도 수원시 팔달구","S090002425","수원중학교","03","사립","N","","740","Y","190","Y",""
"경기도교육청","경기도수원교육지원청","경기도 수원시 장안구","S090002426","수일여자중학교","03","공립","N","","196","Y","14","Y",""
"경기도교육청","경기도수원교육지원청","경기도 수원시 장안구","S090002427","수일중학교","03","공립","N","","634","Y","14","Y",""
"경기도교육청","경기도수원교육지원청","경기도 수원시 팔달구","S090002428","숙지중학교","03","공립","N","","245","Y","38","Y",""
"경기도교육청","경기도수원교육지원청","경기도 수원시 영통구","S090002429","연무중학교","03","공립","N","","589","Y","3","Y",""
"경기도교육청","경기도수원교육지원청","경기도 수원시 영통구","S090002430","영덕중학교","03","공립","N","","490","Y","33","Y",""
"경기도교육청","경기도수원교육지원청","경기도 수원시 팔달구","S090002431","영복여자중학교","03","사립","N","","319","Y","26","Y",""
"경기도교육청","경기도수원교육지원청","경기도 수원시 권선구","S090002432","영신중학교","03","사립","N","","347","Y","0","N",""
"경기도교육청","경기도수원교육지원청","경기도 수원시 영통구","S090002433","영일중학교","03","공립","N","","442","Y","21","Y",""
"경기도교육청","경기도수원교육지원청","경기도 수원시 영통구","S090002434","영통중학교","03","공립","N","","402","Y","1","Y",""
"경기도교육청","경기도수원교육지원청","경기도 수원시 영통구","S090002435","원천중학교","03","공립","N","","195","Y","8","Y",""
"경기도교육청","경기도수원교육지원청","경기도 수원시 장안구","S090002436","율전중학교","03","공립","N","","385","Y","0","N",""
"경기도교육청","경기도수원교육지원청","경기도 수원시 팔달구","S090002437","율현중학교","03","공립","N","","287","Y","0","N",""
"경기도교육청","경기도수원교육지원청","경기도 수원시 장안구","S090002438","이목중학교","03","공립","N","","431","Y","0","N",""
"경기도교육청","경기도수원교육지원청","경기도 수원시 장안구","S090002439","천천중학교","03","공립","N","","390","Y","54","Y",""
"경기도교육청","경기도수원교육지원청","경기도 수원시 영통구","S090002440","청명중학교","03","공립","N","","461","Y","0","N",""
"경기도교육청","경기도수원교육지원청","경기도 수원시 영통구","S090002441","태장중학교","03","공립","N","","300","Y","30","Y",""
"경기도교육청","경기도수원교육지원청","경기도 수원시 권선구","S090002442","호매실중학교","03","공립","N","","420","Y","0","N",""
"경기도교육청","경기도수원교육지원청","경기도 수원시 권선구","S090002443","화홍중학교","03","공립","N","","575","Y","18","Y",""
"경기도교육청","경기도안산교육지원청","경기도 안산시 상록구","S090002683","경수중학교","03","공립","N","","512","Y","2","Y",""
"경기도교육청","경기도안산교육지원청","경기도 안산시 단원구","S090002684","관산중학교","03","공립","N","","342","Y","10","Y",""
"경기도교육청","경기도시흥교육지원청","경기도 시흥시","S090002685","군자중학교","03","공립","N","","758","Y","110","Y",""
"경기도교육청","경기도안산교육지원청","경기도 안산시 단원구","S090002686","대부중학교","03","공립","N","","177","Y","0","N",""
"경기도교육청","경기도시흥교육지원청","경기도 시흥시","S090002687","대흥중학교","03","공립","N","","302","Y","8","Y",""
"경기도교육청","경기도안산교육지원청","경기도 안산시 상록구","S090002688","반월중학교","03","공립","N","","186","Y","2","Y",""
"경기도교육청","경기도안산교육지원청","경기도 안산시 단원구","S090002689","별망중학교","03","공립","N","","625","Y","76","Y",""
"경기도교육청","경기도안산교육지원청","경기도 안산시 상록구","S090002690","본오중학교","03","공립","N","","715","Y","14","Y",""
"경기도교육청","경기도안산교육지원청","경기도 안산시 상록구","S090002691","상록중학교","03","공립","N","","609","Y","48","Y",""
"경기도교육청","경기도시흥교육지원청","경기도 시흥시","S090002692","서해중학교","03","공립","N","","560","Y","36","Y",""
"경기도교육청","경기도안산교육지원청","경기도 안산시 단원구","S090002693","선부중학교","03","공립","N","","421","Y","0","N",""
"경기도교육청","경기도안산교육지원청","경기도 안산시 상록구","S090002694","성안중학교","03","공립","N","","484","Y","36","Y",""
"경기도교육청","경기도시흥교육지원청","경기도 시흥시","S090002695","한국글로벌중학교","03","사립","N","","291","Y","8","Y",""
"경기도교육청","경기도안산교육지원청","경기도 안산시 상록구","S090002696","성포중학교","03","공립","N","","342","Y","10","Y",""
"경기도교육청","경기도시흥교육지원청","경기도 시흥시","S090002697","소래중학교","03","공립","N","","639","Y","11","Y",""
"경기도교육청","경기도시흥교육지원청","경기도 시흥시","S090002698","송운중학교","03","공립","N","","481","Y","0","N",""
"경기도교육청","경기도안산교육지원청","경기도 안산시 단원구","S090002699","송호중학교","03","공립","N","","531","Y","0","N",""
"경기도교육청","경기도안산교육지원청","경기도 안산시 상록구","S090002700","시곡중학교","03","공립","N","","625","Y","44","Y",""
"경기도교육청","경기도시흥교육지원청","경기도 시흥시","S090002701","시흥은행중학교","03","공립","N","","526","Y","40","Y",""
"경기도교육청","경기도시흥교육지원청","경기도 시흥시","S090002702","시흥중학교","03","공립","N","","531","Y","0","N",""
"경기도교육청","경기도시흥교육지원청","경기도 시흥시","S090002703","신천중학교","03","공립","N","","410","Y","8","Y",""
"경기도교육청","경기도안산교육지원청","경기도 안산시 상록구","S090002704","안산부곡중학교","03","공립","N","","315","Y","7","Y",""
"경기도교육청","경기도안산교육지원청","경기도 안산시 상록구","S090002705","안산중학교","03","사립","N","","254","Y","36","Y",""
"경기도교육청","경기도안산교육지원청","경기도 안산시 단원구","S090002706","양지중학교","03","공립","N","","723","Y","0","N",""
"경기도교육청","경기도시흥교육지원청","경기도 시흥시","S090002707","연성중학교","03","공립","N","","359","Y","40","Y",""
"경기도교육청","경기도안산교육지원청","경기도 안산시 단원구","S090002708","와동중학교","03","공립","N","","643","Y","9","Y",""
"경기도교육청","경기도안산교육지원청","경기도 안산시 단원구","S090002709","원곡중학교","03","공립","N","","350","Y","3","Y",""
"경기도교육청","경기도안산교육지원청","경기도 안산시 단원구","S090002710","원일중학교","03","공립","N","","528","Y","21","Y",""
"경기도교육청","경기도시흥교육지원청","경기도 시흥시","S090002711","장곡중학교","03","공립","N","","362","Y","14","Y",""
"경기도교육청","경기도시흥교육지원청","경기도 시흥시","S090002712","정왕중학교","03","공립","N","","474","Y","19","Y",""
"경기도교육청","경기도안산교육지원청","경기도 안산시 단원구","S090002713","중앙중학교","03","공립","N","","228","Y","11","Y",""
"경기도교육청","경기도시흥교육지원청","경기도 시흥시","S090002714","함현중학교","03","공립","N","","637","Y","21","Y",""
"경기도교육청","경기도안성교육지원청","경기도 안성시","S090002917","공도중학교","03","공립","N","","756","Y","0","N",""
"경기도교육청","경기도안성교육지원청","경기도 안성시","S090002918","명륜여자중학교","03","사립","N","","209","Y","0","N",""
"경기도교육청","경기도안성교육지원청","경기도 안성시","S090002919","서운중학교","03","공립","N","","788","Y","0","N",""
"경기도교육청","경기도안성교육지원청","경기도 안성시","S090002920","안성여자중학교","03","공립","N","","421","Y","28","Y",""
"경기도교육청","경기도안성교육지원청","경기도 안성시","S090002921","안성중학교","03","공립","N","","568","Y","2","Y",""
"경기도교육청","경기도안성교육지원청","경기도 안성시","S090002922","안청중학교","03","사립","N","","349","Y","7","Y",""
"경기도교육청","경기도안성교육지원청","경기도 안성시","S090002923","양성중학교","03","공립","N","","0","N","208","Y",""
"경기도교육청","경기도안성교육지원청","경기도 안성시","S090002924","일죽중학교","03","공립","N","","174","Y","0","N",""
"경기도교육청","경기도안성교육지원청","경기도 안성시","S090002925","죽산중학교","03","공립","N","","72","Y","0","N",""
"경기도교육청","경기도안양과천교육지원청","경기도 과천시","S090003014","과천문원중학교","03","공립","N","","299","Y","0","N",""
"경기도교육청","경기도안양과천교육지원청","경기도 과천시","S090003016","과천중학교","03","공립","N","","794","Y","112","Y",""
"경기도교육청","경기도안양과천교육지원청","경기도 안양시 동안구","S090003017","인덕원중학교","03","공립","N","","306","Y","9","Y",""
"경기도교육청","경기도안양과천교육지원청","경기도 안양시 동안구","S090003018","관양중학교","03","공립","N","","363","Y","0","N",""
"경기도교육청","경기도안양과천교육지원청","경기도 안양시 동안구","S090003019","귀인중학교","03","공립","N","","694","Y","99","Y",""
"경기도교육청","경기도안양과천교육지원청","경기도 안양시 만안구","S090003020","근명중학교","03","사립","N","","385","Y","6","Y",""
"경기도교육청","경기도안양과천교육지원청","경기도 안양시 동안구","S090003021","대안여자중학교","03","공립","N","","700","Y","5","Y",""
"경기도교육청","경기도안양과천교육지원청","경기도 안양시 동안구","S090003022","대안중학교","03","공립","N","","410","Y","0","N",""
"경기도교육청","경기도안양과천교육지원청","경기도 안양시 동안구","S090003024","범계중학교","03","공립","N","","541","Y","0","N",""
"경기도교육청","경기도안양과천교육지원청","경기도 안양시 동안구","S090003025","부림중학교","03","공립","N","","363","Y","0","N",""
"경기도교육청","경기도안양과천교육지원청","경기도 안양시 동안구","S090003026","부안중학교","03","공립","N","","533","Y","11","Y",""
"경기도교육청","경기도안양과천교육지원청","경기도 안양시 만안구","S090003029","성문중학교","03","사립","N","","505","Y","0","N",""
"경기도교육청","경기도안양과천교육지원청","경기도 안양시 동안구","S090003030","신기중학교","03","공립","N","","761","Y","42","Y",""
"경기도교육청","경기도안양과천교육지원청","경기도 안양시 만안구","S090003031","신성중학교","03","사립","N","","520","Y","30","Y",""
"경기도교육청","경기도안양과천교육지원청","경기도 안양시 만안구","S090003032","신안중학교","03","공립","N","","695","Y","0","N",""
"경기도교육청","경기도안양과천교육지원청","경기도 안양시 동안구","S090003033","안양부흥중학교","03","공립","N","","520","Y","89","Y",""
"경기도교육청","경기도안양과천교육지원청","경기도 안양시 만안구","S090003035","안양서중학교","03","공립","N","","205","Y","9","Y",""
"경기도교육청","경기도안양과천교육지원청","경기도 안양시 만안구","S090003036","안양여자중학교","03","사립","N","","236","Y","0","N",""
"경기도교육청","경기도안양과천교육지원청","경기도 안양시 만안구","S090003037","안양중학교","03","공립","N","","586","Y","10","Y",""
"경기도교육청","경기도안양과천교육지원청","경기도 안양시 만안구","S090003038","연현중학교","03","공립","N","","518","Y","7","Y",""
"경기도교육청","경기도안양과천교육지원청","경기도 안양시 동안구","S090003039","평촌중학교","03","공립","N","","500","Y","0","N",""
"경기도교육청","경기도안양과천교육지원청","경기도 안양시 동안구","S090003041","호계중학교","03","공립","N","","574","Y","54","Y",""
"경기도교육청","경기도양평교육지원청","경기도 양평군","S090003199","강하중학교","03","공립","N","","158","Y","0","N",""
"경기도교육청","경기도양평교육지원청","경기도 양평군","S090003200","개군중학교","03","사립","N","","458","Y","0","N",""
"경기도교육청","경기도양평교육지원청","경기도 양평군","S090003201","국수중학교","03","공립","N","","0","N","0","N",""
"경기도교육청","경기도양평교육지원청","경기도 양평군","S090003202","양수중학교","03","공립","N","","319","Y","8","Y",""
"경기도교육청","경기도양평교육지원청","경기도 양평군","S090003203","단월중학교","03","사립","N","","561","Y","11","Y",""
"경기도교육청","경기도양평교육지원청","경기도 양평군","S090003204","서종중학교","03","사립","N","","378","Y","1","Y",""
"경기도교육청","경기도양평교육지원청","경기도 양평군","S090003205","양동중학교","03","사립","N","","0","N","14","Y",""
"경기도교육청","경기도양평교육지원청","경기도 양평군","S090003206","양일중학교","03","사립","N","","372","Y","0","N",""
"경기도교육청","경기도양평교육지원청","경기도 양평군","S090003208","양평중학교","03","공립","N","","445","Y","1","Y",""
"경기도교육청","경기도양평교육지원청","경기도 양평군","S090003210","용문중학교","03","사립","N","","373","Y","0","N",""
"경기도교육청","경기도양평교육지원청","경기도 양평군","S090003211","지평중학교","03","공립","N","","264","Y","16","Y",""
"경기도교육청","경기도양평교육지원청","경기도 양평군","S090003212","청운중학교","03","공립","N","","0","N","17","Y",""
"경기도교육청","경기도여주교육지원청","경기도 여주시","S090003314","강천중학교","03","공립","N","","302","Y","8","Y",""
"경기도교육청","경기도여주교육지원청","경기도 여주시","S090003315","대신중학교","03","사립","N","","0","N","0","N",""
"경기도교육청","경기도여주교육지원청","경기도 여주시","S090003316","상품중학교","03","공립","N","","0","N","42","Y",""
"경기도교육청","경기도여주교육지원청","경기도 여주시","S090003317","세정중학교","03","사립","N","","229","Y","0","N",""
"경기도교육청","경기도여주교육지원청","경기도 여주시","S090003318","여강중학교","03","사립","N","","202","Y","3","Y",""
"경기도교육청","경기도여주교육지원청","경기도 여주시","S090003319","여주제일중학교","03","사립","N","","383","Y","0","N",""
"경기도교육청","경기도여주교육지원청","경기도 여주시","S090003320","여흥중학교","03","공립","N","","521","Y","53","Y",""
"경기도교육청","경기도여주교육지원청","경기도 여주시","S090003321","여주중학교","03","공립","N","","84","Y","0","N",""
"경기도교육청","경기도여주교육지원청","경기도 여주시","S090003322","이포중학교","03","공립","N","","0","N","0","N",""
"경기도교육청","경기도여주교육지원청","경기도 여주시","S090003323","점동중학교","03","공립","N","","396","Y","0","N",""
"경기도교육청","경기도여주교육지원청","경기도 여주시","S090003324","창명여자중학교","03","사립","N","","0","N","61","Y",""
"경기도교육청","경기도여주교육지원청","경기도 여주시","S090003325","흥천중학교","03","공립","N","","0","N","33","Y",""
"경기도교육청","경기도연천교육지원청","경기도 연천군","S090003406","군남중학교","03","공립","N","","37","Y","0","N",""
"경기도교육청","경기도연천교육지원청","경기도 연천군","S090003407","대광중학교","03","공립","N","","0","N","66","Y",""
"경기도교육청","경기도연천교육지원청","경기도 연천군","S090003408","백학중학교","03","공립","N","","77","Y","111","Y",""
"경기도교육청","경기도연천교육지원청","경기도 연천군","S090003409","연천중학교","03","공립","N","","0","N","48","Y",""
"경기도교육청","경기도연천교육지원청","경기도 연천군","S090003410","전곡중학교","03","공립","N","","456","Y","49","Y",""
"경기도교육청","경기도연천교육지원청","경기도 연천군","S090003411","청산중학교","03","공립","N","","0","N","91","Y",""
"경기도교육청","경기도용인교육지원청","경기도 용인시 기흥구","S090003467","구갈중학교","03","공립","N","","389","Y","0","N",""
"경기도교육청","경기도용인교육지원청","경기도 용인시 기흥구","S090003468","구성중학교","03","공립","N","","445","Y","22","Y",""
"경기도교육청","경기도용인교육지원청","경기도 용인시 기흥구","S090003470","나곡중학교","03","공립","N","","352","Y","9","Y",""
"경기도교육청","경기도용인교육지원청","경기도 용인시 처인구","S090003471","남사중학교","03","사립","N","","0","N","0","N",""
"경기도교육청","경기도용인교육지원청","경기도 용인시 수지구","S090003472","대지중학교","03","공립","N","","458","Y","7","Y",""
"경기도교육청","경기도용인교육지원청","경기도 용인시 처인구","S090003473","모현중학교","03","공립","N","","374","Y","19","Y",""
"경기도교육청","경기도용인교육지원청","경기도 용인시 수지구","S090003474","문정중학교","03","사립","N","","443","Y","2","Y",""
"경기도교육청","경기도용인교육지원청","경기도 용인시 처인구","S090003475","백암중학교","03","공립","N","","0","N","230","Y",""
"경기도교육청","경기도용인교육지원청","경기도 용인시 기흥구","S090003476","상갈중학교","03","공립","N","","491","Y","0","N",""
"경기도교육청","경기도용인교육지원청","경기도 용인시 수지구","S090003477","상현중학교","03","공립","N","","537","Y","1","Y",""
"경기도교육청","경기도용인교육지원청","경기도 용인시 수지구","S090003478","서원중학교","03","공립","N","","420","Y","1","Y",""
"경기도교육청","경기도용인교육지원청","경기도 용인시 수지구","S090003479","성복중학교","03","공립","N","","328","Y","10","Y",""
"경기도교육청","경기도용인교육지원청","경기도 용인시 기흥구","S090003480","소현중학교","03","공립","N","","269","Y","0","N",""
"경기도교육청","경기도용인교육지원청","경기도 용인시 처인구","S090003481","송전중학교","03","공립","N","","0","N","0","N",""
"경기도교육청","경기도용인교육지원청","경기도 용인시 수지구","S090003482","수지중학교","03","공립","N","","689","Y","34","Y",""
"경기도교육청","경기도용인교육지원청","경기도 용인시 기흥구","S090003483","신갈중학교","03","공립","N","","325","Y","0","N",""
"경기도교육청","경기도용인교육지원청","경기도 용인시 처인구","S090003484","영문중학교","03","공립","N","","539","Y","60","Y",""
"경기도교육청","경기도용인교육지원청","경기도 용인시 처인구","S090003485","용동중학교","03","사립","N","","244","Y","34","Y",""
"경기도교육청","경기도용인교육지원청","경기도 용인시 처인구","S090003487","용인중학교","03","공립","N","","347","Y","0","N",""
"경기도교육청","경기도용인교육지원청","경기도 용인시 처인구","S090003488","원삼중학교","03","공립","N","","0","N","0","N",""
"경기도교육청","경기도용인교육지원청","경기도 용인시 수지구","S090003489","이현중학교","03","공립","N","","699","Y","36","Y",""
"경기도교육청","경기도용인교육지원청","경기도 용인시 수지구","S090003490","정평중학교","03","공립","N","","533","Y","36","Y",""
"경기도교육청","경기도용인교육지원청","경기도 용인시 수지구","S090003491","죽전중학교","03","공립","N","","504","Y","3","Y",""
"경기도교육청","경기도용인교육지원청","경기도 용인시 처인구","S090003492","태성중학교","03","사립","N","","178","Y","1","Y",""
"경기도교육청","경기도용인교육지원청","경기도 용인시 처인구","S090003493","포곡중학교","03","공립","N","","541","Y","15","Y",""
"경기도교육청","경기도용인교육지원청","경기도 용인시 수지구","S090003494","홍천중학교","03","공립","N","","510","Y","0","N",""
"경기도교육청","경기도의정부교육지원청","경기도 의정부시","S090003639","경민여자중학교","03","사립","N","","115","Y","4","Y",""
"경기도교육청","경기도의정부교육지원청","경기도 의정부시","S090003640","경민중학교","03","사립","N","","598","Y","40","Y",""
"경기도교육청","경기도의정부교육지원청","경기도 의정부시","S090003641","금오중학교","03","공립","N","","366","Y","26","Y",""
"경기도교육청","경기도의정부교육지원청","경기도 의정부시","S090003642","민락중학교","03","공립","N","","749","Y","13","Y",""
"경기도교육청","경기도의정부교육지원청","경기도 의정부시","S090003643","발곡중학교","03","공립","N","","428","Y","0","N",""
"경기도교육청","경기도의정부교육지원청","경기도 의정부시","S090003645","부용중학교","03","공립","N","","440","Y","21","Y",""
"경기도교육청","경기도의정부교육지원청","경기도 의정부시","S090003646","신곡중학교","03","공립","N","","370","Y","116","Y",""
"경기도교육청","경기도의정부교육지원청","경기도 의정부시","S090003648","다온중학교","03","공립","N","","379","Y","0","N",""
"경기도교육청","경기도의정부교육지원청","경기도 의정부시","S090003649","의정부여자중학교","03","공립","N","","260","Y","42","Y",""
"경기도교육청","경기도의정부교육지원청","경기도 의정부시","S090003650","의정부중학교","03","공립","N","","492","Y","48","Y",""
"경기도교육청","경기도의정부교육지원청","경기도 의정부시","S090003651","천보중학교","03","공립","N","","417","Y","37","Y",""
"경기도교육청","경기도의정부교육지원청","경기도 의정부시","S090003652","충의중학교","03","공립","N","","536","Y","7","Y",""
"경기도교육청","경기도의정부교육지원청","경기도 의정부시","S090003653","호원중학교","03","공립","N","","909","Y","90","Y",""
"경기도교육청","경기도의정부교육지원청","경기도 의정부시","S090003654","회룡중학교","03","공립","N","","417","Y","8","Y",""
"경기도교육청","경기도의정부교육지원청","경기도 의정부시","S090003655","효자중학교","03","공립","N","","336","Y","11","Y",""
"경기도교육청","경기도이천교육지원청","경기도 이천시","S090003740","이천경남중학교","03","공립","N","","40","Y","2","Y",""
"경기도교육청","경기도이천교육지원청","경기도 이천시","S090003741","대월중학교","03","공립","N","","0","N","1","Y",""
"경기도교육청","경기도이천교육지원청","경기도 이천시","S090003742","마장중학교","03","공립","N","","221","Y","36","Y",""
"경기도교육청","경기도이천교육지원청","경기도 이천시","S090003743","모가중학교","03","공립","N","","0","N","0","N",""
"경기도교육청","경기도이천교육지원청","경기도 이천시","S090003745","백사중학교","03","공립","N","","268","Y","38","Y",""
"경기도교육청","경기도이천교육지원청","경기도 이천시","S090003746","부발중학교","03","공립","N","","157","Y","100","Y",""
"경기도교육청","경기도이천교육지원청","경기도 이천시","S090003747","설봉중학교","03","공립","N","","256","Y","44","Y",""
"경기도교육청","경기도이천교육지원청","경기도 이천시","S090003749","율면중학교","03","공립","N","","0","N","71","Y",""
"경기도교육청","경기도이천교육지원청","경기도 이천시","S090003750","이천송정중학교","03","공립","N","","464","Y","38","Y",""
"경기도교육청","경기도이천교육지원청","경기도 이천시","S090003751","이천양정여자중학교","03","사립","N","","653","Y","113","Y",""
"경기도교육청","경기도이천교육지원청","경기도 이천시","S090003752","이천중학교","03","공립","N","","451","Y","31","Y",""
"경기도교육청","경기도이천교육지원청","경기도 이천시","S090003754","장호원중학교","03","공립","N","","681","Y","25","Y",""
"경기도교육청","경기도이천교육지원청","경기도 이천시","S090003756","효양중학교","03","공립","N","","253","Y","0","N",""
"경기도교육청","경기도파주교육지원청","경기도 파주시","S090003860","광탄중학교","03","사립","N","","495","Y","8","Y",""
"경기도교육청","경기도파주교육지원청","경기도 파주시","S090003861","교하중학교","03","공립","N","","475","Y","16","Y",""
"경기도교육청","경기도파주교육지원청","경기도 파주시","S090003862","문산동중학교","03","사립","N","","426","Y","17","Y",""
"경기도교육청","경기도파주교육지원청","경기도 파주시","S090003863","문산북중학교","03","공립","N","","21","Y","15","Y",""
"경기도교육청","경기도파주교육지원청","경기도 파주시","S090003864","문산수억중학교","03","사립","N","","294","Y","0","N",""
"경기도교육청","경기도파주교육지원청","경기도 파주시","S090003865","문산중학교","03","공립","N","","463","Y","10","Y",""
"경기도교육청","경기도파주교육지원청","경기도 파주시","S090003866","법원여자중학교","03","공립","N","","327","Y","0","N",""
"경기도교육청","경기도파주교육지원청","경기도 파주시","S090003867","봉일천중학교","03","공립","N","","600","Y","31","Y",""
"경기도교육청","경기도파주교육지원청","경기도 파주시","S090003868","삼광중학교","03","사립","N","","238","Y","0","N",""
"경기도교육청","경기도파주교육지원청","경기도 파주시","S090003869","어유중학교","03","공립","N","","0","N","0","N",""
"경기도교육청","경기도파주교육지원청","경기도 파주시","S090003870","율곡중학교","03","사립","N","","185","Y","0","N",""
"경기도교육청","경기도파주교육지원청","경기도 파주시","S090003871","지산중학교","03","공립","N","","561","Y","0","N",""
"경기도교육청","경기도파주교육지원청","경기도 파주시","S090003872","정목중학교","03","사립","N","","360","Y","3","Y",""
"경기도교육청","경기도파주교육지원청","경기도 파주시","S090003873","파주중학교","03","사립","N","","0","N","80","Y",""
"경기도교육청","경기도파주교육지원청","경기도 파주시","S090003874","파평중학교","03","공립","N","","0","N","0","N",""
"경기도교육청","경기도파주교육지원청","경기도 파주시","S090003875","탄현중학교","03","공립","N","","0","N","110","Y",""
"경기도교육청","경기도평택교육지원청","경기도 평택시","S090003988","세교중학교","03","공립","N","","510","Y","71","Y",""
"경기도교육청","경기도평택교육지원청","경기도 평택시","S090003989","라온중학교","03","사립","N","","205","Y","28","Y",""
"경기도교육청","경기도평택교육지원청","경기도 평택시","S090003990","송탄중학교","03","공립","N","","189","Y","0","N",""
"경기도교육청","경기도평택교육지원청","경기도 평택시","S090003992","신한중학교","03","사립","N","","927","Y","11","Y",""
"경기도교육청","경기도평택교육지원청","경기도 평택시","S090003993","안일중학교","03","공립","N","","489","Y","0","N",""
"경기도교육청","경기도평택교육지원청","경기도 평택시","S090003994","안중중학교","03","사립","N","","79","Y","0","N",""
"경기도교육청","경기도평택교육지원청","경기도 평택시","S090003995","오성중학교","03","사립","N","","143","Y","20","Y",""
"경기도교육청","경기도평택교육지원청","경기도 평택시","S090003996","은혜중학교","03","사립","N","","142","Y","23","Y",""
"경기도교육청","경기도평택교육지원청","경기도 평택시","S090003997","진위중학교","03","사립","N","","172","Y","0","N",""
"경기도교육청","경기도평택교육지원청","경기도 평택시","S090003998","청담중학교","03","사립","N","","330","Y","120","Y",""
"경기도교육청","경기도평택교육지원청","경기도 평택시","S090003999","청북중학교","03","공립","N","","0","N","55","Y",""
"경기도교육청","경기도평택교육지원청","경기도 평택시","S090004000","태광중학교","03","사립","N","","235","Y","42","Y",""
"경기도교육청","경기도평택교육지원청","경기도 평택시","S090004002","평택여자중학교","03","공립","N","","998","Y","0","N",""
"경기도교육청","경기도평택교육지원청","경기도 평택시","S090004003","평택중학교","03","공립","N","","593","Y","25","Y",""
"경기도교육청","경기도평택교육지원청","경기도 평택시","S090004004","포승중학교","03","공립","N","","166","Y","1","Y",""
"경기도교육청","경기도평택교육지원청","경기도 평택시","S090004005","한광여자중학교","03","사립","N","","438","Y","10","Y",""
"경기도교육청","경기도평택교육지원청","경기도 평택시","S090004006","한광중학교","03","사립","N","","300","Y","0","N",""
"경기도교육청","경기도평택교육지원청","경기도 평택시","S090004007","현화중학교","03","공립","N","","386","Y","3","Y",""
"경기도교육청","경기도평택교육지원청","경기도 평택시","S090004008","효명중학교","03","사립","N","","446","Y","10","Y",""
"경기도교육청","경기도포천교육지원청","경기도 포천시","S090004164","갈월중학교","03","공립","N","","154","Y","0","N",""
"경기도교육청","경기도포천교육지원청","경기도 포천시","S090004165","경북중학교","03","공립","N","","233","Y","0","N",""
"경기도교육청","경기도포천교육지원청","경기도 포천시","S090004166","관인중학교","03","공립","N","","0","N","49","Y",""
"경기도교육청","경기도포천교육지원청","경기도 포천시","S090004167","내촌중학교","03","공립","N","","0","N","90","Y",""
"경기도교육청","경기도포천교육지원청","경기도 포천시","S090004168","동남중학교","03","사립","N","","426","Y","37","Y",""
"경기도교육청","경기도포천교육지원청","경기도 포천시","S090004169","삼성중학교","03","공립","N","","0","N","28","Y",""
"경기도교육청","경기도포천교육지원청","경기도 포천시","S090004170","영북중학교","03","공립","N","","220","Y","8","Y",""
"경기도교육청","경기도포천교육지원청","경기도 포천시","S090004171","영중중학교","03","공립","N","","30","Y","44","Y",""
"경기도교육청","경기도포천교육지원청","경기도 포천시","S090004172","이동중학교","03","공립","N","","115","Y","0","N",""
"경기도교육청","경기도포천교육지원청","경기도 포천시","S090004173","일동중학교","03","공립","N","","312","Y","0","N",""
"경기도교육청","경기도포천교육지원청","경기도 포천시","S090004174","포천여자중학교","03","공립","N","","469","Y","0","N",""
"경기도교육청","경기도포천교육지원청","경기도 포천시","S090004175","포천중학교","03","공립","N","","139","Y","11","Y",""
"경기도교육청","경기도화성오산교육지원청","","S090004259","남양중학교","03","공립","N","","517","Y","2","Y",""
"경기도교육청","경기도화성오산교육지원청","","S090004260","동학중학교","03","공립","N","","275","Y","0","N",""
"경기도교육청","경기도화성오산교육지원청","경기도 화성시 동탄구","S090004261","동탄중학교","03","공립","N","","557","Y","0","N",""
"경기도교육청","경기도화성오산교육지원청","","S090004263","발안중학교","03","공립","N","","517","Y","8","Y",""
"경기도교육청","경기도화성오산교육지원청","경기도 화성시 효행구","S090004265","봉담중학교","03","공립","N","","291","Y","17","Y",""
"경기도교육청","경기도화성오산교육지원청","","S090004266","비봉중학교","03","사립","N","","450","Y","8","Y",""
"경기도교육청","경기도화성오산교육지원청","경기도 화성시 만세구","S090004267","삼괴중학교","03","사립","N","","335","Y","3","Y",""
"경기도교육청","경기도화성오산교육지원청","","S090004268","서신중학교","03","사립","N","","234","Y","0","N",""
"경기도교육청","경기도화성오산교육지원청","경기도 오산시","S090004269","성호중학교","03","공립","N","","350","Y","37","Y",""
"경기도교육청","경기도화성오산교육지원청","","S090004270","송산중학교","03","사립","N","","432","Y","26","Y",""
"경기도교육청","경기도화성오산교육지원청","","S090004271","안용중학교","03","사립","N","","875","Y","0","N",""
"경기도교육청","경기도화성오산교육지원청","경기도 화성시 만세구","S090004272","양감중학교","03","공립","N","","0","N","10","Y",""
"경기도교육청","경기도화성오산교육지원청","경기도 오산시","S090004273","매홀중학교","03","공립","N","","2375","Y","0","N",""
"경기도교육청","경기도화성오산교육지원청","경기도 오산시","S090004274","오산중학교","03","사립","N","","299","Y","5","Y",""
"경기도교육청","경기도화성오산교육지원청","경기도 오산시","S090004275","운암중학교","03","공립","N","","379","Y","101","Y",""
"경기도교육청","경기도화성오산교육지원청","경기도 오산시","S090004276","운천중학교","03","공립","N","","707","Y","24","Y",""
"경기도교육청","경기도화성오산교육지원청","경기도 화성시 만세구","S090004277","장안여자중학교","03","사립","N","","449","Y","16","Y",""
"경기도교육청","경기도화성오산교육지원청","","S090004278","정남중학교","03","공립","N","","195","Y","18","Y",""
"경기도교육청","경기도화성오산교육지원청","경기도 화성시 병점구","S090004279","진안중학교","03","공립","N","","564","Y","0","N",""
"경기도교육청","경기도화성오산교육지원청","","S090004280","화도중학교","03","사립","N","","226","Y","0","N",""
"경기도교육청","경기도화성오산교육지원청","경기도 화성시 만세구","S090004281","화성중학교","03","사립","N","","392","Y","7","Y",""
"경기도교육청","경기도광명교육지원청","경기도 광명시","S090004699","광문중학교","03","공립","N","","769","Y","84","Y",""
"경기도교육청","경기도수원교육지원청","경기도 수원시 권선구","S090004860","곡반중학교","03","공립","N","","406","Y","37","Y",""
"경기도교육청","경기도수원교육지원청","경기도 수원시 영통구","S090004861","망포중학교","03","공립","N","","425","Y","8","Y",""
"경기도교육청","경기도수원교육지원청","경기도 수원시 팔달구","S090004862","정천중학교","03","공립","N","","423","Y","2","Y",""
"경기도교육청","경기도수원교육지원청","경기도 수원시 권선구","S090004863","칠보중학교","03","공립","N","","524","Y","1","Y",""
"경기도교육청","경기도성남교육지원청","경기도 성남시 분당구","S090004864","분당구미중학교","03","공립","N","","418","Y","26","Y",""
"경기도교육청","경기도안양과천교육지원청","경기도 안양시 동안구","S090004865","호성중학교","03","공립","N","","580","Y","5","Y",""
"경기도교육청","경기도부천교육지원청","경기도 부천시 소사구","S090004866","부천일신중학교","03","공립","N","","499","Y","0","N",""
"경기도교육청","경기도안산교육지원청","경기도 안산시 단원구","S090004867","선일중학교","03","공립","N","","388","Y","24","Y",""
"경기도교육청","경기도구리남양주교육지원청","경기도 남양주시","S090004869","진접중학교","03","공립","N","","425","Y","6","Y",""
"경기도교육청","경기도고양교육지원청","경기도 고양시 일산서구","S090004870","대송중학교","03","공립","N","","512","Y","8","Y",""
"경기도교육청","경기도고양교육지원청","경기도 고양시 일산서구","S090004871","현산중학교","03","공립","N","","397","Y","25","Y",""
"경기도교육청","경기도용인교육지원청","경기도 용인시 처인구","S090004894","헌산중학교","03","사립","N","","403","Y","7","Y",""
"경기도교육청","경기도동두천양주교육지원청","경기도 동두천시","S090004948","생연중학교","03","공립","N","","325","Y","15","Y",""
"경기도교육청","경기도용인교육지원청","경기도 용인시 수지구","S090004970","현암중학교","03","공립","N","","459","Y","0","N",""
"경기도교육청","경기도용인교육지원청","경기도 용인시 기흥구","S090004971","용인신릉중학교","03","공립","N","","488","Y","18","Y",""
"경기도교육청","경기도용인교육지원청","경기도 용인시 기흥구","S090004972","용인신촌중학교","03","공립","N","","481","Y","0","N",""
"경기도교육청","경기도용인교육지원청","경기도 용인시 수지구","S090004973","용인대덕중학교","03","공립","N","","677","Y","22","Y",""
"경기도교육청","경기도용인교육지원청","경기도 용인시 수지구","S090004974","손곡중학교","03","공립","N","","517","Y","8","Y",""
"경기도교육청","경기도용인교육지원청","경기도 용인시 기흥구","S090004975","성지중학교","03","공립","N","","1000","Y","500","Y",""
"경기도교육청","경기도용인교육지원청","경기도 용인시 기흥구","S090004976","언동중학교","03","공립","N","","371","Y","0","N",""
"경기도교육청","경기도용인교육지원청","경기도 용인시 처인구","S090004977","용신중학교","03","공립","N","","400","Y","4","Y",""
"경기도교육청","경기도안산교육지원청","경기도 안산시 단원구","S090004979","초지중학교","03","공립","N","","349","Y","0","N",""
"경기도교육청","경기도파주교육지원청","경기도 파주시","S090004982","금릉중학교","03","공립","N","","388","Y","48","Y",""
"경기도교육청","경기도성남교육지원청","경기도 성남시 분당구","S090004984","이우중학교","03","사립","N","","213","Y","0","N",""
"경기도교육청","경기도포천교육지원청","경기도 포천시","S090004999","대경중학교","03","공립","N","","296","Y","0","N",""
"경기도교육청","경기도군포의왕교육지원청","경기도 군포시","S090005002","당동중학교","03","공립","N","","485","Y","24","Y",""
"경기도교육청","경기도화성오산교육지원청","경기도 화성시 병점구","S090005020","안화중학교","03","공립","N","","777","Y","12","Y",""
"경기도교육청","경기도화성오산교육지원청","경기도 오산시","S090005021","대호중학교","03","공립","N","","348","Y","5","Y",""
"경기도교육청","경기도화성오산교육지원청","경기도 화성시 만세구","S090005022","두레자연중학교","03","사립","N","","0","N","0","N",""
"경기도교육청","경기도구리남양주교육지원청","경기도 남양주시","S090005033","송라중학교","03","공립","N","","405","Y","3","Y",""
"경기도교육청","경기도구리남양주교육지원청","경기도 남양주시","S090005034","장내중학교","03","공립","N","","448","Y","0","N",""
"경기도교육청","경기도고양교육지원청","경기도 고양시 덕양구","S090005035","목암중학교","03","공립","N","","480","Y","0","N",""
"경기도교육청","경기도안양과천교육지원청","경기도 안양시 동안구","S090005046","비산중학교","03","공립","N","","196","Y","51","Y",""
"경기도교육청","경기도이천교육지원청","경기도 이천시","S090005111","증포중학교","03","공립","N","","328","Y","0","N",""
"경기도교육청","경기도의정부교육지원청","경기도 의정부시","S090005132","동암중학교","03","공립","N","","817","Y","54","Y",""
"경기도교육청","경기도동두천양주교육지원청","경기도 양주시","S090005133","덕현중학교","03","공립","N","","472","Y","5","Y",""
"경기도교육청","경기도성남교육지원청","경기도 성남시 분당구","S090005136","늘푸른중학교","03","공립","N","","448","Y","0","N",""
"경기도교육청","경기도수원교육지원청","경기도 수원시 영통구","S090005153","영동중학교","03","공립","N","","408","Y","15","Y",""
"경기도교육청","경기도동두천양주교육지원청","경기도 양주시","S090005159","삼숭중학교","03","공립","N","","147","Y","4","Y",""
"경기도교육청","경기도평택교육지원청","경기도 평택시","S090005161","장당중학교","03","공립","N","","399","Y","9","Y",""
"경기도교육청","경기도구리남양주교육지원청","경기도 남양주시","S090005162","평내중학교","03","공립","N","","700","Y","0","N",""
"경기도교육청","경기도화성오산교육지원청","","S090005164","병점중학교","03","공립","N","","316","Y","26","Y",""
"경기도교육청","경기도수원교육지원청","경기도 수원시 장안구","S090005172","조원중학교","03","공립","N","","420","Y","17","Y",""
"경기도교육청","경기도수원교육지원청","경기도 수원시 권선구","S090005173","세류중학교","03","공립","N","","503","Y","0","N",""
"경기도교육청","경기도평택교육지원청","경기도 평택시","S090005174","비전중학교","03","공립","N","","750","Y","27","Y",""
"경기도교육청","경기도화성오산교육지원청","","S090005175","기안중학교","03","공립","N","","301","Y","0","N",""
"경기도교육청","경기도안산교육지원청","경기도 안산시 상록구","S090005266","석호중학교","03","공립","N","","295","Y","5","Y",""
"경기도교육청","경기도안산교육지원청","경기도 안산시 상록구","S090005268","광덕중학교","03","공립","N","","185","Y","22","Y",""
"경기도교육청","경기도포천교육지원청","경기도 포천시","S090005287","송우중학교","03","공립","N","","451","Y","4","Y",""
"경기도교육청","경기도안성교육지원청","경기도 안성시","S090005321","한겨레중학교","03","사립","N","","245","Y","4","Y",""
"경기도교육청","경기도군포의왕교육지원청","경기도 군포시","S090005323","당정중학교","03","공립","N","","776","Y","44","Y",""
"경기도교육청","경기도용인교육지원청","경기도 용인시 기흥구","S090005329","동백중학교","03","공립","N","","434","Y","0","N",""
"경기도교육청","경기도용인교육지원청","경기도 용인시 기흥구","S090005331","용인백현중학교","03","공립","N","","613","Y","8","Y",""
"경기도교육청","경기도동두천양주교육지원청","경기도 동두천시","S090005335","송내중앙중학교","03","공립","N","","332","Y","2","Y",""
"경기도교육청","경기도용인교육지원청","경기도 용인시 기흥구","S090005338","초당중학교","03","공립","N","","489","Y","0","N",""
"경기도교육청","경기도광주하남교육지원청","경기도 광주시","S090005342","광주광남중학교","03","공립","N","","491","Y","120","Y",""
"경기도교육청","경기도평택교육지원청","경기도 평택시","S090005345","도곡중학교","03","공립","N","","474","Y","0","N",""
"경기도교육청","경기도여주교육지원청","경기도 여주시","S090005350","세종중학교","03","공립","N","","550","Y","0","N",""
"경기도교육청","경기도광주하남교육지원청","경기도 하남시","S090005351","신평중학교","03","공립","N","","368","Y","12","Y",""
"경기도교육청","경기도구리남양주교육지원청","경기도 남양주시","S090005352","양오중학교","03","공립","N","","438","Y","50","Y",""
"경기도교육청","경기도시흥교육지원청","경기도 시흥시","S090005353","월곶중학교","03","공립","N","","174","Y","0","N",""
"경기도교육청","경기도평택교육지원청","경기도 평택시","S090005354","이충중학교","03","공립","N","","349","Y","3","Y",""
"경기도교육청","경기도구리남양주교육지원청","경기도 남양주시","S090005356","판곡중학교","03","공립","N","","450","Y","58","Y",""
"경기도교육청","경기도고양교육지원청","경기도 고양시 일산동구","S090005358","풍산중학교","03","공립","N","","311","Y","2","Y",""
"경기도교육청","경기도고양교육지원청","경기도 고양시 덕양구","S090005360","서정중학교","03","공립","N","","228","Y","18","Y",""
"경기도교육청","경기도동두천양주교육지원청","경기도 양주시","S090005362","회천중학교","03","공립","N","","539","Y","40","Y",""
"경기도교육청","경기도시흥교육지원청","경기도 시흥시","S090005387","시화중학교","03","공립","N","","567","Y","0","N",""
"경기도교육청","경기도김포교육지원청","경기도 김포시","S090005389","감정중학교","03","공립","N","","352","Y","4","Y",""
"경기도교육청","경기도고양교육지원청","경기도 고양시 일산서구","S090005390","고양송산중학교","03","공립","N","","411","Y","13","Y",""
"경기도교육청","경기도파주교육지원청","경기도 파주시","S090005391","금촌중학교","03","공립","N","","491","Y","22","Y",""
"경기도교육청","경기도시흥교육지원청","경기도 시흥시","S090005392","논곡중학교","03","공립","N","","259","Y","41","Y",""
"경기도교육청","경기도안산교육지원청","경기도 안산시 단원구","S090005394","단원중학교","03","공립","N","","388","Y","31","Y",""
"경기도교육청","경기도파주교육지원청","경기도 파주시","S090005396","두일중학교","03","공립","N","","473","Y","58","Y",""
"경기도교육청","경기도안성교육지원청","경기도 안성시","S090005398","비룡중학교","03","공립","N","","499","Y","20","Y",""
"경기도교육청","경기도수원교육지원청","경기도 수원시 권선구","S090005400","서호중학교","03","공립","N","","314","Y","23","Y",""
"경기도교육청","경기도안산교육지원청","경기도 안산시 단원구","S090005401","석수중학교","03","공립","N","","550","Y","0","N",""
"경기도교육청","경기도안산교육지원청","경기도 안산시 상록구","S090005405","안산성호중학교","03","공립","N","","750","Y","42","Y",""
"경기도교육청","경기도용인교육지원청","경기도 용인시 처인구","S090005407","용천중학교","03","공립","N","","343","Y","15","Y",""
"경기도교육청","경기도안양과천교육지원청","경기도 안양시 동안구","S090005409","임곡중학교","03","공립","N","","603","Y","62","Y",""
"경기도교육청","경기도고양교육지원청","경기도 고양시 일산동구","S090005410","풍동중학교","03","공립","N","","539","Y","0","N",""
"경기도교육청","경기도가평교육지원청","경기도 가평군","S090005419","청심국제중학교","03","사립","N","","401","Y","0","N",""
"경기도교육청","경기도안산교육지원청","경기도 안산시 상록구","S090005420","안산해양중학교","03","공립","N","","305","Y","3","Y",""
"경기도교육청","경기도화성오산교육지원청","경기도 오산시","S090005462","오산원일중학교","03","공립","N","","260","Y","30","Y",""
"경기도교육청","경기도용인교육지원청","경기도 용인시 처인구","S090005468","고림중학교","03","공립","N","","1258","Y","26","Y",""
"경기도교육청","경기도수원교육지원청","경기도 수원시 권선구","S090005469","상촌중학교","03","공립","N","","169","Y","13","Y",""
"경기도교육청","경기도화성오산교육지원청","경기도 화성시 병점구","S090005470","기산중학교","03","공립","N","","281","Y","10","Y",""
"경기도교육청","경기도화성오산교육지원청","경기도 화성시 동탄구","S090005473","석우중학교","03","공립","N","","0","N","0","N",""
"경기도교육청","경기도구리남양주교육지원청","경기도 남양주시","S090005475","어람중학교","03","공립","N","","288","Y","65","Y",""
"경기도교육청","경기도수원교육지원청","경기도 수원시 영통구","S090005477","잠원중학교","03","공립","N","","673","Y","12","Y",""
"경기도교육청","경기도용인교육지원청","경기도 용인시 기흥구","S090005479","보라중학교","03","공립","N","","278","Y","10","Y",""
"경기도교육청","경기도의정부교육지원청","경기도 의정부시","S090005489","녹양중학교","03","공립","N","","567","Y","2","Y",""
"경기도교육청","경기도의정부교육지원청","경기도 의정부시","S090005490","솔뫼중학교","03","공립","N","","323","Y","1","Y",""
"경기도교육청","경기도수원교육지원청","경기도 수원시 영통구","S090005521","중앙기독중학교","03","사립","N","","267","Y","0","N",""
"경기도교육청","경기도화성오산교육지원청","경기도 화성시 효행구","S090005587","화성동화중학교","03","공립","N","","488","Y","0","N",""
"경기도교육청","경기도화성오산교육지원청","경기도 화성시 동탄구","S090005590","반송중학교","03","공립","N","","525","Y","27","Y",""
"경기도교육청","경기도화성오산교육지원청","경기도 화성시 동탄구","S090005592","솔빛중학교","03","공립","N","","892","Y","85","Y",""
"경기도교육청","경기도부천교육지원청","경기도 부천시 오정구","S090005604","수주중학교","03","공립","N","","315","Y","4","Y",""
"경기도교육청","경기도부천교육지원청","경기도 부천시 원미구","S090005605","원미중학교","03","공립","N","","433","Y","33","Y",""
"경기도교육청","경기도부천교육지원청","경기도 부천시 오정구","S090005606","까치울중학교","03","공립","N","","560","Y","140","Y",""
"경기도교육청","경기도고양교육지원청","경기도 고양시 일산동구","S090005608","안곡중학교","03","공립","N","","513","Y","0","N",""
"경기도교육청","경기도용인교육지원청","경기도 용인시 기흥구","S090005609","청덕중학교","03","공립","N","","446","Y","2","Y",""
"경기도교육청","경기도김포교육지원청","경기도 김포시","S090005611","고창중학교","03","공립","N","","786","Y","16","Y",""
"경기도교육청","경기도시흥교육지원청","경기도 시흥시","S090005613","시흥능곡중학교","03","공립","N","","294","Y","30","Y",""
"경기도교육청","경기도시흥교육지원청","경기도 시흥시","S090005614","응곡중학교","03","공립","N","","438","Y","0","N",""
"경기도교육청","경기도시흥교육지원청","경기도 시흥시","S090005615","시흥매화중학교","03","공립","N","","307","Y","0","N",""
"경기도교육청","경기도군포의왕교육지원청","경기도 의왕시","S090005616","모락중학교","03","공립","N","","792","Y","39","Y",""
"경기도교육청","경기도시흥교육지원청","경기도 시흥시","S090005619","은계중학교","03","공립","N","","377","Y","23","Y",""
"경기도교육청","경기도성남교육지원청","경기도 성남시 중원구","S090005620","도촌중학교","03","공립","N","","657","Y","0","N",""
"경기도교육청","경기도성남교육지원청","경기도 성남시 분당구","S090005622","샛별중학교","03","공립","N","","320","Y","35","Y",""
"경기도교육청","경기도성남교육지원청","경기도 성남시 수정구","S090005623","수진중학교","03","공립","N","","362","Y","6","Y",""
"경기도교육청","경기도화성오산교육지원청","","S090005654","능동중학교","03","공립","N","","937","Y","36","Y",""
"경기도교육청","경기도화성오산교육지원청","","S090005657","와우중학교","03","공립","N","","502","Y","0","N",""
"경기도교육청","경기도화성오산교육지원청","경기도 화성시 동탄구","S090005661","푸른중학교","03","공립","N","","465","Y","5","Y",""
"경기도교육청","경기도화성오산교육지원청","경기도 화성시 만세구","S090005662","향남중학교","03","공립","N","","458","Y","45","Y",""
"경기도교육청","경기도구리남양주교육지원청","경기도 남양주시","S090005679","광릉중학교","03","공립","N","","347","Y","0","N",""
"경기도교육청","경기도김포교육지원청","경기도 김포시","S090005681","김포신곡중학교","03","공립","N","","492","Y","0","N",""
"경기도교육청","경기도구리남양주교육지원청","경기도 남양주시","S090005683","예봉중학교","03","공립","N","","666","Y","7","Y",""
"경기도교육청","경기도안성교육지원청","경기도 안성시","S090005684","양진중학교","03","공립","N","","492","Y","0","N",""
"경기도교육청","경기도안산교육지원청","경기도 안산시 단원구","S090005689","신길중학교","03","공립","N","","650","Y","0","N",""
"경기도교육청","경기도파주교육지원청","경기도 파주시","S090005691","한빛중학교","03","공립","N","","211","Y","30","Y",""
"경기도교육청","경기도수원교육지원청","경기도 수원시 영통구","S090005694","매탄중학교","03","공립","N","","400","Y","0","N",""
"경기도교육청","경기도성남교육지원청","경기도 성남시 분당구","S090005698","보평중학교","03","공립","N","","364","Y","20","Y",""
"경기도교육청","경기도성남교육지원청","경기도 성남시 분당구","S090005700","운중중학교","03","공립","N","","554","Y","5","Y",""
"경기도교육청","경기도성남교육지원청","경기도 성남시 분당구","S090005701","판교중학교","03","공립","N","","292","Y","0","N",""
"경기도교육청","경기도구리남양주교육지원청","경기도 남양주시","S090005704","가운중학교","03","공립","N","","305","Y","18","Y",""
"경기도교육청","경기도고양교육지원청","경기도 고양시 덕양구","S090005707","성사중학교","03","공립","N","","525","Y","0","N",""
"경기도교육청","경기도구리남양주교육지원청","경기도 남양주시","S090005709","풍양중학교","03","공립","N","","631","Y","12","Y",""
"경기도교육청","경기도광주하남교육지원청","경기도 하남시","S090005713","덕풍중학교","03","공립","N","","453","Y","0","N",""
"경기도교육청","경기도김포교육지원청","경기도 김포시","S090005746","신양중학교","03","공립","N","","240","Y","4","Y",""
"경기도교육청","경기도용인교육지원청","경기도 용인시 수지구","S090005749","용인한빛중학교","03","공립","N","","569","Y","4","Y",""
"경기도교육청","경기도김포교육지원청","경기도 김포시","S090005752","마송중학교","03","공립","N","","255","Y","21","Y",""
"경기도교육청","경기도안산교육지원청","경기도 안산시 상록구","S090005755","이호중학교","03","공립","N","","430","Y","38","Y",""
"경기도교육청","경기도화성오산교육지원청","경기도 오산시","S090005760","세마중학교","03","공립","N","","343","Y","6","Y",""
"경기도교육청","경기도광명교육지원청","경기도 광명시","S090005764","충현중학교","03","공립","N","","608","Y","140","Y",""
"경기도교육청","경기도수원교육지원청","경기도 수원시 영통구","S090005767","수원원일중학교","03","공립","N","","234","Y","27","Y",""
"경기도교육청","경기도용인교육지원청","경기도 용인시 기흥구","S090005775","흥덕중학교","03","공립","N","","744","Y","0","N",""
"경기도교육청","경기도구리남양주교육지원청","경기도 남양주시","S090005779","별가람중학교","03","공립","N","","564","Y","52","Y",""
"경기도교육청","경기도구리남양주교육지원청","경기도 남양주시","S090005783","화접중학교","03","공립","N","","0","N","0","N",""
"경기도교육청","경기도화성오산교육지원청","경기도 오산시","S090005832","문시중학교","03","공립","N","","242","Y","0","N",""
"경기도교육청","경기도성남교육지원청","경기도 성남시 분당구","S090005834","삼평중학교","03","공립","N","","316","Y","14","Y",""
"경기도교육청","경기도고양교육지원청","경기도 고양시 일산서구","S090005857","덕이중학교","03","공립","N","","968","Y","5","Y",""
"경기도교육청","경기도안성교육지원청","경기도 안성시","S090005859","만정중학교","03","공립","N","","719","Y","13","Y",""
"경기도교육청","경기도용인교육지원청","경기도 용인시 기흥구","S090005861","상하중학교","03","공립","N","","392","Y","16","Y",""
"경기도교육청","경기도용인교육지원청","경기도 용인시 기흥구","S090005863","서천중학교","03","공립","N","","632","Y","88","Y",""
"경기도교육청","경기도파주교육지원청","경기도 파주시","S090005865","선유중학교","03","공립","N","","318","Y","32","Y",""
"경기도교육청","경기도용인교육지원청","경기도 용인시 수지구","S090005868","성서중학교","03","공립","N","","460","Y","0","N",""
"경기도교육청","경기도화성오산교육지원청","","S090005875","예당중학교","03","공립","N","","510","Y","3","Y",""
"경기도교육청","경기도광주하남교육지원청","경기도 광주시","S090005876","신현중학교","03","공립","N","","411","Y","162","Y",""
"경기도교육청","경기도파주교육지원청","경기도 파주시","S090005877","한가람중학교","03","공립","N","","631","Y","17","Y",""
"경기도교육청","경기도수원교육지원청","경기도 수원시 영통구","S090005878","광교중학교","03","공립","N","","0","N","0","N",""
"경기도교육청","경기도수원교육지원청","경기도 수원시 영통구","S090005881","이의중학교","03","공립","N","","310","Y","27","Y",""
"경기도교육청","경기도김포교육지원청","경기도 김포시","S090005884","푸른솔중학교","03","공립","N","","403","Y","5","Y",""
"경기도교육청","경기도평택교육지원청","경기도 평택시","S090005887","청옥중학교","03","공립","N","","571","Y","4","Y",""
"경기도교육청","경기도광주하남교육지원청","경기도 광주시","S090005889","초월중학교","03","공립","N","","359","Y","141","Y",""
"경기도교육청","경기도김포교육지원청","경기도 김포시","S090005911","운양중학교","03","공립","N","","374","Y","0","N",""
"경기도교육청","경기도용인교육지원청","경기도 용인시 처인구","S090006027","고진중학교","03","공립","N","","0","N","0","N",""
"경기도교육청","경기도용인교육지원청","경기도 용인시 수지구","S090006035","신봉중학교","03","공립","N","","724","Y","21","Y",""
"경기도교육청","경기도용인교육지원청","경기도 용인시 처인구","S090006036","한숲중학교","03","공립","N","","1071","Y","0","N",""
"경기도교육청","경기도김포교육지원청","경기도 김포시","S090006045","하늘빛중학교","03","공립","N","","437","Y","10","Y",""
"경기도교육청","경기도동두천양주교육지원청","경기도 양주시","S090006056","율정중학교","03","공립","N","","0","N","0","N",""
"경기도교육청","경기도동두천양주교육지원청","경기도 양주시","S090006060","옥빛중학교","03","공립","N","","906","Y","0","N",""
"경기도교육청","경기도성남교육지원청","경기도 성남시 수정구","S090006105","위례중앙중학교","03","공립","N","","280","Y","20","Y",""
"경기도교육청","경기도성남교육지원청","경기도 성남시 수정구","S090006106","위례한빛중학교","03","공립","N","","643","Y","41","Y",""
"경기도교육청","경기도시흥교육지원청","경기도 시흥시","S090006119","배곧중학교","03","공립","N","","228","Y","51","Y",""
"경기도교육청","경기도시흥교육지원청","경기도 시흥시","S090006148","시흥가온중학교","03","공립","N","","362","Y","1","Y",""
"경기도교육청","경기도화성오산교육지원청","경기도 화성시 만세구","S090006155","하길중학교","03","공립","N","","462","Y","27","Y",""
"경기도교육청","경기도파주교육지원청","경기도 파주시","S090006158","산내중학교","03","공립","N","","409","Y","2","Y",""
"경기도교육청","경기도파주교육지원청","경기도 파주시","S090006159","산들중학교","03","공립","N","","0","N","209","Y",""
"경기도교육청","경기도파주교육지원청","경기도 파주시","S090006160","운정중학교","03","공립","N","","517","Y","3","Y",""
"경기도교육청","경기도성남교육지원청","경기도 성남시 분당구","S090006422","낙원중학교","03","공립","N","","519","Y","0","N",""
"경기도교육청","경기도군포의왕교육지원청","경기도 의왕시","S090006423","덕장중학교","03","공립","N","","441","Y","10","Y",""
"경기도교육청","경기도파주교육지원청","경기도 파주시","S090006424","동패중학교","03","공립","N","","621","Y","30","Y",""
"경기도교육청","경기도군포의왕교육지원청","경기도 군포시","S090006430","부곡중앙중학교","03","공립","N","","303","Y","19","Y",""
"경기도교육청","경기도성남교육지원청","경기도 성남시 분당구","S090006438","신백현중학교","03","공립","N","","441","Y","32","Y",""
"경기도교육청","경기도김포교육지원청","경기도 김포시","S090006442","양도중학교","03","공립","N","","257","Y","30","Y",""
"경기도교육청","경기도이천교육지원청","경기도 이천시","S090006448","이천사동중학교","03","공립","N","","399","Y","25","Y",""
"경기도교육청","경기도고양교육지원청","경기도 고양시 일산동구","S090006450","일산양일중학교","03","공립","N","","621","Y","13","Y",""
"경기도교육청","경기도구리남양주교육지원청","경기도 남양주시","S090006451","주곡중학교","03","공립","N","","425","Y","0","N",""
"경기도교육청","경기도파주교육지원청","경기도 파주시","S090006457","해솔중학교","03","공립","N","","398","Y","0","N",""
"경기도교육청","경기도의정부교육지원청","경기도 의정부시","S090006560","송양중학교","03","공립","N","","348","Y","55","Y",""
"경기도교육청","경기도수원교육지원청","경기도 수원시 장안구","S090006576","경기체육중학교","03","공립","N","","0","N","0","N",""
"경기도교육청","경기도화성오산교육지원청","경기도 화성시 병점구","S090006652","화성반월중학교","03","공립","N","","0","N","175","Y",""
"경기도교육청","경기도김포교육지원청","경기도 김포시","S090006779","은여울중학교","03","공립","N","","356","Y","7","Y",""
"경기도교육청","경기도고양교육지원청","경기도 고양시 덕양구","S090006780","신원중학교","03","공립","N","","489","Y","0","N",""
"경기도교육청","경기도수원교육지원청","경기도 수원시 영통구","S090006781","수원다산중학교","03","공립","N","","475","Y","26","Y",""
"경기도교육청","경기도수원교육지원청","경기도 수원시 권선구","S090006782","능실중학교","03","공립","N","","271","Y","0","N",""
"경기도교육청","경기도김포교육지원청","경기도 김포시","S090006783","김포한가람중학교","03","공립","N","","563","Y","0","N",""
"경기도교육청","경기도용인교육지원청","경기도 용인시 기흥구","S090006784","어정중학교","03","공립","N","","509","Y","20","Y",""
"경기도교육청","경기도구리남양주교육지원청","경기도 남양주시","S090006800","천마중학교","03","공립","N","","352","Y","1","Y",""
"경기도교육청","경기도동두천양주교육지원청","경기도 양주시","S090006805","옥정중학교","03","공립","N","","1513","Y","69","Y",""
"경기도교육청","경기도광주하남교육지원청","경기도 하남시","S090006912","미사강변중학교","03","공립","N","","454","Y","63","Y",""
"경기도교육청","경기도화성오산교육지원청","","S090006934","한백중학교","03","공립","N","","197","Y","64","Y",""
"경기도교육청","경기도화성오산교육지원청","경기도 화성시 동탄구","S090006939","청계중학교","03","공립","N","","0","N","124","Y",""
"경기도교육청","경기도화성오산교육지원청","","S090006944","방교중학교","03","공립","N","","534","Y","0","N",""
"경기도교육청","경기도고양교육지원청","경기도 고양시 덕양구","S090006953","도래울중학교","03","공립","N","","698","Y","17","Y",""
"경기도교육청","경기도구리남양주교육지원청","경기도 남양주시","S090006966","한별중학교","03","공립","N","","765","Y","31","Y",""
"경기도교육청","경기도광주하남교육지원청","경기도 하남시","S090007035","위례중학교","03","공립","N","","441","Y","31","Y",""
"경기도교육청","경기도광주하남교육지원청","경기도 하남시","S090007036","은가람중학교","03","공립","N","","277","Y","21","Y",""
"경기도교육청","경기도광주하남교육지원청","경기도 하남시","S090007037","미사중학교","03","공립","N","","270","Y","0","N",""
"경기도교육청","경기도시흥교육지원청","경기도 시흥시","S090007065","조남중학교","03","공립","N","","381","Y","96","Y",""
"경기도교육청","경기도부천교육지원청","경기도 부천시 소사구","S090007115","옥길중학교","03","공립","N","","532","Y","0","N",""
"경기도교육청","경기도안양과천교육지원청","경기도 안양시 만안구","S090007124","박달중학교","03","공립","N","","522","Y","14","Y",""
"경기도교육청","경기도화성오산교육지원청","","S090007127","다원중학교","03","공립","N","","737","Y","0","N",""
"경기도교육청","경기도구리남양주교육지원청","경기도 구리시","S090007157","갈매중학교","03","공립","N","","480","Y","20","Y",""
"경기도교육청","경기도광주하남교육지원청","경기도 하남시","S090007158","윤슬중학교","03","공립","N","","652","Y","108","Y",""
"경기도교육청","경기도화성오산교육지원청","경기도 화성시 만세구","S090007189","송린중학교","03","공립","N","","633","Y","17","Y",""
"경기도교육청","경기도화성오산교육지원청","경기도 화성시 동탄구","S090007219","청림중학교","03","공립","N","","466","Y","48","Y",""
"경기도교육청","경기도평택교육지원청","경기도 평택시","S090007237","용이중학교","03","공립","N","","525","Y","11","Y",""
"경기도교육청","경기도구리남양주교육지원청","경기도 남양주시","S090007238","남양주다산중학교","03","공립","N","","666","Y","46","Y",""
"경기도교육청","경기도화성오산교육지원청","경기도 화성시 동탄구","S090007242","동탄목동중학교","03","공립","N","","763","Y","20","Y",""
"경기도교육청","경기도광주하남교육지원청","경기도 광주시","S090007253","매양중학교","03","공립","N","","468","Y","171","Y",""
"경기도교육청","경기도성남교육지원청","경기도 성남시 수정구","S090007254","창성중학교","03","공립","N","","228","Y","33","Y",""
"경기도교육청","경기도화성오산교육지원청","","S090007256","이산중학교","03","공립","N","","0","N","137","Y",""
"경기도교육청","경기도부천교육지원청","경기도 부천시 원미구","S090007311","도당중학교","03","공립","N","","588","Y","53","Y",""
"경기도교육청","경기도구리남양주교육지원청","경기도 남양주시","S090007319","다산한강중학교","03","공립","N","","1222","Y","0","N",""
"경기도교육청","경기도시흥교육지원청","경기도 시흥시","S090007324","배곧해솔중학교","03","공립","N","","532","Y","103","Y",""
"경기도교육청","경기도화성오산교육지원청","경기도 화성시 만세구","S090007330","신백중학교","03","공립","N","","0","N","271","Y",""
"경기도교육청","경기도화성오산교육지원청","","S090007332","서연중학교","03","공립","N","","599","Y","1","Y",""
"경기도교육청","경기도광명교육지원청","경기도 광명시","S090007339","빛가온중학교","03","공립","N","","269","Y","5","Y",""
"경기도교육청","경기도고양교육지원청","경기도 고양시 덕양구","S090007376","향동중학교","03","공립","N","","793","Y","0","N",""
"경기도교육청","경기도광주하남교육지원청","경기도 하남시","S090007377","감일중학교","03","공립","N","","735","Y","28","Y",""
"경기도교육청","경기도화성오산교육지원청","","S090007395","수현중학교","03","공립","N","","354","Y","26","Y",""
"경기도교육청","경기도광주하남교육지원청","경기도 광주시","S090007406","태전중학교","03","공립","N","","0","N","270","Y",""
"경기도교육청","경기도고양교육지원청","경기도 고양시 덕양구","S090007440","지축중학교","03","공립","N","","613","Y","68","Y",""
"경기도교육청","경기도안산교육지원청","경기도 안산시 상록구","S090007442","안산해솔중학교","03","공립","N","","650","Y","5","Y",""
"경기도교육청","경기도구리남양주교육지원청","경기도 남양주시","S090007518","다산새봄중학교","03","공립","N","","0","N","70","Y",""
"경기도교육청","경기도광주하남교육지원청","경기도 하남시","S090007519","감일백제중학교","03","공립","N","","0","N","0","N",""
"경기도교육청","경기도화성오산교육지원청","경기도 화성시 동탄구","S090007521","화성세정중학교","03","공립","N","","182","Y","0","N",""
"경기도교육청","경기도화성오산교육지원청","","S090007522","치동중학교","03","공립","N","","0","N","0","N",""
"경기도교육청","경기도평택교육지원청","경기도 평택시","S090007572","민세중학교","03","공립","N","","0","N","0","N",""
"경기도교육청","경기도파주교육지원청","경기도 파주시","S090007577","심학중학교","03","공립","N","","0","N","119","Y",""
"경기도교육청","경기도김포교육지원청","경기도 김포시","S090007580","나래중학교","03","공립","N","","338","Y","0","N",""
"경기도교육청","경기도부천교육지원청","경기도 부천시 소사구","S090007582","범박중학교","03","공립","N","","336","Y","0","N",""
"경기도교육청","경기도수원교육지원청","경기도 수원시 영통구","S090007608","광교호수중학교","03","공립","N","","517","Y","43","Y",""
"경기도교육청","경기도김포교육지원청","경기도 김포시","S090007613","향산중학교","03","공립","N","","474","Y","32","Y",""
"경기도교육청","경기도고양교육지원청","경기도 고양시 덕양구","S090007626","덕은한강중학교","03","공립","N","","0","N","1","Y",""
"경기도교육청","경기도평택교육지원청","경기도 평택시","S090007628","동삭중학교","03","공립","N","","0","N","4","Y",""
"경기도교육청","경기도구리남양주교육지원청","경기도 남양주시","S090007654","하랑중학교","03","공립","N","","117","Y","0","N",""
"경기도교육청","경기도성남교육지원청","경기도 성남시 분당구","S090007669","판교대장중학교","03","공립","N","","614","Y","0","N",""
"경기도교육청","경기도안양과천교육지원청","경기도 과천시","S090007679","과천율목중학교","03","공립","N","","0","N","0","N",""
"경기도교육청","경기도파주교육지원청","경기도 파주시","S090007904","다율중학교","03","공립","N","","0","N","0","N",""
"경기도교육청","경기도의정부교육지원청","경기도 의정부시","S090007913","훈민중학교","03","공립","N","","0","N","0","N",""
"경기도교육청","경기도시흥교육지원청","경기도 시흥시","S090007928","시화나래중학교","03","공립","N","","0","N","28","Y",""
"경기도교육청","경기도평택교육지원청","경기도 평택시","S090007930","배다리중학교","03","공립","N","","0","N","10","Y",""
"경기도교육청","경기도시흥교육지원청","경기도 시흥시","S090007941","배곧라라중학교","03","공립","N","","0","N","0","N",""