"시도교육청","교육지원청","지역","정보공시 학교코드","학교명","학교급코드","설립구분","제외여부","제외사유","상담실적(내부상담전문가)","상담실적(내부상담전문가실시여부)","상담실적(외부상담전문가)","상담실적(외부상담전문가실시여부)"
"경기도교육청","경기도교육청","경기도 가평군","S090000445","가평고등학교","04","공립","N","","385","Y","8","Y"
"경기도교육청","경기도교육청","경기도 수원시 장안구","S090000447","경기과학고등학교","04","공립","N","","283","Y","5","Y"
"경기도교육청","경기도교육청","경기도 수원시 권선구","S090000448","경기대명고등학교","04","공립","N","","360","Y","96","Y"
"경기도교육청","경기도교육청","경기도 수원시 장안구","S090000449","경기체육고등학교","04","공립","N","","0","N","21","Y"
"경기도교육청","경기도교육청","경기도 이천시","S090000450","이천세무고등학교","04","공립","N","","271","Y","2","Y"
"경기도교육청","경기도교육청","경기도 의정부시","S090000451","경민고등학교","04","사립","N","","588","Y","14","Y"
"경기도교육청","경기도교육청","경기도 의정부시","S090000453","경민비즈니스고등학교","04","사립","N","","281","Y","0","N"
"경기도교육청","경기도교육청","경기도 의정부시","S090000455","경민IT고등학교","04","사립","N","","401","Y","10","Y"
"경기도교육청","경기도교육청","경기도 안산시 단원구","S090000457","경안고등학교","04","사립","N","","271","Y","3","Y"
"경기도교육청","경기도교육청","경기도 안산시 단원구","S090000458","경일고등학교","04","사립","N","","384","Y","40","Y"
"경기도교육청","경기도교육청","경기도 광주시","S090000460","경화여자고등학교","04","사립","N","","234","Y","8","Y"
"경기도교육청","경기도교육청","경기도 부천시 원미구","S090000463","계남고등학교","04","공립","N","","365","Y","18","Y"
"경기도교육청","경기도교육청","경기도 성남시 분당구","S090000466","계원예술고등학교","04","사립","N","","104","Y","0","N"
"경기도교육청","경기도교육청","경기도 고양시 일산서구","S090000468","백송고등학교","04","사립","N","","448","Y","0","N"
"경기도교육청","경기도교육청","경기도 고양시 덕양구","S090000469","고양외국어고등학교","04","사립","N","","312","Y","0","N"
"경기도교육청","경기도교육청","경기도 고양시 덕양구","S090000470","고양고등학교","04","공립","N","","469","Y","14","Y"
"경기도교육청","경기도교육청","경기도 안산시 단원구","S090000471","고잔고등학교","04","공립","N","","432","Y","0","N"
"경기도교육청","경기도교육청","경기도 과천시","S090000472","과천고등학교","04","공립","N","","273","Y","0","N"
"경기도교육청","경기도교육청","경기도 과천시","S090000473","과천여자고등학교","04","사립","N","","572","Y","3","Y"
"경기도교육청","경기도교육청","경기도 과천시","S090000474","과천외국어고등학교","04","사립","N","","828","Y","0","N"
"경기도교육청","경기도교육청","경기도 과천시","S090000475","과천중앙고등학교","04","공립","N","","999","Y","2","Y"
"경기도교육청","경기도교육청","경기도 안양시 동안구","S090000476","경기게임마이스터고등학교","04","공립","N","","387","Y","0","N"
"경기도교육청","경기도교육청","경기도 안양시 동안구","S090000477","관양고등학교","04","공립","N","","519","Y","11","Y"
"경기도교육청","경기도교육청","경기도 포천시","S090000478","관인고등학교","04","공립","N","","419","Y","0","N"
"경기도교육청","경기도교육청","경기도 남양주시","S090000479","광동고등학교","04","사립","N","","385","Y","5","Y"
"경기도교육청","경기도교육청","경기도 의정부시","S090000480","의정부광동고등학교","04","사립","N","","446","Y","12","Y"
"경기도교육청","경기도교육청","경기도 광명시","S090000482","광명고등학교","04","공립","N","","711","Y","0","N"
"경기도교육청","경기도교육청","경기도 광명시","S090000483","경기항공고등학교","04","사립","N","","355","Y","45","Y"
"경기도교육청","경기도교육청","경기도 광명시","S090000484","광명북고등학교","04","공립","N","","660","Y","0","N"
"경기도교육청","경기도교육청","경기도 광명시","S090000487","명문고등학교","04","공립","N","","370","Y","0","N"
"경기도교육청","경기도교육청","경기도 광명시","S090000488","창의경영고등학교","04","공립","N","","415","Y","0","N"
"경기도교육청","경기도교육청","경기도 광명시","S090000489","광문고등학교","04","공립","N","","552","Y","0","Y"
"경기도교육청","경기도교육청","경기도 광주시","S090000490","광주고등학교","04","공립","N","","415","Y","17","Y"
"경기도교육청","경기도교육청","경기도 광주시","S090000492","곤지암고등학교","04","공립","N","","344","Y","43","Y"
"경기도교육청","경기도교육청","경기도 광주시","S090000493","광주중앙고등학교","04","공립","N","","500","Y","100","Y"
"경기도교육청","경기도교육청","경기도 파주시","S090000494","광탄고등학교","04","사립","N","","353","Y","7","Y"
"경기도교육청","경기도교육청","경기도 구리시","S090000496","구리고등학교","04","공립","N","","571","Y","80","Y"
"경기도교육청","경기도교육청","경기도 구리시","S090000497","구리여자고등학교","04","공립","N","","254","Y","33","Y"
"경기도교육청","경기도교육청","경기도 시흥시","S090000499","군자디지털과학고등학교","04","공립","N","","569","Y","37","Y"
"경기도교육청","경기도교육청","경기도 군포시","S090000502","군포고등학교","04","사립","N","","200","Y","0","N"
"경기도교육청","경기도교육청","경기도 군포시","S090000504","군포e비즈니스고등학교","04","공립","N","","480","Y","27","Y"
"경기도교육청","경기도교육청","경기도 수원시 권선구","S090000505","권선고등학교","04","공립","N","","318","Y","1","Y"
"경기도교육청","경기도교육청","경기도 안양시 만안구","S090000507","근명고등학교","04","사립","N","","615","Y","45","Y"
"경기도교육청","경기도교육청","경기도 남양주시","S090000508","금곡고등학교","04","공립","N","","635","Y","47","Y"
"경기도교육청","경기도교육청","경기도 용인시 기흥구","S090000509","기흥고등학교","04","공립","N","","451","Y","2","Y"
"경기도교육청","경기도교육청","경기도 김포시","S090000510","김포고등학교","04","공립","N","","273","Y","0","N"
"경기도교육청","경기도교육청","경기도 김포시","S090000511","김포과학기술고등학교","04","공립","N","","286","Y","7","Y"
"경기도교육청","경기도교육청","경기도 성남시 분당구","S090000515","낙생고등학교","04","사립","N","","248","Y","42","Y"
"경기도교육청","경기도교육청","경기도 양주시","S090000517","한국외식과학고등학교","04","사립","N","","586","Y","6","Y"
"경기도교육청","경기도교육청","","S090000518","남양고등학교","04","공립","N","","381","Y","8","Y"
"경기도교육청","경기도교육청","경기도 남양주시","S090000519","남양주고등학교","04","공립","N","","504","Y","72","Y"
"경기도교육청","경기도교육청","경기도 하남시","S090000520","남한고등학교","04","공립","N","","465","Y","0","N"
"경기도교육청","경기도교육청","경기도 고양시 덕양구","S090000521","능곡고등학교","04","공립","N","","445","Y","82","Y"
"경기도교육청","경기도교육청","경기도 안산시 단원구","S090000524","대부고등학교","04","공립","N","","43","Y","15","Y"
"경기도교육청","경기도교육청","경기도 여주시","S090000525","대신고등학교","04","사립","N","","382","Y","0","N"
"경기도교육청","경기도교육청","경기도 수원시 장안구","S090000527","대평고등학교","04","공립","N","","347","Y","8","Y"
"경기도교육청","경기도교육청","경기도 부천시 오정구","S090000528","덕산고등학교","04","공립","N","","278","Y","0","N"
"경기도교육청","경기도교육청","경기도 남양주시","S090000529","덕소고등학교","04","사립","N","","383","Y","20","Y"
"경기도교육청","경기도교육청","경기도 양주시","S090000532","덕정고등학교","04","공립","N","","430","Y","0","N"
"경기도교육청","경기도교육청","경기도 부천시 원미구","S090000533","도당고등학교","04","공립","N","","213","Y","21","Y"
"경기도교육청","경기도교육청","경기도 포천시","S090000534","동남고등학교","04","사립","N","","0","N","0","N"
"경기도교육청","경기도교육청","경기도 동두천시","S090000536","동두천고등학교","04","사립","N","","0","N","0","Y"
"경기도교육청","경기도교육청","경기도 동두천시","S090000538","한국문화영상고등학교","04","사립","N","","437","Y","5","Y"
"경기도교육청","경기도교육청","경기도 동두천시","S090000539","동두천중앙고등학교","04","공립","N","","352","Y","22","Y"
"경기도교육청","경기도교육청","경기도 안양시 동안구","S090000541","동안고등학교","04","공립","N","","609","Y","23","Y"
"경기도교육청","경기도교육청","경기도 수원시 장안구","S090000542","동우여자고등학교","04","사립","N","","396","Y","50","Y"
"경기도교육청","경기도교육청","경기도 수원시 장안구","S090000543","동원동우고등학교","04","사립","N","","351","Y","2","Y"
"경기도교육청","경기도교육청","경기도 평택시","S090000544","동일공업고등학교","04","사립","N","","0","N","118","Y"
"경기도교육청","경기도교육청","경기도 남양주시","S090000545","동화고등학교","04","사립","N","","203","Y","8","Y"
"경기도교육청","경기도교육청","","S090000546","두레자연고등학교","04","사립","N","","353","Y","0","N"
"경기도교육청","경기도교육청","경기도 이천시","S090000548","마장고등학교","04","공립","N","","188","Y","14","Y"
"경기도교육청","경기도교육청","경기도 수원시 팔달구","S090000552","매향여자정보고등학교","04","사립","N","","437","Y","15","Y"
"경기도교육청","경기도교육청","경기도 고양시 덕양구","S090000553","무원고등학교","04","공립","N","","636","Y","6","Y"
"경기도교육청","경기도교육청","경기도 파주시","S090000554","문산고등학교","04","공립","N","","0","N","79","Y"
"경기도교육청","경기도교육청","경기도 파주시","S090000555","문산수억고등학교","04","사립","N","","178","Y","0","N"
"경기도교육청","경기도교육청","경기도 파주시","S090000556","문산제일고등학교","04","공립","N","","420","Y","12","Y"
"경기도교육청","경기도교육청","경기도 안산시 상록구","S090000558","경기모바일과학고등학교","04","공립","N","","307","Y","14","Y"
"경기도교육청","경기도교육청","경기도 화성시 만세구","S090000559","발안바이오과학고등학교","04","공립","N","","459","Y","44","Y"
"경기도교육청","경기도교육청","경기도 고양시 일산동구","S090000563","백마고등학교","04","공립","N","","326","Y","33","Y"
"경기도교육청","경기도교육청","경기도 고양시 일산동구","S090000564","백석고등학교","04","공립","N","","394","Y","0","N"
"경기도교육청","경기도교육청","경기도 고양시 일산동구","S090000565","백신고등학교","04","공립","N","","351","Y","0","N"
"경기도교육청","경기도교육청","경기도 용인시 처인구","S090000566","백암고등학교","04","공립","N","","210","Y","0","N"
"경기도교육청","경기도교육청","경기도 고양시 덕양구","S090000567","백양고등학교","04","공립","N","","400","Y","0","N"
"경기도교육청","경기도교육청","경기도 안양시 동안구","S090000568","백영고등학교","04","사립","N","","0","N","5","Y"
"경기도교육청","경기도교육청","경기도 의왕시","S090000569","백운고등학교","04","공립","N","","435","Y","0","N"
"경기도교육청","경기도교육청","경기도 동두천시","S090000572","한빛누리고등학교","04","사립","N","","148","Y","0","N"
"경기도교육청","경기도교육청","경기도 부천시 원미구","S090000576","부명고등학교","04","공립","N","","280","Y","17","Y"
"경기도교육청","경기도교육청","경기도 부천시 원미구","S090000577","경기국제통상고등학교","04","공립","N","","262","Y","80","Y"
"경기도교육청","경기도교육청","경기도 부천시 원미구","S090000578","상동고등학교","04","공립","N","","443","Y","0","N"
"경기도교육청","경기도교육청","경기도 부천시 소사구","S090000579","부천고등학교","04","공립","N","","447","Y","0","N"
"경기도교육청","경기도교육청","경기도 부천시 소사구","S090000580","부천공업고등학교","04","공립","N","","399","Y","33","Y"
"경기도교육청","경기도교육청","경기도 부천시 원미구","S090000581","부천북고등학교","04","공립","N","","200","Y","0","N"
"경기도교육청","경기도교육청","경기도 부천시 원미구","S090000584","부천여자고등학교","04","공립","N","","285","Y","14","Y"
"경기도교육청","경기도교육청","경기도 부천시 원미구","S090000585","부천정보산업고등학교","04","공립","N","","720","Y","10","Y"
"경기도교육청","경기도교육청","경기도 안양시 동안구","S090000586","부흥고등학교","04","공립","N","","284","Y","0","N"
"경기도교육청","경기도교육청","경기도 성남시 분당구","S090000587","분당고등학교","04","공립","N","","358","Y","0","N"
"경기도교육청","경기도교육청","경기도 성남시 분당구","S090000588","분당대진고등학교","04","사립","N","","499","Y","9","Y"
"경기도교육청","경기도교육청","경기도 성남시 분당구","S090000589","분당경영고등학교","04","공립","N","","563","Y","0","N"
"경기도교육청","경기도교육청","경기도 성남시 분당구","S090000590","분당중앙고등학교","04","공립","N","","371","Y","0","N"
"경기도교육청","경기도교육청","경기도 성남시 분당구","S090000591","불곡고등학교","04","공립","N","","480","Y","5","Y"
"경기도교육청","경기도교육청","","S090000594","비봉고등학교","04","사립","N","","424","Y","0","N"
"경기도교육청","경기도교육청","경기도 김포시","S090000596","사우고등학교","04","공립","N","","352","Y","4","Y"
"경기도교육청","경기도교육청","경기도 군포시","S090000597","산본고등학교","04","공립","N","","420","Y","0","N"
"경기도교육청","경기도교육청","경기도 군포시","S090000598","경기폴리텍고등학교","04","공립","N","","200","Y","36","Y"
"경기도교육청","경기도교육청","경기도 파주시","S090000599","삼광고등학교","04","사립","N","","71","Y","1","Y"
"경기도교육청","경기도교육청","경기도 화성시 만세구","S090000600","삼괴고등학교","04","사립","N","","230","Y","4","Y"
"경기도교육청","경기도교육청","경기도 수원시 팔달구","S090000602","삼일공업고등학교","04","사립","N","","416","Y","3","Y"
"경기도교육청","경기도교육청","경기도 수원시 팔달구","S090000603","삼일고등학교","04","사립","N","","324","Y","28","Y"
"경기도교육청","경기도교육청","경기도 구리시","S090000606","서울삼육고등학교","04","사립","N","","551","Y","21","Y"
"경기도교육청","경기도교육청","경기도 시흥시","S090000607","서해고등학교","04","공립","N","","592","Y","0","N"
"경기도교육청","경기도교육청","경기도 성남시 분당구","S090000608","서현고등학교","04","공립","N","","782","Y","69","Y"
"경기도교육청","경기도교육청","경기도 가평군","S090000609","설악고등학교","04","공립","N","","213","Y","35","Y"
"경기도교육청","경기도교육청","경기도 성남시 중원구","S090000610","성남테크노과학고등학교","04","공립","N","","571","Y","0","N"
"경기도교육청","경기도교육청","경기도 성남시 중원구","S090000611","성남고등학교","04","공립","N","","308","Y","8","Y"
"경기도교육청","경기도교육청","경기도 성남시 중원구","S090000612","성남여자고등학교","04","공립","N","","248","Y","0","N"
"경기도교육청","경기도교육청","경기도 성남시 분당구","S090000613","분당아람고등학교","04","공립","N","","476","Y","112","Y"
"경기도교육청","경기도교육청","경기도 안양시 만안구","S090000614","성문고등학교","04","사립","N","","0","N","0","N"
"경기도교육청","경기도교육청","경기도 성남시 수정구","S090000617","성보경영고등학교","04","사립","N","","340","Y","92","Y"
"경기도교육청","경기도교육청","경기도 안산시 상록구","S090000618","성안고등학교","04","공립","N","","402","Y","17","Y"
"경기도교육청","경기도교육청","경기도 성남시 중원구","S090000620","성일고등학교","04","사립","N","","659","Y","40","Y"
"경기도교육청","경기도교육청","경기도 성남시 중원구","S090000622","동광고등학교","04","사립","N","","387","Y","15","Y"
"경기도교육청","경기도교육청","경기도 성남시 중원구","S090000624","성일정보고등학교","04","사립","N","","204","Y","121","Y"
"경기도교육청","경기도교육청","경기도 오산시","S090000626","성호고등학교","04","공립","N","","700","Y","14","Y"
"경기도교육청","경기도교육청","경기도 고양시 일산동구","S090000627","세원고등학교","04","사립","N","","137","Y","0","N"
"경기도교육청","경기도교육청","경기도 시흥시","S090000628","소래고등학교","04","공립","N","","315","Y","0","N"
"경기도교육청","경기도교육청","경기도 부천시 원미구","S090000630","소명여자고등학교","04","사립","N","","308","Y","26","Y"
"경기도교육청","경기도교육청","경기도 부천시 소사구","S090000631","소사고등학교","04","공립","N","","471","Y","5","Y"
"경기도교육청","경기도교육청","경기도 광명시","S090000632","소하고등학교","04","공립","N","","403","Y","0","N"
"경기도교육청","경기도교육청","경기도 성남시 분당구","S090000633","송림고등학교","04","사립","N","","106","Y","30","Y"
"경기도교육청","경기도교육청","경기도 화성시 만세구","S090000634","송산고등학교","04","사립","N","","371","Y","0","N"
"경기도교육청","경기도교육청","경기도 평택시","S090000636","송탄고등학교","04","공립","N","","416","Y","0","N"
"경기도교육청","경기도교육청","경기도 평택시","S090000637","라온고등학교","04","사립","N","","0","N","68","Y"
"경기도교육청","경기도교육청","경기도 의정부시","S090000638","송현고등학교","04","공립","N","","305","Y","0","N"
"경기도교육청","경기도교육청","경기도 성남시 분당구","S090000639","수내고등학교","04","공립","N","","98","Y","0","N"
"경기도교육청","경기도교육청","경기도 군포시","S090000640","수리고등학교","04","공립","N","","337","Y","134","Y"
"경기도교육청","경기도교육청","경기도 수원시 장안구","S090000641","수성고등학교","04","공립","N","","415","Y","4","Y"
"경기도교육청","경기도교육청","경기도 화성시 효행구","S090000644","홍익디자인고등학교","04","사립","N","","304","Y","0","N"
"경기도교육청","경기도교육청","경기도 수원시 팔달구","S090000645","수원고등학교","04","사립","N","","34","Y","53","Y"
"경기도교육청","경기도교육청","경기도 수원시 팔달구","S090000646","수원공업고등학교","04","사립","N","","0","N","20","Y"
"경기도교육청","경기도교육청","경기도 수원시 장안구","S090000648","수원농생명과학고등학교","04","공립","N","","317","Y","5","Y"
"경기도교육청","경기도교육청","경기도 수원시 팔달구","S090000649","수원여자고등학교","04","공립","N","","406","Y","0","N"
"경기도교육청","경기도교육청","경기도 수원시 영통구","S090000651","수원정보과학고등학교","04","공립","N","","308","Y","39","Y"
"경기도교육청","경기도교육청","경기도 수원시 권선구","S090000653","한봄고등학교","04","사립","N","","0","N","379","Y"
"경기도교육청","경기도교육청","경기도 수원시 장안구","S090000654","수일고등학교","04","공립","N","","569","Y","0","N"
"경기도교육청","경기도교육청","경기도 용인시 수지구","S090000655","수지고등학교","04","공립","N","","280","Y","0","N"
"경기도교육청","경기도교육청","경기도 구리시","S090000656","수택고등학교","04","공립","N","","272","Y","70","Y"
"경기도교육청","경기도교육청","경기도 수원시 팔달구","S090000657","숙지고등학교","04","공립","N","","650","Y","0","N"
"경기도교육청","경기도교육청","경기도 성남시 중원구","S090000658","숭신고등학교","04","사립","N","","0","N","175","Y"
"경기도교육청","경기도교육청","경기도 부천시 소사구","S090000659","시온고등학교","04","사립","N","","241","Y","16","Y"
"경기도교육청","경기도교육청","경기도 시흥시","S090000660","경기스마트고등학교","04","공립","N","","351","Y","22","Y"
"경기도교육청","경기도교육청","경기도 용인시 기흥구","S090000661","신갈고등학교","04","사립","N","","0","N","72","Y"
"경기도교육청","경기도교육청","경기도 안양시 만안구","S090000662","신성고등학교","04","사립","N","","35","Y","0","N"
"경기도교육청","경기도교육청","경기도 고양시 일산서구","S090000665","신일비즈니스고등학교","04","공립","N","","351","Y","49","Y"
"경기도교육청","경기도교육청","경기도 평택시","S090000666","신한고등학교","04","사립","N","","507","Y","0","N"
"경기도교육청","경기도교육청","경기도 동두천시","S090000667","신흥고등학교","04","사립","N","","25","Y","12","Y"
"경기도교육청","경기도교육청","경기도 남양주시","S090000669","심석고등학교","04","사립","N","","450","Y","0","N"
"경기도교육청","경기도교육청","경기도 부천시 원미구","S090000671","심원고등학교","04","공립","N","","597","Y","11","Y"
"경기도교육청","경기도교육청","경기도 안성시","S090000672","안법고등학교","04","사립","N","","0","N","4","Y"
"경기도교육청","경기도교육청","경기도 안산시 단원구","S090000673","안산강서고등학교","04","사립","N","","355","Y","31","Y"
"경기도교육청","경기도교육청","경기도 안산시 상록구","S090000674","안산국제비즈니스고등학교","04","사립","N","","358","Y","353","Y"
"경기도교육청","경기도교육청","경기도 안산시 상록구","S090000675","안산고등학교","04","사립","N","","537","Y","0","N"
"경기도교육청","경기도교육청","경기도 안산시 상록구","S090000676","안산공업고등학교","04","사립","N","","952","Y","34","Y"
"경기도교육청","경기도교육청","경기도 안산시 상록구","S090000677","안산동산고등학교","04","사립","N","","84","Y","0","N"
"경기도교육청","경기도교육청","경기도 안산시 상록구","S090000680","안산디자인문화고등학교","04","사립","N","","481","Y","7","Y"
"경기도교육청","경기도교육청","경기도 안성시","S090000684","안성고등학교","04","공립","N","","249","Y","0","N"
"경기도교육청","경기도교육청","경기도 안성시","S090000685","두원공업고등학교","04","사립","N","","369","Y","17","Y"
"경기도교육청","경기도교육청","경기도 안성시","S090000686","안성여자고등학교","04","공립","N","","283","Y","0","N"
"경기도교육청","경기도교육청","경기도 안성시","S090000689","가온고등학교","04","사립","N","","620","Y","30","Y"
"경기도교육청","경기도교육청","경기도 안양시 만안구","S090000690","안양고등학교","04","공립","N","","485","Y","7","Y"
"경기도교육청","경기도교육청","경기도 안양시 만안구","S090000691","안양공업고등학교","04","공립","N","","346","Y","0","N"
"경기도교육청","경기도교육청","경기도 안양시 만안구","S090000693","안양여자고등학교","04","사립","N","","262","Y","22","Y"
"경기도교육청","경기도교육청","경기도 안양시 만안구","S090000694","안양문화고등학교","04","사립","N","","807","Y","264","Y"
"경기도교육청","경기도교육청","경기도 안양시 만안구","S090000696","안양예술고등학교","04","사립","N","","438","Y","0","N"
"경기도교육청","경기도교육청","경기도 안양시 만안구","S090000697","안양외국어고등학교","04","사립","N","","0","N","28","Y"
"경기도교육청","경기도교육청","경기도 평택시","S090000699","경기물류고등학교","04","공립","N","","179","Y","0","N"
"경기도교육청","경기도교육청","경기도 평택시","S090000701","안중고등학교","04","사립","N","","0","N","16","Y"
"경기도교육청","경기도교육청","경기도 성남시 분당구","S090000702","야탑고등학교","04","사립","N","","0","N","2","Y"
"경기도교육청","경기도교육청","경기도 김포시","S090000703","양곡고등학교","04","사립","N","","259","Y","0","N"
"경기도교육청","경기도교육청","경기도 양평군","S090000704","양동고등학교","04","사립","N","","0","N","0","N"
"경기도교육청","경기도교육청","경기도 안양시 만안구","S090000705","양명고등학교","04","사립","N","","302","Y","14","Y"
"경기도교육청","경기도교육청","경기도 안양시 만안구","S090000706","양명여자고등학교","04","사립","N","","0","N","0","N"
"경기도교육청","경기도교육청","경기도 양평군","S090000707","양서고등학교","04","사립","N","","460","Y","20","Y"
"경기도교육청","경기도교육청","경기도 성남시 분당구","S090000708","양영디지털고등학교","04","공립","N","","309","Y","7","Y"
"경기도교육청","경기도교육청","경기도 양평군","S090000711","양일고등학교","04","사립","N","","786","Y","229","Y"
"경기도교육청","경기도교육청","경기도 안산시 단원구","S090000713","양지고등학교","04","공립","N","","420","Y","0","N"
"경기도교육청","경기도교육청","경기도 양평군","S090000714","양평전자과학고등학교","04","공립","N","","335","Y","25","Y"
"경기도교육청","경기도교육청","경기도 양평군","S090000716","양평고등학교","04","공립","N","","382","Y","14","Y"
"경기도교육청","경기도교육청","경기도 여주시","S090000717","여강고등학교","04","사립","N","","272","Y","10","Y"
"경기도교육청","경기도교육청","경기도 여주시","S090000718","여주고등학교","04","사립","N","","384","Y","26","Y"
"경기도교육청","경기도교육청","경기도 여주시","S090000720","세종고등학교","04","공립","N","","267","Y","0","N"
"경기도교육청","경기도교육청","경기도 여주시","S090000722","여주자영농업고등학교","04","공립","N","","514","Y","51","Y"
"경기도교육청","경기도교육청","경기도 여주시","S090000723","여주제일고등학교","04","사립","N","","404","Y","43","Y"
"경기도교육청","경기도교육청","경기도 연천군","S090000726","연천고등학교","04","공립","N","","373","Y","48","Y"
"경기도교육청","경기도교육청","경기도 수원시 영통구","S090000728","영덕고등학교","04","공립","N","","409","Y","0","N"
"경기도교육청","경기도교육청","경기도 성남시 분당구","S090000729","분당영덕여자고등학교","04","사립","N","","270","Y","56","Y"
"경기도교육청","경기도교육청","경기도 수원시 팔달구","S090000730","영복여자고등학교","04","사립","N","","171","Y","10","Y"
"경기도교육청","경기도교육청","경기도 포천시","S090000731","영북고등학교","04","공립","N","","303","Y","20","Y"
"경기도교육청","경기도교육청","경기도 수원시 장안구","S090000732","영생고등학교","04","사립","N","","403","Y","0","N"
"경기도교육청","경기도교육청","경기도 의정부시","S090000733","동국대학교사범대학부속영석고등학교","04","사립","N","","450","Y","0","N"
"경기도교육청","경기도교육청","경기도 수원시 권선구","S090000734","영신여자고등학교","04","사립","N","","498","Y","0","N"
"경기도교육청","경기도교육청","경기도 오산시","S090000736","오산고등학교","04","사립","N","","0","N","286","Y"
"경기도교육청","경기도교육청","경기도 오산시","S090000737","오산정보고등학교","04","공립","N","","624","Y","0","N"
"경기도교육청","경기도교육청","경기도 양평군","S090000739","용문고등학교","04","사립","N","","582","Y","55","Y"
"경기도교육청","경기도교육청","경기도 용인시 처인구","S090000740","용인고등학교","04","공립","N","","318","Y","0","N"
"경기도교육청","경기도교육청","경기도 용인시 처인구","S090000741","용인바이오고등학교","04","공립","N","","588","Y","30","Y"
"경기도교육청","경기도교육청","경기도 용인시 처인구","S090000744","덕영고등학교","04","사립","N","","420","Y","198","Y"
"경기도교육청","경기도교육청","경기도 군포시","S090000745","용호고등학교","04","공립","N","","295","Y","0","N"
"경기도교육청","경기도교육청","경기도 의왕시","S090000746","우성고등학교","04","사립","N","","26","Y","0","N"
"경기도교육청","경기도교육청","경기도 안산시 단원구","S090000747","원곡고등학교","04","공립","N","","335","Y","0","N"
"경기도교육청","경기도교육청","경기도 부천시 원미구","S090000748","원미고등학교","04","공립","N","","250","Y","10","Y"
"경기도교육청","경기도교육청","경기도 부천시 오정구","S090000749","원종고등학교","04","공립","N","","144","Y","4","Y"
"경기도교육청","경기도교육청","경기도 수원시 팔달구","S090000750","유신고등학교","04","사립","N","","254","Y","41","Y"
"경기도교육청","경기도교육청","경기도 파주시","S090000751","율곡고등학교","04","사립","N","","326","Y","0","N"
"경기도교육청","경기도교육청","경기도 이천시","S090000753","율면고등학교","04","공립","N","","28","Y","0","N"
"경기도교육청","경기도교육청","경기도 시흥시","S090000754","은행고등학교","04","공립","N","","347","Y","42","Y"
"경기도교육청","경기도교육청","경기도 평택시","S090000755","은혜고등학교","04","사립","N","","650","Y","5","Y"
"경기도교육청","경기도교육청","경기도 의정부시","S090000756","의정부고등학교","04","공립","N","","415","Y","0","N"
"경기도교육청","경기도교육청","경기도 의정부시","S090000757","한국모빌리티고등학교","04","공립","N","","463","Y","7","Y"
"경기도교육청","경기도교육청","경기도 의정부시","S090000758","의정부여자고등학교","04","공립","N","","427","Y","0","N"
"경기도교육청","경기도교육청","경기도 성남시 분당구","S090000759","이매고등학교","04","공립","N","","576","Y","23","Y"
"경기도교육청","경기도교육청","경기도 이천시","S090000760","이천고등학교","04","공립","N","","336","Y","22","Y"
"경기도교육청","경기도교육청","경기도 이천시","S090000762","이천제일고등학교","04","공립","N","","418","Y","12","Y"
"경기도교육청","경기도교육청","경기도 이천시","S090000763","이천양정여자고등학교","04","사립","N","","54","Y","0","Y"
"경기도교육청","경기도교육청","경기도 이천시","S090000765","다산고등학교","04","사립","N","","353","Y","0","N"
"경기도교육청","경기도교육청","경기도 여주시","S090000767","이포고등학교","04","공립","N","","232","Y","39","Y"
"경기도교육청","경기도교육청","경기도 구리시","S090000769","인창고등학교","04","공립","N","","104","Y","0","N"
"경기도교육청","경기도교육청","경기도 포천시","S090000770","일동고등학교","04","공립","N","","169","Y","35","Y"
"경기도교육청","경기도교육청","경기도 고양시 일산서구","S090000771","일산고등학교","04","공립","N","","406","Y","0","N"
"경기도교육청","경기도교육청","경기도 고양시 일산서구","S090000772","일산대진고등학교","04","사립","N","","300","Y","0","N"
"경기도교육청","경기도교육청","경기도 고양시 일산서구","S090000773","일산동고등학교","04","공립","N","","550","Y","40","Y"
"경기도교육청","경기도교육청","경기도 고양시 일산서구","S090000775","일산국제컨벤션고등학교","04","공립","N","","449","Y","22","Y"
"경기도교육청","경기도교육청","경기도 안성시","S090000777","일죽고등학교","04","공립","N","","372","Y","5","Y"
"경기도교육청","경기도교육청","경기도 시흥시","S090000778","장곡고등학교","04","공립","N","","418","Y","115","Y"
"경기도교육청","경기도교육청","경기도 수원시 장안구","S090000779","장안고등학교","04","공립","N","","390","Y","34","Y"
"경기도교육청","경기도교육청","경기도 이천시","S090000780","부원고등학교","04","사립","N","","23","Y","24","Y"
"경기도교육청","경기도교육청","경기도 이천시","S090000781","장호원고등학교","04","공립","N","","431","Y","0","N"
"경기도교육청","경기도교육청","경기도 고양시 일산동구","S090000783","저동고등학교","04","공립","N","","495","Y","0","N"
"경기도교육청","경기도교육청","경기도 파주시","S090000784","적성융합고등학교","04","공립","N","","0","N","76","Y"
"경기도교육청","경기도교육청","경기도 연천군","S090000786","전곡고등학교","04","공립","N","","489","Y","12","Y"
"경기도교육청","경기도교육청","경기도 여주시","S090000787","점동고등학교","04","공립","N","","80","Y","0","Y"
"경기도교육청","경기도교육청","경기도 부천시 소사구","S090000788","정명고등학교","04","사립","N","","565","Y","36","Y"
"경기도교육청","경기도교육청","경기도 부천시 소사구","S090000790","경기경영고등학교","04","사립","N","","385","Y","12","Y"
"경기도교육청","경기도교육청","경기도 고양시 일산동구","S090000791","정발고등학교","04","공립","N","","705","Y","3","Y"
"경기도교육청","경기도교육청","경기도 시흥시","S090000792","정왕고등학교","04","공립","N","","582","Y","0","N"
"경기도교육청","경기도교육청","경기도 가평군","S090000796","조종고등학교","04","공립","N","","300","Y","6","Y"
"경기도교육청","경기도교육청","경기도 고양시 일산서구","S090000797","주엽고등학교","04","공립","N","","323","Y","0","N"
"경기도교육청","경기도교육청","경기도 고양시 일산서구","S090000798","경기영상과학고등학교","04","공립","N","","603","Y","3","Y"
"경기도교육청","경기도교육청","경기도 안성시","S090000800","죽산고등학교","04","공립","N","","151","Y","0","N"
"경기도교육청","경기도교육청","경기도 용인시 수지구","S090000801","죽전고등학교","04","공립","N","","317","Y","28","Y"
"경기도교육청","경기도교육청","경기도 고양시 일산동구","S090000802","중산고등학교","04","공립","N","","251","Y","29","Y"
"경기도교육청","경기도교육청","경기도 부천시 원미구","S090000803","중원고등학교","04","공립","N","","698","Y","0","N"
"경기도교육청","경기도교육청","경기도 부천시 원미구","S090000804","중흥고등학교","04","공립","N","","334","Y","4","Y"
"경기도교육청","경기도교육청","경기도 양평군","S090000805","지평고등학교","04","공립","N","","320","Y","0","N"
"경기도교육청","경기도교육청","경기도 남양주시","S090000806","진건고등학교","04","공립","N","","371","Y","0","N"
"경기도교육청","경기도교육청","경기도 광명시","S090000807","진성고등학교","04","사립","N","","418","Y","0","N"
"경기도교육청","경기도교육청","경기도 평택시","S090000810","진위고등학교","04","사립","N","","0","N","0","N"
"경기도교육청","경기도교육청","경기도 여주시","S090000811","경기관광고등학교","04","사립","N","","0","N","150","Y"
"경기도교육청","경기도교육청","경기도 수원시 팔달구","S090000812","창현고등학교","04","사립","N","","566","Y","0","N"
"경기도교육청","경기도교육청","경기도 평택시","S090000813","청담고등학교","04","사립","N","","510","Y","43","Y"
"경기도교육청","경기도교육청","경기도 수원시 영통구","S090000815","청명고등학교","04","공립","N","","376","Y","0","N"
"경기도교육청","경기도교육청","경기도 양평군","S090000816","청운고등학교","04","공립","N","","243","Y","0","Y"
"경기도교육청","경기도교육청","경기도 가평군","S090000817","청평고등학교","04","공립","N","","320","Y","4","Y"
"경기도교육청","경기도교육청","경기도 남양주시","S090000818","청학고등학교","04","공립","N","","191","Y","12","Y"
"경기도교육청","경기도교육청","경기도 안산시 단원구","S090000819","초지고등학교","04","공립","N","","269","Y","8","Y"
"경기도교육청","경기도교육청","경기도 광명시","S090000820","충현고등학교","04","공립","N","","604","Y","0","N"
"경기도교육청","경기도교육청","경기도 평택시","S090000821","태광고등학교","04","사립","N","","606","Y","1","Y"
"경기도교육청","경기도교육청","경기도 용인시 처인구","S090000822","태성고등학교","04","사립","N","","293","Y","0","N"
"경기도교육청","경기도교육청","경기도 성남시 분당구","S090000823","태원고등학교","04","사립","N","","397","Y","6","Y"
"경기도교육청","경기도교육청","경기도 수원시 영통구","S090000824","태장고등학교","04","공립","N","","355","Y","19","Y"
"경기도교육청","경기도교육청","경기도 구리시","S090000825","토평고등학교","04","공립","N","","805","Y","48","Y"
"경기도교육청","경기도교육청","경기도 김포시","S090000826","통진고등학교","04","사립","N","","327","Y","15","Y"
"경기도교육청","경기도교육청","경기도 남양주시","S090000827","퇴계원고등학교","04","공립","N","","475","Y","0","N"
"경기도교육청","경기도교육청","경기도 파주시","S090000829","세경고등학교","04","사립","N","","492","Y","0","N"
"경기도교육청","경기도교육청","경기도 파주시","S090000831","정목고등학교","04","사립","N","","352","Y","11","Y"
"경기도교육청","경기도교육청","경기도 파주시","S090000832","파주고등학교","04","사립","N","","0","N","10","Y"
"경기도교육청","경기도교육청","경기도 수원시 영통구","S090000833","수원하이텍고등학교","04","공립","N","","651","Y","6","Y"
"경기도교육청","경기도교육청","경기도 안양시 동안구","S090000834","평촌고등학교","04","공립","N","","700","Y","0","N"
"경기도교육청","경기도교육청","경기도 안양시 동안구","S090000835","평촌과학기술고등학교","04","공립","N","","251","Y","8","Y"
"경기도교육청","경기도교육청","경기도 안양시 동안구","S090000836","평촌경영고등학교","04","공립","N","","372","Y","0","N"
"경기도교육청","경기도교육청","경기도 평택시","S090000837","평택고등학교","04","공립","N","","452","Y","0","N"
"경기도교육청","경기도교육청","경기도 평택시","S090000838","평택마이스터고등학교","04","공립","N","","380","Y","20","Y"
"경기도교육청","경기도교육청","경기도 평택시","S090000840","평택여자고등학교","04","공립","N","","470","Y","12","Y"
"경기도교육청","경기도교육청","경기도 포천시","S090000841","포천고등학교","04","공립","N","","238","Y","0","N"
"경기도교육청","경기도교육청","경기도 포천시","S090000843","포천일고등학교","04","공립","N","","553","Y","6","Y"
"경기도교육청","경기도교육청","경기도 용인시 수지구","S090000844","풍덕고등학교","04","공립","N","","422","Y","90","Y"
"경기도교육청","경기도교육청","경기도 성남시 수정구","S090000847","풍생고등학교","04","사립","N","","312","Y","25","Y"
"경기도교육청","경기도교육청","경기도 하남시","S090000848","하남고등학교","04","사립","N","","598","Y","13","Y"
"경기도교육청","경기도교육청","경기도 하남시","S090000849","하남경영고등학교","04","공립","N","","453","Y","1","Y"
"경기도교육청","경기도교육청","경기도 김포시","S090000850","하성고등학교","04","공립","N","","328","Y","0","N"
"경기도교육청","경기도교육청","경기도 평택시","S090000851","한광고등학교","04","사립","N","","0","N","71","Y"
"경기도교육청","경기도교육청","경기도 평택시","S090000852","한광여자고등학교","04","사립","N","","59","Y","139","Y"
"경기도교육청","경기도교육청","경기도 평택시","S090000853","한국관광고등학교","04","사립","N","","0","N","1","Y"
"경기도교육청","경기도교육청","경기도 이천시","S090000854","한국도예고등학교","04","공립","N","","320","Y","19","Y"
"경기도교육청","경기도교육청","경기도 안산시 단원구","S090000855","한국디지털미디어고등학교","04","사립","N","","364","Y","0","N"
"경기도교육청","경기도교육청","경기도 하남시","S090000856","한국애니메이션고등학교","04","공립","N","","213","Y","0","N"
"경기도교육청","경기도교육청","경기도 시흥시","S090000857","한국조리과학고등학교","04","사립","N","","641","Y","0","N"
"경기도교육청","경기도교육청","경기도 성남시 분당구","S090000858","한솔고등학교","04","공립","N","","396","Y","29","Y"
"경기도교육청","경기도교육청","경기도 시흥시","S090000859","경기자동차과학고등학교","04","사립","N","","497","Y","19","Y"
"경기도교육청","경기도교육청","경기도 시흥시","S090000862","함현고등학교","04","공립","N","","319","Y","26","Y"
"경기도교육청","경기도교육청","경기도 고양시 덕양구","S090000863","행신고등학교","04","공립","N","","417","Y","7","Y"
"경기도교육청","경기도교육청","경기도 의정부시","S090000865","호원고등학교","04","공립","N","","309","Y","10","Y"
"경기도교육청","경기도교육청","경기도 화성시 만세구","S090000867","화성고등학교","04","사립","N","","208","Y","2","Y"
"경기도교육청","경기도교육청","경기도 고양시 덕양구","S090000868","화수고등학교","04","공립","N","","578","Y","19","Y"
"경기도교육청","경기도교육청","경기도 고양시 덕양구","S090000869","화정고등학교","04","공립","N","","275","Y","50","Y"
"경기도교육청","경기도교육청","경기도 수원시 권선구","S090000870","화홍고등학교","04","공립","N","","367","Y","3","Y"
"경기도교육청","경기도교육청","경기도 평택시","S090000871","효명고등학교","04","사립","N","","135","Y","3","Y"
"경기도교육청","경기도교육청","경기도 성남시 수정구","S090000872","효성고등학교","04","사립","N","","438","Y","14","Y"
"경기도교육청","경기도교육청","경기도 수원시 영통구","S090000873","효원고등학교","04","공립","N","","447","Y","58","Y"
"경기도교육청","경기도교육청","경기도 군포시","S090000874","흥진고등학교","04","공립","N","","531","Y","12","Y"
"경기도교육청","경기도교육청","경기도 성남시 분당구","S090004768","돌마고등학교","04","공립","N","","310","Y","6","Y"
"경기도교육청","경기도교육청","경기도 의정부시","S090004831","부용고등학교","04","공립","N","","748","Y","0","N"
"경기도교육청","경기도교육청","경기도 부천시 원미구","S090004832","경기예술고등학교","04","공립","N","","299","Y","18","Y"
"경기도교육청","경기도교육청","경기도 안산시 상록구","S090004833","송호고등학교","04","공립","N","","998","Y","109","Y"
"경기도교육청","경기도교육청","경기도 시흥시","S090004834","시흥고등학교","04","공립","N","","353","Y","0","N"
"경기도교육청","경기도교육청","경기도 오산시","S090004835","운천고등학교","04","공립","N","","270","Y","0","N"
"경기도교육청","경기도교육청","경기도 용인시 수지구","S090004893","서원고등학교","04","공립","N","","531","Y","36","Y"
"경기도교육청","경기도교육청","경기도 수원시 장안구","S090004895","천천고등학교","04","공립","N","","651","Y","5","Y"
"경기도교육청","경기도교육청","경기도 수원시 장안구","S090004896","조원고등학교","04","공립","N","","284","Y","0","N"
"경기도교육청","경기도교육청","경기도 성남시 분당구","S090004897","늘푸른고등학교","04","공립","N","","658","Y","0","N"
"경기도교육청","경기도교육청","경기도 안양시 만안구","S090004898","충훈고등학교","04","공립","N","","389","Y","0","N"
"경기도교육청","경기도교육청","경기도 부천시 원미구","S090004899","상일고등학교","04","공립","N","","420","Y","16","Y"
"경기도교육청","경기도교육청","경기도 부천시 소사구","S090004900","송내고등학교","04","공립","N","","328","Y","0","N"
"경기도교육청","경기도교육청","경기도 용인시 기흥구","S090004901","구성고등학교","04","공립","N","","547","Y","21","Y"
"경기도교육청","경기도교육청","경기도 수원시 영통구","S090004902","매탄고등학교","04","공립","N","","534","Y","40","Y"
"경기도교육청","경기도교육청","경기도 안양시 동안구","S090004905","인덕원고등학교","04","공립","N","","254","Y","0","N"
"경기도교육청","경기도교육청","경기도 부천시 소사구","S090004906","범박고등학교","04","공립","N","","0","N","12","Y"
"경기도교육청","경기도교육청","경기도 양주시","S090004908","덕계고등학교","04","공립","N","","602","Y","0","N"
"경기도교육청","경기도교육청","경기도 안산시 단원구","S090004909","단원고등학교","04","공립","N","","405","Y","10","Y"
"경기도교육청","경기도교육청","경기도 시흥시","S090004910","군서고등학교","04","공립","N","","412","Y","0","N"
"경기도교육청","경기도교육청","경기도 고양시 일산동구","S090004912","풍동고등학교","04","공립","N","","505","Y","0","N"
"경기도교육청","경기도교육청","경기도 남양주시","S090004914","도농고등학교","04","공립","N","","761","Y","0","N"
"경기도교육청","경기도교육청","경기도 남양주시","S090004915","평내고등학교","04","공립","N","","512","Y","0","N"
"경기도교육청","경기도교육청","경기도 하남시","S090004916","신장고등학교","04","공립","N","","204","Y","0","N"
"경기도교육청","경기도교육청","경기도 이천시","S090004917","효양고등학교","04","공립","N","","100","Y","40","Y"
"경기도교육청","경기도교육청","경기도 용인시 기흥구","S090004918","보정고등학교","04","공립","N","","495","Y","0","N"
"경기도교육청","경기도교육청","경기도 김포시","S090004919","풍무고등학교","04","공립","N","","521","Y","0","N"
"경기도교육청","경기도교육청","","S090004920","병점고등학교","04","공립","N","","319","Y","0","N"
"경기도교육청","경기도교육청","경기도 파주시","S090004921","봉일천고등학교","04","공립","N","","290","Y","0","N"
"경기도교육청","경기도교육청","경기도 파주시","S090004922","교하고등학교","04","공립","N","","508","Y","0","N"
"경기도교육청","경기도교육청","경기도 의정부시","S090004923","상우고등학교","04","사립","N","","349","Y","32","Y"
"경기도교육청","경기도교육청","경기도 성남시 분당구","S090004945","이우고등학교","04","사립","N","","195","Y","8","Y"
"경기도교육청","경기도교육청","경기도 의왕시","S090005040","경기외국어고등학교","04","사립","N","","196","Y","0","N"
"경기도교육청","경기도교육청","경기도 의정부시","S090005167","경기북과학고등학교","04","공립","N","","0","N","14","Y"
"경기도교육청","경기도교육청","경기도 동두천시","S090005168","동두천외국어고등학교","04","공립","N","","647","Y","0","N"
"경기도교육청","경기도교육청","경기도 파주시","S090005169","금촌고등학교","04","공립","N","","216","Y","0","N"
"경기도교육청","경기도교육청","경기도 용인시 처인구","S090005170","용인한국외국어대학교부설고등학교","04","사립","N","","247","Y","1","Y"
"경기도교육청","경기도교육청","경기도 양주시","S090005280","양주백석고등학교","04","공립","N","","492","Y","40","Y"
"경기도교육청","경기도교육청","경기도 성남시 분당구","S090005282","성남외국어고등학교","04","공립","N","","272","Y","96","Y"
"경기도교육청","경기도교육청","경기도 안산시 상록구","S090005283","성포고등학교","04","공립","N","","220","Y","0","N"
"경기도교육청","경기도교육청","경기도 수원시 영통구","S090005284","수원외국어고등학교","04","공립","N","","563","Y","2","Y"
"경기도교육청","경기도교육청","경기도 가평군","S090005286","청심국제고등학교","04","사립","N","","254","Y","0","N"
"경기도교육청","경기도교육청","경기도 평택시","S090005290","현화고등학교","04","공립","N","","279","Y","12","Y"
"경기도교육청","경기도교육청","경기도 남양주시","S090005291","호평고등학교","04","공립","N","","252","Y","0","N"
"경기도교육청","경기도교육청","경기도 김포시","S090005292","김포외국어고등학교","04","사립","N","","340","Y","0","N"
"경기도교육청","경기도교육청","경기도 용인시 기흥구","S090005319","용인백현고등학교","04","공립","N","","398","Y","164","Y"
"경기도교육청","경기도교육청","경기도 안성시","S090005320","한겨레고등학교","04","사립","N","","361","Y","56","Y"
"경기도교육청","경기도교육청","경기도 고양시 일산서구","S090005380","가좌고등학교","04","공립","N","","405","Y","29","Y"
"경기도교육청","경기도교육청","경기도 양주시","S090005381","양주고등학교","04","공립","N","","327","Y","0","N"
"경기도교육청","경기도교육청","경기도 포천시","S090005382","송우고등학교","04","공립","N","","502","Y","0","Y"
"경기도교육청","경기도교육청","경기도 부천시 원미구","S090005399","상원고등학교","04","공립","N","","0","Y","8","Y"
"경기도교육청","경기도교육청","경기도 고양시 덕양구","S090005413","성사고등학교","04","공립","N","","369","Y","2","Y"
"경기도교육청","경기도교육청","경기도 용인시 기흥구","S090005414","성지고등학교","04","공립","N","","620","Y","50","Y"
"경기도교육청","경기도교육청","경기도 용인시 수지구","S090005415","현암고등학교","04","공립","N","","296","Y","5","Y"
"경기도교육청","경기도교육청","경기도 용인시 수지구","S090005416","용인홍천고등학교","04","공립","N","","668","Y","32","Y"
"경기도교육청","경기도교육청","경기도 의정부시","S090005417","효자고등학교","04","공립","N","","501","Y","0","N"
"경기도교육청","경기도교육청","경기도 고양시 일산서구","S090005418","고양예술고등학교","04","사립","N","","0","N","25","Y"
"경기도교육청","경기도교육청","경기도 용인시 수지구","S090005458","대지고등학교","04","공립","N","","475","Y","7","Y"
"경기도교육청","경기도교육청","","S090005459","동탄고등학교","04","공립","N","","865","Y","26","Y"
"경기도교육청","경기도교육청","경기도 화성시 병점구","S090005460","안화고등학교","04","공립","N","","415","Y","14","Y"
"경기도교육청","경기도교육청","경기도 오산시","S090005461","운암고등학교","04","공립","N","","885","Y","0","N"
"경기도교육청","경기도교육청","경기도 용인시 기흥구","S090005488","동백고등학교","04","공립","N","","565","Y","0","N"
"경기도교육청","경기도교육청","경기도 수원시 영통구","S090005576","망포고등학교","04","공립","N","","247","Y","0","N"
"경기도교육청","경기도교육청","경기도 수원시 영통구","S090005577","매원고등학교","04","공립","N","","435","Y","35","Y"
"경기도교육청","경기도교육청","","S090005578","반송고등학교","04","공립","N","","414","Y","9","Y"
"경기도교육청","경기도교육청","경기도 화성시 효행구","S090005579","봉담고등학교","04","공립","N","","2133","Y","30","Y"
"경기도교육청","경기도교육청","경기도 화성시 동탄구","S090005580","예당고등학교","04","공립","N","","790","Y","21","Y"
"경기도교육청","경기도교육청","경기도 부천시 오정구","S090005581","수주고등학교","04","공립","N","","289","Y","0","N"
"경기도교육청","경기도교육청","경기도 고양시 덕양구","S090005599","고양일고등학교","04","공립","N","","617","Y","10","Y"
"경기도교육청","경기도교육청","경기도 고양시 일산동구","S090005600","안곡고등학교","04","공립","N","","419","Y","20","Y"
"경기도교육청","경기도교육청","경기도 남양주시","S090005601","와부고등학교","04","공립","N","","149","Y","4","Y"
"경기도교육청","경기도교육청","경기도 수원시 권선구","S090005653","고색고등학교","04","공립","N","","597","Y","14","Y"
"경기도교육청","경기도교육청","","S090005655","나루고등학교","04","공립","N","","559","Y","11","Y"
"경기도교육청","경기도교육청","경기도 용인시 기흥구","S090005656","보라고등학교","04","공립","N","","368","Y","7","Y"
"경기도교육청","경기도교육청","경기도 용인시 기흥구","S090005658","초당고등학교","04","공립","N","","492","Y","0","N"
"경기도교육청","경기도교육청","경기도 성남시 수정구","S090005659","복정고등학교","04","공립","N","","755","Y","0","N"
"경기도교육청","경기도교육청","경기도 용인시 처인구","S090005660","포곡고등학교","04","공립","N","","424","Y","17","Y"
"경기도교육청","경기도교육청","경기도 화성시 만세구","S090005663","향남고등학교","04","공립","N","","0","N","203","Y"
"경기도교육청","경기도교육청","경기도 용인시 기흥구","S090005664","청덕고등학교","04","공립","N","","241","Y","0","N"
"경기도교육청","경기도교육청","경기도 시흥시","S090005665","시흥능곡고등학교","04","공립","N","","315","Y","6","Y"
"경기도교육청","경기도교육청","경기도 시흥시","S090005666","시흥매화고등학교","04","공립","N","","471","Y","0","N"
"경기도교육청","경기도교육청","경기도 의정부시","S090005667","발곡고등학교","04","공립","N","","370","Y","0","N"
"경기도교육청","경기도교육청","경기도 시흥시","S090005668","신천고등학교","04","공립","N","","660","Y","0","N"
"경기도교육청","경기도교육청","경기도 안산시 단원구","S090005669","선부고등학교","04","공립","N","","257","Y","0","N"
"경기도교육청","경기도교육청","경기도 남양주시","S090005670","오남고등학교","04","공립","N","","645","Y","0","N"
"경기도교육청","경기도교육청","경기도 의왕시","S090005671","의왕고등학교","04","공립","N","","666","Y","0","N"
"경기도교육청","경기도교육청","경기도 평택시","S090005672","이충고등학교","04","공립","N","","401","Y","3","Y"
"경기도교육청","경기도교육청","경기도 김포시","S090005673","장기고등학교","04","공립","N","","684","Y","0","N"
"경기도교육청","경기도교육청","경기도 안산시 단원구","S090005674","신길고등학교","04","공립","N","","254","Y","3","Y"
"경기도교육청","경기도교육청","경기도 광주시","S090005675","광남고등학교","04","공립","N","","300","Y","40","Y"
"경기도교육청","경기도교육청","경기도 안산시 상록구","S090005676","광덕고등학교","04","공립","N","","274","Y","0","N"
"경기도교육청","경기도교육청","경기도 용인시 기흥구","S090005677","흥덕고등학교","04","공립","N","","402","Y","18","Y"
"경기도교육청","경기도교육청","경기도 양주시","S090005796","덕현고등학교","04","공립","N","","524","Y","0","N"
"경기도교육청","경기도교육청","경기도 고양시 덕양구","S090005797","서정고등학교","04","공립","N","","494","Y","15","Y"
"경기도교육청","경기도교육청","경기도 광명시","S090005798","운산고등학교","04","공립","N","","348","Y","32","Y"
"경기도교육청","경기도교육청","경기도 파주시","S090005799","운정고등학교","04","공립","N","","300","Y","1","Y"
"경기도교육청","경기도교육청","경기도 남양주시","S090005800","마석고등학교","04","공립","N","","547","Y","7","Y"
"경기도교육청","경기도교육청","경기도 안산시 상록구","S090005801","상록고등학교","04","공립","N","","396","Y","0","N"
"경기도교육청","경기도교육청","경기도 남양주시","S090005803","진접고등학교","04","공립","N","","331","Y","40","Y"
"경기도교육청","경기도교육청","경기도 평택시","S090005804","청북고등학교","04","공립","N","","624","Y","10","Y"
"경기도교육청","경기도교육청","경기도 오산시","S090005806","세마고등학교","04","공립","N","","462","Y","2","Y"
"경기도교육청","경기도교육청","경기도 화성시 동탄구","S090005808","능동고등학교","04","공립","N","","412","Y","0","N"
"경기도교육청","경기도교육청","경기도 김포시","S090005811","마송고등학교","04","공립","N","","162","Y","10","Y"
"경기도교육청","경기도교육청","경기도 의왕시","S090005815","모락고등학교","04","공립","N","","613","Y","0","N"
"경기도교육청","경기도교육청","경기도 광주시","S090005820","경화여자English Business고등학교","04","사립","N","","412","Y","67","Y"
"경기도교육청","경기도교육청","경기도 안성시","S090005831","경기창조고등학교","04","공립","N","","305","Y","25","Y"
"경기도교육청","경기도교육청","경기도 성남시 분당구","S090005836","보평고등학교","04","공립","N","","558","Y","13","Y"
"경기도교육청","경기도교육청","경기도 성남시 분당구","S090005844","운중고등학교","04","공립","N","","998","Y","0","N"
"경기도교육청","경기도교육청","경기도 남양주시","S090005898","가운고등학교","04","공립","N","","680","Y","47","Y"
"경기도교육청","경기도교육청","경기도 파주시","S090005899","동패고등학교","04","공립","N","","436","Y","2","Y"
"경기도교육청","경기도교육청","경기도 부천시 원미구","S090005900","역곡고등학교","04","공립","N","","0","N","305","Y"
"경기도교육청","경기도교육청","경기도 성남시 분당구","S090005901","판교고등학교","04","공립","N","","520","Y","0","N"
"경기도교육청","경기도교육청","경기도 오산시","S090005902","세교고등학교","04","공립","N","","180","Y","30","Y"
"경기도교육청","경기도교육청","경기도 용인시 기흥구","S090005903","서천고등학교","04","공립","N","","472","Y","22","Y"
"경기도교육청","경기도교육청","경기도 용인시 수지구","S090005904","성복고등학교","04","공립","N","","510","Y","0","N"
"경기도교육청","경기도교육청","경기도 고양시 일산서구","S090005905","대화고등학교","04","공립","N","","596","Y","0","N"
"경기도교육청","경기도교육청","경기도 이천시","S090005906","이현고등학교","04","공립","N","","245","Y","12","Y"
"경기도교육청","경기도교육청","경기도 광주시","S090005908","초월고등학교","04","공립","N","","347","Y","0","N"
"경기도교육청","경기도교육청","경기도 화성시 만세구","S090005909","향일고등학교","04","공립","N","","218","Y","22","Y"
"경기도교육청","경기도교육청","경기도 남양주시","S090005910","판곡고등학교","04","공립","N","","999","Y","0","N"
"경기도교육청","경기도교육청","경기도 수원시 영통구","S090005984","광교고등학교","04","공립","N","","499","Y","26","Y"
"경기도교육청","경기도교육청","경기도 수원시 팔달구","S090006514","율천고등학교","04","공립","N","","701","Y","0","N"
"경기도교육청","경기도교육청","경기도 고양시 일산서구","S090006518","덕이고등학교","04","공립","N","","253","Y","0","N"
"경기도교육청","경기도교육청","경기도 의정부시","S090006519","송양고등학교","04","공립","N","","507","Y","34","Y"
"경기도교육청","경기도교육청","경기도 남양주시","S090006520","별내고등학교","04","공립","N","","424","Y","30","Y"
"경기도교육청","경기도교육청","경기도 군포시","S090006521","군포중앙고등학교","04","공립","N","","466","Y","0","N"
"경기도교육청","경기도교육청","경기도 용인시 수지구","S090006522","상현고등학교","04","공립","N","","366","Y","0","N"
"경기도교육청","경기도교육청","경기도 김포시","S090006523","솔터고등학교","04","공립","N","","376","Y","15","Y"
"경기도교육청","경기도교육청","경기도 용인시 수지구","S090006525","신봉고등학교","04","공립","N","","503","Y","0","N"
"경기도교육청","경기도교육청","경기도 평택시","S090006539","비전고등학교","04","공립","N","","270","Y","0","N"
"경기도교육청","경기도교육청","경기도 안산시 상록구","S090006540","부곡고등학교","04","공립","N","","373","Y","0","N"
"경기도교육청","경기도교육청","경기도 하남시","S090006541","풍산고등학교","04","공립","N","","634","Y","9","Y"
"경기도교육청","경기도교육청","경기도 수원시 권선구","S090006542","호매실고등학교","04","공립","N","","380","Y","0","N"
"경기도교육청","경기도교육청","경기도 고양시 일산동구","S090006561","고양국제고등학교","04","공립","N","","297","Y","10","Y"
"경기도교육청","경기도교육청","경기도 고양시 일산동구","S090006562","저현고등학교","04","공립","N","","679","Y","3","Y"
"경기도교육청","경기도교육청","","S090006577","동탄국제고등학교","04","공립","N","","507","Y","0","N"
"경기도교육청","경기도교육청","경기도 고양시 덕양구","S090006624","고양동산고등학교","04","공립","N","","453","Y","0","N"
"경기도교육청","경기도교육청","경기도 광명시","S090006645","광휘고등학교","04","공립","N","","530","Y","3","Y"
"경기도교육청","경기도교육청","경기도 화성시 병점구","S090006700","화성반월고등학교","04","공립","N","","387","Y","0","N"
"경기도교육청","경기도교육청","경기도 오산시","S090006701","매홀고등학교","04","공립","N","","425","Y","0","N"
"경기도교육청","경기도교육청","경기도 수원시 권선구","S090006702","수원칠보고등학교","04","공립","N","","317","Y","0","N"
"경기도교육청","경기도교육청","경기도 수원시 권선구","S090006703","곡정고등학교","04","공립","N","","467","Y","31","Y"
"경기도교육청","경기도교육청","경기도 김포시","S090006717","운양고등학교","04","공립","N","","291","Y","0","N"
"경기도교육청","경기도교육청","경기도 파주시","S090006763","한민고등학교","04","사립","N","","811","Y","10","Y"
"경기도교육청","경기도교육청","경기도 고양시 덕양구","S090006764","도래울고등학교","04","공립","N","","338","Y","0","N"
"경기도교육청","경기도교육청","경기도 양주시","S090006765","옥정고등학교","04","공립","N","","482","Y","51","Y"
"경기도교육청","경기도교육청","경기도 하남시","S090006810","미사고등학교","04","공립","N","","415","Y","0","N"
"경기도교육청","경기도교육청","","S090006811","한백고등학교","04","공립","N","","617","Y","1","Y"
"경기도교육청","경기도교육청","경기도 화성시 동탄구","S090006812","동탄중앙고등학교","04","공립","N","","261","Y","17","Y"
"경기도교육청","경기도교육청","경기도 수원시 영통구","S090006813","이의고등학교","04","공립","N","","654","Y","7","Y"
"경기도교육청","경기도교육청","경기도 김포시","S090006814","김포제일고등학교","04","공립","N","","444","Y","0","N"
"경기도교육청","경기도교육청","경기도 파주시","S090006903","지산고등학교","04","공립","N","","350","Y","0","N"
"경기도교육청","경기도교육청","경기도 남양주시","S090006905","별가람고등학교","04","공립","N","","395","Y","8","Y"
"경기도교육청","경기도교육청","경기도 구리시","S090006906","갈매고등학교","04","공립","N","","466","Y","10","Y"
"경기도교육청","경기도교육청","경기도 파주시","S090006908","한빛고등학교","04","공립","N","","282","Y","0","N"
"경기도교육청","경기도교육청","경기도 하남시","S090006919","미사강변고등학교","04","공립","N","","590","Y","15","Y"
"경기도교육청","경기도교육청","경기도 광주시","S090006920","태전고등학교","04","공립","N","","305","Y","0","N"
"경기도교육청","경기도교육청","경기도 용인시 처인구","S090006921","용인삼계고등학교","04","공립","N","","555","Y","2","Y"
"경기도교육청","경기도교육청","경기도 용인시 처인구","S090006924","고림고등학교","04","공립","N","","605","Y","0","N"
"경기도교육청","경기도교육청","경기도 시흥시","S090006925","배곧고등학교","04","공립","N","","157","Y","3","Y"
"경기도교육청","경기도교육청","경기도 하남시","S090007014","위례고등학교","04","공립","N","","266","Y","3","Y"
"경기도교육청","경기도교육청","경기도 화성시 만세구","S090007015","하길고등학교","04","공립","N","","244","Y","12","Y"
"경기도교육청","경기도교육청","경기도 성남시 수정구","S090007016","위례한빛고등학교","04","공립","N","","434","Y","5","Y"
"경기도교육청","경기도교육청","경기도 화성시 동탄구","S090007130","이산고등학교","04","공립","N","","98","Y","19","Y"
"경기도교육청","경기도교육청","경기도 화성시 동탄구","S090007131","창의고등학교","04","공립","N","","474","Y","58","Y"
"경기도교육청","경기도교육청","","S090007243","정현고등학교","04","공립","N","","230","Y","0","N"
"경기도교육청","경기도교육청","경기도 화성시 효행구","S090007278","와우고등학교","04","공립","N","","0","N","0","N"
"경기도교육청","경기도교육청","경기도 김포시","S090007314","고촌고등학교","04","공립","N","","600","Y","0","N"
"경기도교육청","경기도교육청","경기도 화성시 만세구","S090007315","새솔고등학교","04","공립","N","","482","Y","0","N"
"경기도교육청","경기도교육청","경기도 화성시 동탄구","S090007316","서연고등학교","04","공립","N","","63","Y","84","Y"
"경기도교육청","경기도교육청","경기도 남양주시","S090007317","남양주다산고등학교","04","공립","N","","325","Y","22","Y"
"경기도교육청","경기도교육청","경기도 시흥시","S090007318","목감고등학교","04","공립","N","","256","Y","74","Y"
"경기도교육청","경기도교육청","경기도 하남시","S090007408","감일고등학교","04","공립","N","","0","N","66","Y"
"경기도교육청","경기도교육청","경기도 양주시","S090007409","옥빛고등학교","04","공립","N","","600","Y","4","Y"
"경기도교육청","경기도교육청","경기도 용인시 처인구","S090007439","처인고등학교","04","공립","N","","133","Y","12","Y"
"경기도교육청","경기도교육청","경기도 고양시 덕양구","S090007444","신원고등학교","04","공립","N","","385","Y","6","Y"
"경기도교육청","경기도교육청","경기도 고양시 덕양구","S090007445","향동고등학교","04","공립","N","","0","N","75","Y"
"경기도교육청","경기도교육청","경기도 화성시 동탄구","S090007568","이솔고등학교","04","공립","N","","0","N","12","Y"