"시도교육청","교육지원청","지역","정보공시 학교코드","학교명","학교급코드","설립구분","제외여부","제외사유","동아리수","참여학생수","지도교사수","자원봉사 또는외부강사수","동아리활동 예산지원현황","동아리수","참여학생수","지도교사수","자원봉사 또는외부강사수","동아리활동 예산지원현황"
"경기도교육청","경기도가평교육지원청","경기도 가평군","S090000876","가평중학교","03","공립","N","","34","512","34","9","24000000","5","88","5","2","31000000"
"경기도교육청","경기도가평교육지원청","경기도 가평군","S090000877","가평북중학교","03","공립","N","","5","36","5","5","17010000","5","33","5","0","720000"
"경기도교육청","경기도가평교육지원청","경기도 가평군","S090000878","설악중학교","03","공립","N","","15","175","12","3","5000000","0","0","0","0","0"
"경기도교육청","경기도가평교육지원청","경기도 가평군","S090000879","조종중학교","03","공립","N","","16","236","19","8","3500000","3","63","3","1","3500000"
"경기도교육청","경기도가평교육지원청","경기도 가평군","S090000880","청평중학교","03","공립","N","","20","216","20","0","5000000","0","0","0","0","0"
"경기도교육청","경기도고양교육지원청","경기도 고양시 덕양구","S090000944","가람중학교","03","공립","N","","26","413","26","0","2500000","12","147","12","0","1500000"
"경기도교육청","경기도고양교육지원청","경기도 고양시 덕양구","S090000946","고양중학교","03","공립","N","","33","503","33","0","1500000","20","213","20","0","1500000"
"경기도교육청","경기도고양교육지원청","경기도 고양시 덕양구","S090000947","능곡중학교","03","공립","N","","44","657","44","0","2480000","2","17","2","0","66000"
"경기도교육청","경기도고양교육지원청","경기도 고양시 일산서구","S090000948","대화중학교","03","공립","N","","43","772","43","2","3700000","19","133","19","0","0"
"경기도교육청","경기도고양교육지원청","경기도 고양시 덕양구","S090000949","덕양중학교","03","공립","N","","6","130","6","4","0","16","161","16","0","2000000"
"경기도교육청","경기도고양교육지원청","경기도 고양시 덕양구","S090000950","무원중학교","03","공립","N","","23","332","23","0","2000000","11","135","11","0","0"
"경기도교육청","경기도고양교육지원청","경기도 고양시 일산서구","S090000951","발산중학교","03","공립","N","","41","853","50","12","1780000","26","178","26","0","0"
"경기도교육청","경기도고양교육지원청","경기도 고양시 일산동구","S090000952","백마중학교","03","공립","N","","54","1025","54","2","4300000","14","101","14","0","1500000"
"경기도교육청","경기도고양교육지원청","경기도 고양시 일산동구","S090000953","백석중학교","03","공립","N","","18","403","18","0","780000","12","86","12","0","420000"
"경기도교육청","경기도고양교육지원청","경기도 고양시 일산동구","S090000954","백신중학교","03","공립","N","","37","836","45","4","0","16","116","16","0","3000000"
"경기도교육청","경기도고양교육지원청","경기도 고양시 덕양구","S090000955","백양중학교","03","공립","N","","13","231","13","0","1300000","9","88","9","0","0"
"경기도교육청","경기도고양교육지원청","경기도 고양시 덕양구","S090000956","고양제일중학교","03","사립","N","","40","869","58","4","12000000","21","272","22","0","3220000"
"경기도교육청","경기도고양교육지원청","경기도 고양시 덕양구","S090000957","신능중학교","03","공립","N","","32","558","32","1","4500000","6","37","6","0","0"
"경기도교육청","경기도고양교육지원청","경기도 고양시 일산서구","S090000958","신일중학교","03","공립","N","","61","1294","61","3","11050000","21","131","21","0","0"
"경기도교육청","경기도고양교육지원청","경기도 고양시 일산서구","S090000959","오마중학교","03","공립","N","","40","678","37","3","2800000","43","294","42","1","640000"
"경기도교육청","경기도고양교육지원청","경기도 고양시 덕양구","S090000960","원당중학교","03","공립","N","","6","146","4","4","5700000","8","92","8","0","1500000"
"경기도교육청","경기도고양교육지원청","경기도 고양시 일산서구","S090000961","일산동중학교","03","공립","N","","38","556","38","1","48000000","2","19","2","0","200000"
"경기도교육청","경기도고양교육지원청","경기도 고양시 일산서구","S090000962","일산중학교","03","공립","N","","26","398","26","3","4980000","10","99","10","0","160000"
"경기도교육청","경기도고양교육지원청","경기도 고양시 일산서구","S090000963","장성중학교","03","공립","N","","26","368","26","2","1960000","18","190","18","1","7500000"
"경기도교육청","경기도고양교육지원청","경기도 고양시 일산동구","S090000964","저동중학교","03","공립","N","","24","304","24","1","2400000","15","162","15","0","0"
"경기도교육청","경기도고양교육지원청","경기도 고양시 일산동구","S090000965","정발중학교","03","공립","N","","23","635","23","4","0","40","546","40","2","1280000"
"경기도교육청","경기도고양교육지원청","경기도 고양시 일산동구","S090000966","중산중학교","03","공립","N","","33","485","33","0","3000000","5","63","5","0","0"
"경기도교육청","경기도고양교육지원청","경기도 고양시 덕양구","S090000967","지도중학교","03","공립","N","","34","697","34","4","3000000","12","137","12","0","1400000"
"경기도교육청","경기도고양교육지원청","경기도 고양시 일산서구","S090000969","한수중학교","03","공립","N","","49","838","49","11","5000000","11","66","11","0","0"
"경기도교육청","경기도고양교육지원청","경기도 고양시 덕양구","S090000970","행신중학교","03","공립","N","","27","441","27","0","2115000","14","145","14","0","0"
"경기도교육청","경기도고양교육지원청","경기도 고양시 일산서구","S090000971","호곡중학교","03","공립","N","","62","1239","63","2","13800000","11","121","11","1","1300000"
"경기도교육청","경기도고양교육지원청","경기도 고양시 덕양구","S090000972","화수중학교","03","공립","N","","25","522","25","0","4000000","23","231","26","0","3100000"
"경기도교육청","경기도고양교육지원청","경기도 고양시 덕양구","S090000973","화정중학교","03","공립","N","","12","215","12","0","0","19","154","19","0","950000"
"경기도교육청","경기도광명교육지원청","경기도 광명시","S090001188","가림중학교","03","공립","N","","51","972","51","3","13640000","5","71","5","0","1000000"
"경기도교육청","경기도광명교육지원청","경기도 광명시","S090001189","광남중학교","03","공립","N","","30","598","31","0","5440000","19","194","19","0","2340000"
"경기도교육청","경기도광명교육지원청","경기도 광명시","S090001190","광명북중학교","03","공립","N","","28","441","28","1","770000","10","104","10","1","4640000"
"경기도교육청","경기도광명교육지원청","경기도 광명시","S090001191","하안북중학교","03","공립","N","","59","1226","59","22","14869000","7","56","7","0","431000"
"경기도교육청","경기도광명교육지원청","경기도 광명시","S090001192","광명중학교","03","공립","N","","32","483","34","3","3540000","6","89","6","3","1340000"
"경기도교육청","경기도광명교육지원청","경기도 광명시","S090001194","소하중학교","03","공립","N","","54","1177","54","10","21500000","5","56","5","0","500000"
"경기도교육청","경기도광명교육지원청","경기도 광명시","S090001195","안서중학교","03","공립","N","","19","290","19","1","2602000","3","35","3","0","398000"
"경기도교육청","경기도광명교육지원청","경기도 광명시","S090001196","철산중학교","03","공립","N","","64","1295","64","4","24660000","11","78","11","0","700000"
"경기도교육청","경기도광명교육지원청","경기도 광명시","S090001198","하안중학교","03","공립","N","","23","409","23","0","3162000","9","122","9","0","2000000"
"경기도교육청","경기도광주하남교육지원청","경기도 광주시","S090001267","경안중학교","03","공립","N","","27","720","27","0","4100000","23","292","23","0","0"
"경기도교육청","경기도광주하남교육지원청","경기도 광주시","S090001268","경화여자중학교","03","사립","N","","30","906","30","0","5227000","25","499","26","0","10320000"
"경기도교육청","경기도광주하남교육지원청","경기도 광주시","S090001269","광수중학교","03","공립","N","","16","335","16","0","2000000","21","117","21","0","2000000"
"경기도교육청","경기도광주하남교육지원청","경기도 광주시","S090001270","광일중학교","03","공립","N","","7","158","11","3","11850000","5","49","5","0","500000"
"경기도교육청","경기도광주하남교육지원청","경기도 광주시","S090001271","곤지암중학교","03","공립","N","","5","144","5","0","500000","8","74","8","0","1000000"
"경기도교육청","경기도광주하남교육지원청","경기도 광주시","S090001272","광주중학교","03","공립","N","","57","579","57","2","2600000","9","119","9","6","200000"
"경기도교육청","경기도광주하남교육지원청","경기도 하남시","S090001273","남한중학교","03","공립","N","","16","157","16","0","0","10","111","10","0","1000000"
"경기도교육청","경기도광주하남교육지원청","경기도 하남시","S090001274","동부중학교","03","공립","N","","31","472","31","2","1800000","7","69","7","0","1400000"
"경기도교육청","경기도광주하남교육지원청","경기도 하남시","S090001275","신장중학교","03","공립","N","","18","282","20","2","6600000","7","129","7","3","25160000"
"경기도교육청","경기도광주하남교육지원청","경기도 광주시","S090001276","탄벌중학교","03","공립","N","","44","1272","44","0","4000000","17","292","17","0","3000000"
"경기도교육청","경기도광주하남교육지원청","경기도 하남시","S090001277","하남중학교","03","공립","N","","26","143","26","1","1000000","6","106","6","2","19000000"
"경기도교육청","경기도군포의왕교육지원청","경기도 의왕시","S090001365","갈뫼중학교","03","공립","N","","47","774","47","0","0","17","149","17","0","2684000"
"경기도교육청","경기도군포의왕교육지원청","경기도 의왕시","S090001366","고천중학교","03","공립","N","","23","387","23","9","9920000","5","40","5","0","2000000"
"경기도교육청","경기도군포의왕교육지원청","경기도 군포시","S090001367","곡란중학교","03","공립","N","","32","632","32","3","1700000","9","110","9","1","0"
"경기도교육청","경기도군포의왕교육지원청","경기도 군포시","S090001368","군포중학교","03","공립","N","","27","312","27","10","7000000","12","124","12","0","3000000"
"경기도교육청","경기도군포의왕교육지원청","경기도 군포시","S090001369","궁내중학교","03","공립","N","","70","1258","70","1","11900000","22","167","22","1","0"
"경기도교육청","경기도군포의왕교육지원청","경기도 군포시","S090001370","금정중학교","03","공립","N","","23","370","23","0","0","8","101","8","3","13350000"
"경기도교육청","경기도군포의왕교육지원청","경기도 군포시","S090001371","도장중학교","03","공립","N","","29","424","29","0","1784000","19","204","19","0","3000000"
"경기도교육청","경기도군포의왕교육지원청","경기도 의왕시","S090001372","백운중학교","03","공립","N","","29","519","29","33","2000000","16","244","16","4","20536600"
"경기도교육청","경기도군포의왕교육지원청","경기도 군포시","S090001374","산본중학교","03","공립","N","","0","0","0","0","0","22","236","22","2","10970000"
"경기도교육청","경기도군포의왕교육지원청","경기도 군포시","S090001375","수리중학교","03","공립","N","","39","828","39","7","5400000","13","174","13","1","9200000"
"경기도교육청","경기도군포의왕교육지원청","경기도 군포시","S090001376","용호중학교","03","공립","N","","33","675","33","2","0","15","216","15","2","1294000"
"경기도교육청","경기도군포의왕교육지원청","경기도 의왕시","S090001377","의왕부곡중학교","03","공립","N","","35","785","35","4","5480000","14","162","14","0","2500000"
"경기도교육청","경기도군포의왕교육지원청","경기도 의왕시","S090001378","의왕중학교","03","공립","N","","14","159","14","2","0","4","60","4","0","5935000"
"경기도교육청","경기도군포의왕교육지원청","경기도 군포시","S090001379","흥진중학교","03","공립","N","","35","644","35","2","8600000","25","257","25","1","7700000"
"경기도교육청","경기도김포교육지원청","경기도 김포시","S090001487","고촌중학교","03","공립","N","","13","295","13","6","10560000","19","216","19","1","1400000"
"경기도교육청","경기도김포교육지원청","경기도 김포시","S090001488","김포여자중학교","03","공립","N","","17","249","17","0","6223260","0","0","0","0","0"
"경기도교육청","경기도김포교육지원청","경기도 김포시","S090001489","금파중학교","03","공립","N","","42","720","42","6","10338000","22","199","22","0","1000000"
"경기도교육청","경기도김포교육지원청","경기도 김포시","S090001490","김포중학교","03","공립","N","","12","241","12","2","850000","9","103","9","1","3900000"
"경기도교육청","경기도김포교육지원청","경기도 김포시","S090001491","대곶중학교","03","공립","N","","20","237","23","3","9300000","6","62","6","0","0"
"경기도교육청","경기도김포교육지원청","경기도 김포시","S090001492","분진중학교","03","사립","N","","7","40","14","3","5260000","5","31","7","0","600000"
"경기도교육청","경기도김포교육지원청","경기도 김포시","S090001493","양곡중학교","03","사립","N","","7","160","7","0","0","16","169","16","0","1500000"
"경기도교육청","경기도김포교육지원청","경기도 김포시","S090001494","장기중학교","03","공립","N","","56","1197","56","0","4000000","33","234","33","0","2000000"
"경기도교육청","경기도김포교육지원청","경기도 김포시","S090001495","통진중학교","03","사립","N","","36","788","36","10","3600000","14","190","14","1","1000000"
"경기도교육청","경기도김포교육지원청","경기도 김포시","S090001496","풍무중학교","03","공립","N","","56","1149","56","0","3700000","4","43","4","0","0"
"경기도교육청","경기도김포교육지원청","경기도 김포시","S090001497","하성중학교","03","공립","N","","6","103","6","0","1160000","6","68","6","2","4480000"
"경기도교육청","경기도구리남양주교육지원청","경기도 남양주시","S090001575","광동중학교","03","사립","N","","34","642","34","0","0","20","474","23","1","0"
"경기도교육청","경기도구리남양주교육지원청","경기도 구리시","S090001576","교문중학교","03","공립","N","","15","327","15","3","2000000","14","177","14","1","5400000"
"경기도교육청","경기도구리남양주교육지원청","경기도 구리시","S090001577","구리중학교","03","공립","N","","14","167","14","0","0","3","33","3","0","1000000"
"경기도교육청","경기도구리남양주교육지원청","경기도 구리시","S090001578","구리여자중학교","03","공립","N","","3","83","3","1","900000","14","183","14","2","5200000"
"경기도교육청","경기도구리남양주교육지원청","경기도 남양주시","S090001579","금곡중학교","03","공립","N","","21","233","22","0","2000000","1","6","1","0","1400000"
"경기도교육청","경기도구리남양주교육지원청","경기도 남양주시","S090001581","덕소중학교","03","공립","N","","32","804","32","2","25752000","16","200","16","0","2000000"
"경기도교육청","경기도구리남양주교육지원청","경기도 남양주시","S090001582","도농중학교","03","공립","N","","32","556","33","0","6400000","12","102","13","0","900000"
"경기도교육청","경기도구리남양주교육지원청","경기도 구리시","S090001583","동구중학교","03","공립","N","","48","754","48","0","0","13","153","13","0","4000000"
"경기도교육청","경기도구리남양주교육지원청","경기도 남양주시","S090001584","동화중학교","03","사립","N","","7","207","7","0","700000","7","70","7","0","700000"
"경기도교육청","경기도구리남양주교육지원청","경기도 남양주시","S090001585","마석중학교","03","공립","N","","52","1203","52","1","7300000","5","48","5","0","2000000"
"경기도교육청","경기도구리남양주교육지원청","경기도 남양주시","S090001586","미금중학교","03","공립","N","","19","335","19","0","4200000","11","151","11","0","1000000"
"경기도교육청","경기도구리남양주교육지원청","경기도 남양주시","S090001587","별내중학교","03","공립","N","","30","483","31","0","5076000","18","265","18","0","2000000"
"경기도교육청","경기도구리남양주교육지원청","경기도 남양주시","S090001588","수동중학교","03","사립","N","","6","102","6","2","3125000","2","25","1","1","2000000"
"경기도교육청","경기도구리남양주교육지원청","경기도 남양주시","S090001589","심석중학교","03","사립","N","","14","263","14","0","0","7","79","7","0","1000000"
"경기도교육청","경기도구리남양주교육지원청","경기도 남양주시","S090001590","오남중학교","03","공립","N","","34","465","35","0","0","14","84","14","0","2800000"
"경기도교육청","경기도구리남양주교육지원청","경기도 남양주시","S090001591","와부중학교","03","공립","N","","20","506","20","8","12300000","16","183","16","0","4000000"
"경기도교육청","경기도구리남양주교육지원청","경기도 남양주시","S090001592","연세중학교","03","사립","N","","3","122","6","2","200000","0","0","0","0","0"
"경기도교육청","경기도구리남양주교육지원청","경기도 구리시","S090001593","인창중학교","03","공립","N","","38","583","38","0","12400000","15","154","15","0","0"
"경기도교육청","경기도구리남양주교육지원청","경기도 구리시","S090001594","장자중학교","03","공립","N","","14","569","16","2","9200000","11","139","11","0","6000000"
"경기도교육청","경기도구리남양주교육지원청","경기도 남양주시","S090001595","진건중학교","03","공립","N","","28","425","28","0","0","0","0","0","0","0"
"경기도교육청","경기도구리남양주교육지원청","경기도 구리시","S090001596","토평중학교","03","공립","N","","34","491","34","0","4080000","17","162","17","0","4700000"
"경기도교육청","경기도구리남양주교육지원청","경기도 남양주시","S090001597","퇴계원중학교","03","공립","N","","25","406","28","0","3000000","5","53","5","0","0"
"경기도교육청","경기도구리남양주교육지원청","경기도 남양주시","S090001598","호평중학교","03","공립","N","","54","1108","54","5","16000000","11","141","11","0","1000000"
"경기도교육청","경기도구리남양주교육지원청","경기도 남양주시","S090001599","화광중학교","03","공립","N","","8","249","8","0","550000","14","174","14","0","1500000"
"경기도교육청","경기도동두천양주교육지원청","경기도 양주시","S090001771","고암중학교","03","공립","N","","32","512","33","0","3000000","1","6","1","0","800000"
"경기도교육청","경기도동두천양주교육지원청","경기도 양주시","S090001772","남문중학교","03","사립","N","","17","180","17","0","0","9","169","15","0","3000000"
"경기도교육청","경기도동두천양주교육지원청","경기도 양주시","S090001773","덕계중학교","03","공립","N","","17","333","17","0","1900000","9","140","9","0","3900000"
"경기도교육청","경기도동두천양주교육지원청","경기도 양주시","S090001774","덕정중학교","03","공립","N","","25","391","26","1","2870000","5","90","6","0","2280000"
"경기도교육청","경기도동두천양주교육지원청","경기도 동두천시","S090001775","동두천여자중학교","03","사립","N","","44","676","44","0","4000000","21","302","21","0","18179000"
"경기도교육청","경기도동두천양주교육지원청","경기도 동두천시","S090001777","동두천중학교","03","사립","N","","18","318","22","6","0","7","90","7","0","4942000"
"경기도교육청","경기도동두천양주교육지원청","경기도 동두천시","S090001778","한빛누리중학교","03","사립","N","","21","350","21","0","0","16","110","16","0","12000000"
"경기도교육청","경기도동두천양주교육지원청","경기도 동두천시","S090001779","신흥중학교","03","사립","N","","24","336","24","0","10000000","14","193","14","0","2250000"
"경기도교육청","경기도동두천양주교육지원청","경기도 양주시","S090001780","양주백석중학교","03","공립","N","","47","376","51","1","14700000","12","179","12","0","4700000"
"경기도교육청","경기도동두천양주교육지원청","경기도 양주시","S090001781","조양중학교","03","사립","N","","23","265","23","0","5600000","5","45","7","0","2450000"
"경기도교육청","경기도부천교육지원청","경기도 부천시 원미구","S090001873","계남중학교","03","공립","N","","37","577","39","2","7150000","22","175","22","0","1420000"
"경기도교육청","경기도부천교육지원청","경기도 부천시 오정구","S090001874","내동중학교","03","공립","N","","3","71","3","3","6700000","10","80","10","0","2500000"
"경기도교육청","경기도부천교육지원청","경기도 부천시 오정구","S090001878","덕산중학교","03","공립","N","","34","578","34","5","2500000","9","65","9","0","800000"
"경기도교육청","경기도부천교육지원청","경기도 부천시 원미구","S090001882","부명중학교","03","공립","N","","60","1196","60","1","7000000","19","181","19","0","2000000"
"경기도교육청","경기도부천교육지원청","경기도 부천시 원미구","S090001883","부인중학교","03","공립","N","","43","763","46","4","7848000","2","17","2","0","0"
"경기도교육청","경기도부천교육지원청","경기도 부천시 소사구","S090001884","부일중학교","03","공립","N","","29","477","29","4","10025000","8","83","8","0","330000"
"경기도교육청","경기도부천교육지원청","경기도 부천시 소사구","S090001885","부천남중학교","03","공립","N","","43","913","46","4","5600000","5","55","5","0","0"
"경기도교육청","경기도부천교육지원청","경기도 부천시 소사구","S090001886","부천동여자중학교","03","공립","N","","25","504","27","3","3000000","0","0","0","0","0"
"경기도교육청","경기도부천교육지원청","경기도 부천시 소사구","S090001887","부천동중학교","03","공립","N","","18","271","18","0","1550000","0","0","0","0","0"
"경기도교육청","경기도부천교육지원청","경기도 부천시 원미구","S090001888","부천부곡중학교","03","공립","N","","26","407","26","1","1200000","0","0","0","0","0"
"경기도교육청","경기도부천교육지원청","경기도 부천시 원미구","S090001889","부천부흥중학교","03","공립","N","","34","654","34","0","0","14","139","14","1","1850000"
"경기도교육청","경기도부천교육지원청","경기도 부천시 오정구","S090001892","부천여월중학교","03","공립","N","","33","447","33","8","11700000","1","16","1","0","0"
"경기도교육청","경기도부천교육지원청","경기도 부천시 소사구","S090001893","부천여자중학교","03","공립","N","","32","486","32","2","8360000","0","0","0","0","0"
"경기도교육청","경기도부천교육지원청","경기도 부천시 원미구","S090001894","부천중학교","03","공립","N","","86","1300","87","1","15700000","17","127","17","0","400000"
"경기도교육청","경기도부천교육지원청","경기도 부천시 원미구","S090001896","상도중학교","03","공립","N","","31","501","31","2","1730000","10","174","10","2","11260000"
"경기도교육청","경기도부천교육지원청","경기도 부천시 원미구","S090001897","상동중학교","03","공립","N","","20","269","21","0","3100000","12","126","7","7","0"
"경기도교육청","경기도부천교육지원청","경기도 부천시 원미구","S090001898","상일중학교","03","공립","N","","59","1195","59","8","6700000","22","210","22","0","0"
"경기도교육청","경기도부천교육지원청","경기도 부천시 원미구","S090001899","석천중학교","03","공립","N","","63","1086","63","6","10000000","21","242","21","0","4000000"
"경기도교육청","경기도부천교육지원청","경기도 부천시 오정구","S090001900","성곡중학교","03","공립","N","","22","487","22","1","4500000","8","85","8","0","0"
"경기도교육청","경기도부천교육지원청","경기도 부천시 소사구","S090001901","성주중학교","03","공립","N","","41","792","39","3","13720000","7","99","7","0","1200000"
"경기도교육청","경기도부천교육지원청","경기도 부천시 원미구","S090001902","소명여자중학교","03","사립","N","","25","317","26","1","4400000","0","0","0","0","0"
"경기도교육청","경기도부천교육지원청","경기도 부천시 소사구","S090001903","소사중학교","03","공립","N","","29","496","29","2","0","13","168","13","1","2000000"
"경기도교육청","경기도부천교육지원청","경기도 부천시 원미구","S090001905","심원중학교","03","공립","N","","46","1011","46","0","0","5","27","5","0","1000000"
"경기도교육청","경기도부천교육지원청","경기도 부천시 원미구","S090001906","역곡중학교","03","공립","N","","46","745","46","2","7400000","12","92","12","2","0"
"경기도교육청","경기도부천교육지원청","경기도 부천시 원미구","S090001911","중원중학교","03","공립","N","","20","280","20","0","4000000","9","61","9","0","500000"
"경기도교육청","경기도부천교육지원청","경기도 부천시 원미구","S090001912","중흥중학교","03","공립","N","","34","567","34","0","2700000","4","66","4","0","0"
"경기도교육청","경기도성남교육지원청","경기도 성남시 중원구","S090002174","금광중학교","03","공립","N","","33","601","33","0","3000000","0","0","0","0","0"
"경기도교육청","경기도성남교육지원청","경기도 성남시 분당구","S090002176","내정중학교","03","공립","N","","71","1726","72","16","19360000","7","59","7","7","600000"
"경기도교육청","경기도성남교육지원청","경기도 성남시 중원구","S090002177","대원중학교","03","공립","N","","27","324","27","0","1700000","8","61","8","0","3700000"
"경기도교육청","경기도성남교육지원청","경기도 성남시 분당구","S090002178","매송중학교","03","공립","N","","35","755","35","10","11800000","17","151","17","0","3600000"
"경기도교육청","경기도성남교육지원청","경기도 성남시 분당구","S090002180","백현중학교","03","공립","N","","61","1322","61","0","6450000","3","12","3","0","1000000"
"경기도교육청","경기도성남교육지원청","경기도 성남시 분당구","S090002181","분당중학교","03","공립","N","","27","413","27","0","2000000","12","118","12","0","800000"
"경기도교육청","경기도성남교육지원청","경기도 성남시 분당구","S090002182","불곡중학교","03","공립","N","","39","703","39","2","960000","11","104","11","0","640000"
"경기도교육청","경기도성남교육지원청","경기도 성남시 수정구","S090002183","상원여자중학교","03","공립","N","","23","428","23","1","8580000","8","84","8","0","2400000"
"경기도교육청","경기도성남교육지원청","경기도 성남시 분당구","S090002184","서현중학교","03","공립","N","","90","1163","91","1","1000000","41","301","41","0","10000000"
"경기도교육청","경기도성남교육지원청","경기도 성남시 중원구","S090002185","성남동중학교","03","공립","N","","23","380","24","0","3800000","12","125","12","0","970000"
"경기도교육청","경기도성남교육지원청","경기도 성남시 수정구","S090002186","성남문원중학교","03","공립","N","","18","186","18","0","1000000","10","85","10","0","700000"
"경기도교육청","경기도성남교육지원청","경기도 성남시 수정구","S090002187","성남서중학교","03","공립","N","","46","840","46","1","8050000","7","70","7","0","3000000"
"경기도교육청","경기도성남교육지원청","경기도 성남시 수정구","S090002188","성남여자중학교","03","공립","N","","31","427","31","0","3800000","15","175","15","2","2200000"
"경기도교육청","경기도성남교육지원청","경기도 성남시 중원구","S090002189","성남중학교","03","공립","N","","8","182","8","3","1050000","9","92","10","0","1980000"
"경기도교육청","경기도성남교육지원청","경기도 성남시 중원구","S090002190","동광중학교","03","사립","N","","20","210","21","0","11750000","9","129","8","1","5897000"
"경기도교육청","경기도성남교육지원청","경기도 성남시 중원구","S090002191","성일중학교","03","사립","N","","58","1394","59","6","0","1","22","5","0","3500000"
"경기도교육청","경기도성남교육지원청","경기도 성남시 분당구","S090002192","송림중학교","03","사립","N","","25","407","27","1","960000","14","139","14","0","4400000"
"경기도교육청","경기도성남교육지원청","경기도 성남시 분당구","S090002193","수내중학교","03","공립","N","","50","1079","50","0","0","11","102","11","0","3000000"
"경기도교육청","경기도성남교육지원청","경기도 성남시 중원구","S090002194","숭신중학교","03","사립","N","","18","199","18","1","0","12","184","12","0","5310000"
"경기도교육청","경기도성남교육지원청","경기도 성남시 분당구","S090002195","야탑중학교","03","공립","N","","47","859","48","3","0","19","225","19","0","4000000"
"경기도교육청","경기도성남교육지원청","경기도 성남시 분당구","S090002196","양영중학교","03","공립","N","","18","442","18","13","900000","23","178","23","0","2500000"
"경기도교육청","경기도성남교육지원청","경기도 성남시 중원구","S090002198","영성중학교","03","공립","N","","21","257","21","0","1000000","8","100","8","0","500000"
"경기도교육청","경기도성남교육지원청","경기도 성남시 중원구","S090002199","은행중학교","03","공립","N","","10","229","8","2","2688000","23","250","23","1","8250000"
"경기도교육청","경기도성남교육지원청","경기도 성남시 분당구","S090002200","이매중학교","03","공립","N","","57","1623","54","3","31680000","28","329","28","0","2800000"
"경기도교육청","경기도성남교육지원청","경기도 성남시 분당구","S090002201","장안중학교","03","공립","N","","23","383","23","0","0","10","134","10","0","2820000"
"경기도교육청","경기도성남교육지원청","경기도 성남시 분당구","S090002202","정자중학교","03","공립","N","","21","360","21","0","830000","9","58","9","9","3600000"
"경기도교육청","경기도성남교육지원청","경기도 성남시 분당구","S090002205","청솔중학교","03","공립","N","","10","59","10","0","5000000","3","22","3","0","1500000"
"경기도교육청","경기도성남교육지원청","경기도 성남시 수정구","S090002206","태평중학교","03","공립","N","","38","473","38","0","4200000","14","216","14","14","5200000"
"경기도교육청","경기도성남교육지원청","경기도 성남시 수정구","S090002207","풍생중학교","03","사립","N","","26","438","26","0","4752000","3","54","3","0","0"
"경기도교육청","경기도성남교육지원청","경기도 성남시 분당구","S090002208","하탑중학교","03","공립","N","","58","586","58","9","28120000","8","83","11","0","3500000"
"경기도교육청","경기도수원교육지원청","경기도 수원시 권선구","S090002406","고색중학교","03","공립","N","","18","259","18","0","2000000","10","111","10","0","2000000"
"경기도교육청","경기도수원교육지원청","경기도 수원시 권선구","S090002407","곡선중학교","03","공립","N","","13","251","13","0","4000000","9","146","9","0","1300000"
"경기도교육청","경기도수원교육지원청","경기도 수원시 권선구","S090002408","구운중학교","03","공립","N","","46","798","46","2","4500000","9","100","9","0","1500000"
"경기도교육청","경기도수원교육지원청","경기도 수원시 권선구","S090002409","권선중학교","03","공립","N","","17","231","17","0","0","12","71","12","0","2000000"
"경기도교육청","경기도수원교육지원청","경기도 수원시 권선구","S090002410","남수원중학교","03","공립","N","","33","611","33","3","0","21","288","21","0","4200000"
"경기도교육청","경기도수원교육지원청","경기도 수원시 장안구","S090002411","대평중학교","03","공립","N","","52","1698","52","0","25000000","35","293","35","0","800000"
"경기도교육청","경기도수원교육지원청","경기도 수원시 팔달구","S090002412","동성중학교","03","공립","N","","34","573","34","2","4120000","17","160","17","0","900000"
"경기도교육청","경기도수원교육지원청","경기도 수원시 영통구","S090002413","동수원중학교","03","공립","N","","18","404","17","4","7780000","16","228","16","1","1050000"
"경기도교육청","경기도수원교육지원청","경기도 수원시 영통구","S090002414","매원중학교","03","공립","N","","30","712","30","0","3835000","16","160","16","0","500000"
"경기도교육청","경기도수원교육지원청","경기도 수원시 팔달구","S090002415","매향중학교","03","사립","N","","51","782","51","3","9780000","8","95","8","0","900000"
"경기도교육청","경기도수원교육지원청","경기도 수원시 영통구","S090002416","매현중학교","03","공립","N","","28","455","28","0","0","12","96","12","0","900000"
"경기도교육청","경기도수원교육지원청","경기도 수원시 장안구","S090002417","명인중학교","03","공립","N","","36","959","37","1","7772000","10","91","10","0","1000000"
"경기도교육청","경기도수원교육지원청","경기도 수원시 장안구","S090002418","송원중학교","03","공립","N","","20","442","20","3","6880000","14","179","14","4","17100000"
"경기도교육청","경기도수원교육지원청","경기도 수원시 영통구","S090002419","산남중학교","03","공립","N","","33","552","34","0","3000000","26","230","26","0","5000000"
"경기도교육청","경기도수원교육지원청","경기도 수원시 팔달구","S090002420","삼일중학교","03","사립","N","","19","443","19","1","4000000","21","190","21","0","2100000"
"경기도교육청","경기도수원교육지원청","경기도 수원시 장안구","S090002421","창용중학교","03","공립","N","","10","112","10","5","6120000","4","48","4","0","500000"
"경기도교육청","경기도수원교육지원청","경기도 수원시 장안구","S090002422","수성중학교","03","공립","N","","24","446","24","0","0","8","78","8","0","1500000"
"경기도교육청","경기도수원교육지원청","경기도 수원시 장안구","S090002423","수원북중학교","03","공립","N","","15","238","15","0","900000","9","117","9","0","5100000"
"경기도교육청","경기도수원교육지원청","경기도 수원시 팔달구","S090002424","수원제일중학교","03","공립","N","","5","122","5","2","1450000","9","91","9","0","0"
"경기도교육청","경기도수원교육지원청","경기도 수원시 팔달구","S090002425","수원중학교","03","사립","N","","41","1067","55","17","0","13","164","13","0","0"
"경기도교육청","경기도수원교육지원청","경기도 수원시 장안구","S090002426","수일여자중학교","03","공립","N","","20","275","20","1","3000000","15","123","15","0","750000"
"경기도교육청","경기도수원교육지원청","경기도 수원시 장안구","S090002427","수일중학교","03","공립","N","","15","276","15","3","1080000","7","59","7","0","1180000"
"경기도교육청","경기도수원교육지원청","경기도 수원시 팔달구","S090002428","숙지중학교","03","공립","N","","25","414","25","0","1680000","10","86","10","0","1000000"
"경기도교육청","경기도수원교육지원청","경기도 수원시 영통구","S090002429","연무중학교","03","공립","N","","82","1669","82","0","0","66","626","66","3","2000000"
"경기도교육청","경기도수원교육지원청","경기도 수원시 영통구","S090002430","영덕중학교","03","공립","N","","0","0","0","0","0","46","588","46","0","0"
"경기도교육청","경기도수원교육지원청","경기도 수원시 팔달구","S090002431","영복여자중학교","03","사립","N","","32","506","32","0","2800000","1","5","1","0","0"
"경기도교육청","경기도수원교육지원청","경기도 수원시 권선구","S090002432","영신중학교","03","사립","N","","38","661","38","1","4220000","8","80","8","0","800000"
"경기도교육청","경기도수원교육지원청","경기도 수원시 영통구","S090002433","영일중학교","03","공립","N","","17","455","17","4","27000000","12","104","12","0","2480000"
"경기도교육청","경기도수원교육지원청","경기도 수원시 영통구","S090002434","영통중학교","03","공립","N","","6","144","6","6","6860000","14","127","14","0","0"
"경기도교육청","경기도수원교육지원청","경기도 수원시 영통구","S090002435","원천중학교","03","공립","N","","8","124","8","6","13200000","12","106","12","0","1000000"
"경기도교육청","경기도수원교육지원청","경기도 수원시 장안구","S090002436","율전중학교","03","공립","N","","45","872","50","0","6000000","9","86","9","0","900000"
"경기도교육청","경기도수원교육지원청","경기도 수원시 팔달구","S090002437","율현중학교","03","공립","N","","24","563","24","0","1250000","8","55","8","0","0"
"경기도교육청","경기도수원교육지원청","경기도 수원시 장안구","S090002438","이목중학교","03","공립","N","","82","1754","81","1","8800000","33","361","33","0","2500000"
"경기도교육청","경기도수원교육지원청","경기도 수원시 장안구","S090002439","천천중학교","03","공립","N","","47","1033","47","0","6500000","24","304","24","0","2000000"
"경기도교육청","경기도수원교육지원청","경기도 수원시 영통구","S090002440","청명중학교","03","공립","N","","19","446","19","3","8540000","28","216","28","0","1000000"
"경기도교육청","경기도수원교육지원청","경기도 수원시 영통구","S090002441","태장중학교","03","공립","N","","32","834","32","0","2000000","19","130","19","0","4000000"
"경기도교육청","경기도수원교육지원청","경기도 수원시 권선구","S090002442","호매실중학교","03","공립","N","","37","763","37","0","0","17","205","17","0","4600000"
"경기도교육청","경기도수원교육지원청","경기도 수원시 권선구","S090002443","화홍중학교","03","공립","N","","49","592","49","6","26860000","22","243","22","0","2500000"
"경기도교육청","경기도안산교육지원청","경기도 안산시 상록구","S090002683","경수중학교","03","공립","N","","31","632","31","4","8140000","6","66","6","2","8000000"
"경기도교육청","경기도안산교육지원청","경기도 안산시 단원구","S090002684","관산중학교","03","공립","N","","26","278","26","0","2600000","10","82","10","0","1800000"
"경기도교육청","경기도시흥교육지원청","경기도 시흥시","S090002685","군자중학교","03","공립","N","","30","799","30","1","5690000","16","168","17","0","1700000"
"경기도교육청","경기도안산교육지원청","경기도 안산시 단원구","S090002686","대부중학교","03","공립","N","","5","110","10","5","23580000","6","70","6","0","2000000"
"경기도교육청","경기도시흥교육지원청","경기도 시흥시","S090002687","대흥중학교","03","공립","N","","30","364","30","15","27960000","0","0","0","0","0"
"경기도교육청","경기도안산교육지원청","경기도 안산시 상록구","S090002688","반월중학교","03","공립","N","","24","345","24","0","1950000","15","166","15","0","1050000"
"경기도교육청","경기도안산교육지원청","경기도 안산시 단원구","S090002689","별망중학교","03","공립","N","","21","494","20","1","1800000","6","48","6","0","0"
"경기도교육청","경기도안산교육지원청","경기도 안산시 상록구","S090002690","본오중학교","03","공립","N","","30","828","30","0","0","17","310","21","1","400000"
"경기도교육청","경기도안산교육지원청","경기도 안산시 상록구","S090002691","상록중학교","03","공립","N","","40","877","40","6","14392000","11","130","11","0","2000000"
"경기도교육청","경기도시흥교육지원청","경기도 시흥시","S090002692","서해중학교","03","공립","N","","45","759","45","0","5100000","24","292","24","1","0"
"경기도교육청","경기도안산교육지원청","경기도 안산시 단원구","S090002693","선부중학교","03","공립","N","","29","569","29","1","8700000","6","44","6","0","1500000"
"경기도교육청","경기도안산교육지원청","경기도 안산시 상록구","S090002694","성안중학교","03","공립","N","","49","582","49","0","11400000","13","136","13","0","1500000"
"경기도교육청","경기도시흥교육지원청","경기도 시흥시","S090002695","한국글로벌중학교","03","사립","N","","21","269","21","0","9230000","1","6","1","0","0"
"경기도교육청","경기도안산교육지원청","경기도 안산시 상록구","S090002696","성포중학교","03","공립","N","","17","327","17","5","0","13","124","13","0","0"
"경기도교육청","경기도시흥교육지원청","경기도 시흥시","S090002697","소래중학교","03","공립","N","","10","299","10","0","6000000","12","126","12","0","6000000"
"경기도교육청","경기도시흥교육지원청","경기도 시흥시","S090002698","송운중학교","03","공립","N","","19","491","19","4","3700000","20","256","20","0","4000000"
"경기도교육청","경기도안산교육지원청","경기도 안산시 단원구","S090002699","송호중학교","03","공립","N","","24","533","24","2","2300000","13","136","13","0","1000000"
"경기도교육청","경기도안산교육지원청","경기도 안산시 상록구","S090002700","시곡중학교","03","공립","N","","45","910","45","1","6360000","17","225","17","0","1640000"
"경기도교육청","경기도시흥교육지원청","경기도 시흥시","S090002701","시흥은행중학교","03","공립","N","","53","1063","53","8","2000000","10","66","10","0","1320000"
"경기도교육청","경기도시흥교육지원청","경기도 시흥시","S090002702","시흥중학교","03","공립","N","","35","818","44","0","7500000","16","185","16","0","9000000"
"경기도교육청","경기도시흥교육지원청","경기도 시흥시","S090002703","신천중학교","03","공립","N","","17","261","17","19","18200000","9","105","9","1","1600000"
"경기도교육청","경기도안산교육지원청","경기도 안산시 상록구","S090002704","안산부곡중학교","03","공립","N","","28","451","28","3","6915000","15","188","15","2","8297000"
"경기도교육청","경기도안산교육지원청","경기도 안산시 상록구","S090002705","안산중학교","03","사립","N","","15","194","15","4","19190000","0","0","0","0","0"
"경기도교육청","경기도안산교육지원청","경기도 안산시 단원구","S090002706","양지중학교","03","공립","N","","50","1290","50","4","6840000","25","238","25","0","1500000"
"경기도교육청","경기도시흥교육지원청","경기도 시흥시","S090002707","연성중학교","03","공립","N","","7","199","7","0","0","15","218","15","0","8050000"
"경기도교육청","경기도안산교육지원청","경기도 안산시 단원구","S090002708","와동중학교","03","공립","N","","12","340","12","2","3000000","15","145","15","0","1600000"
"경기도교육청","경기도안산교육지원청","경기도 안산시 단원구","S090002709","원곡중학교","03","공립","N","","33","1025","33","7","14700000","11","162","12","0","1500000"
"경기도교육청","경기도안산교육지원청","경기도 안산시 단원구","S090002710","원일중학교","03","공립","N","","36","782","37","1","6000000","24","375","24","1","2000000"
"경기도교육청","경기도시흥교육지원청","경기도 시흥시","S090002711","장곡중학교","03","공립","N","","7","181","7","0","0","16","229","16","0","2000000"
"경기도교육청","경기도시흥교육지원청","경기도 시흥시","S090002712","정왕중학교","03","공립","N","","9","398","14","0","0","17","180","17","0","1000000"
"경기도교육청","경기도안산교육지원청","경기도 안산시 단원구","S090002713","중앙중학교","03","공립","N","","0","0","0","0","0","18","206","18","0","2500000"
"경기도교육청","경기도시흥교육지원청","경기도 시흥시","S090002714","함현중학교","03","공립","N","","28","824","28","2","2520000","15","167","15","3","1000000"
"경기도교육청","경기도안성교육지원청","경기도 안성시","S090002917","공도중학교","03","공립","N","","41","1329","47","8","20400000","14","118","14","0","2720000"
"경기도교육청","경기도안성교육지원청","경기도 안성시","S090002918","명륜여자중학교","03","사립","N","","22","590","22","2","2000000","8","148","8","0","3000000"
"경기도교육청","경기도안성교육지원청","경기도 안성시","S090002919","서운중학교","03","공립","N","","9","100","9","0","0","2","17","2","0","2060000"
"경기도교육청","경기도안성교육지원청","경기도 안성시","S090002920","안성여자중학교","03","공립","N","","19","667","19","7","25780000","16","200","16","0","6300000"
"경기도교육청","경기도안성교육지원청","경기도 안성시","S090002921","안성중학교","03","공립","N","","37","512","35","2","2000000","2","25","2","0","800000"
"경기도교육청","경기도안성교육지원청","경기도 안성시","S090002922","안청중학교","03","사립","N","","30","594","30","1","6745000","3","39","3","0","1200000"
"경기도교육청","경기도안성교육지원청","경기도 안성시","S090002923","양성중학교","03","공립","N","","8","41","8","2","5440000","6","36","6","0","1800000"
"경기도교육청","경기도안성교육지원청","경기도 안성시","S090002924","일죽중학교","03","공립","N","","8","59","8","0","5740000","1","4","1","0","400000"
"경기도교육청","경기도안성교육지원청","경기도 안성시","S090002925","죽산중학교","03","공립","N","","12","122","12","0","3100000","3","43","3","0","1700000"
"경기도교육청","경기도안양과천교육지원청","경기도 과천시","S090003014","과천문원중학교","03","공립","N","","25","773","25","7","27920000","27","295","27","0","4000000"
"경기도교육청","경기도안양과천교육지원청","경기도 과천시","S090003016","과천중학교","03","공립","N","","67","1559","76","13","17175000","10","133","10","0","2000000"
"경기도교육청","경기도안양과천교육지원청","경기도 안양시 동안구","S090003017","인덕원중학교","03","공립","N","","18","245","18","0","3786000","12","120","12","0","2200000"
"경기도교육청","경기도안양과천교육지원청","경기도 안양시 동안구","S090003018","관양중학교","03","공립","N","","33","672","33","14","15450000","10","136","10","0","1000000"
"경기도교육청","경기도안양과천교육지원청","경기도 안양시 동안구","S090003019","귀인중학교","03","공립","N","","38","1158","40","1","0","31","343","31","0","0"
"경기도교육청","경기도안양과천교육지원청","경기도 안양시 만안구","S090003020","근명중학교","03","사립","N","","48","1088","51","2","17510000","0","0","0","0","0"
"경기도교육청","경기도안양과천교육지원청","경기도 안양시 동안구","S090003021","대안여자중학교","03","공립","N","","31","571","31","2","5000000","2","15","2","0","1000000"
"경기도교육청","경기도안양과천교육지원청","경기도 안양시 동안구","S090003022","대안중학교","03","공립","N","","35","708","35","12","8780000","11","150","11","0","0"
"경기도교육청","경기도안양과천교육지원청","경기도 안양시 동안구","S090003024","범계중학교","03","공립","N","","10","245","18","8","0","30","301","30","0","1000000"
"경기도교육청","경기도안양과천교육지원청","경기도 안양시 동안구","S090003025","부림중학교","03","공립","N","","44","719","44","1","1500000","3","21","3","0","500000"
"경기도교육청","경기도안양과천교육지원청","경기도 안양시 동안구","S090003026","부안중학교","03","공립","N","","33","600","33","0","1000000","4","52","4","0","0"
"경기도교육청","경기도안양과천교육지원청","경기도 안양시 만안구","S090003029","성문중학교","03","사립","N","","12","156","12","0","1000000","4","60","4","0","4500000"
"경기도교육청","경기도안양과천교육지원청","경기도 안양시 동안구","S090003030","신기중학교","03","공립","N","","32","582","32","20","10200000","10","113","10","0","0"
"경기도교육청","경기도안양과천교육지원청","경기도 안양시 만안구","S090003031","신성중학교","03","사립","N","","95","1156","95","0","8500000","1","36","1","0","0"
"경기도교육청","경기도안양과천교육지원청","경기도 안양시 만안구","S090003032","신안중학교","03","공립","N","","18","249","18","0","0","7","105","7","0","5000000"
"경기도교육청","경기도안양과천교육지원청","경기도 안양시 동안구","S090003033","안양부흥중학교","03","공립","N","","42","743","42","7","0","12","150","12","0","600000"
"경기도교육청","경기도안양과천교육지원청","경기도 안양시 만안구","S090003035","안양서중학교","03","공립","N","","19","337","26","7","15300000","17","208","17","1","0"
"경기도교육청","경기도안양과천교육지원청","경기도 안양시 만안구","S090003036","안양여자중학교","03","사립","N","","27","419","27","0","8360000","1","19","1","0","0"
"경기도교육청","경기도안양과천교육지원청","경기도 안양시 만안구","S090003037","안양중학교","03","공립","N","","35","286","35","2","2250000","10","106","10","0","800000"
"경기도교육청","경기도안양과천교육지원청","경기도 안양시 만안구","S090003038","연현중학교","03","공립","N","","54","1077","54","13","12460000","5","89","5","0","0"
"경기도교육청","경기도안양과천교육지원청","경기도 안양시 동안구","S090003039","평촌중학교","03","공립","N","","67","1271","67","23","0","0","0","0","0","0"
"경기도교육청","경기도안양과천교육지원청","경기도 안양시 동안구","S090003041","호계중학교","03","공립","N","","35","546","35","0","0","6","51","6","0","1000000"
"경기도교육청","경기도양평교육지원청","경기도 양평군","S090003199","강하중학교","03","공립","N","","12","38","13","0","1260000","2","12","2","0","480000"
"경기도교육청","경기도양평교육지원청","경기도 양평군","S090003200","개군중학교","03","사립","N","","12","127","12","12","19800000","10","116","10","0","0"
"경기도교육청","경기도양평교육지원청","경기도 양평군","S090003201","국수중학교","03","공립","N","","14","172","15","4","29760000","0","0","0","0","0"
"경기도교육청","경기도양평교육지원청","경기도 양평군","S090003202","양수중학교","03","공립","N","","14","156","14","0","2650000","3","36","3","0","1000000"
"경기도교육청","경기도양평교육지원청","경기도 양평군","S090003203","단월중학교","03","사립","N","","33","210","33","6","14050000","5","50","5","0","2000000"
"경기도교육청","경기도양평교육지원청","경기도 양평군","S090003204","서종중학교","03","사립","N","","19","258","19","0","950000","10","108","10","0","0"
"경기도교육청","경기도양평교육지원청","경기도 양평군","S090003205","양동중학교","03","사립","N","","10","39","10","0","700000","0","0","0","0","0"
"경기도교육청","경기도양평교육지원청","경기도 양평군","S090003206","양일중학교","03","사립","N","","0","0","0","0","0","4","31","4","0","0"
"경기도교육청","경기도양평교육지원청","경기도 양평군","S090003208","양평중학교","03","공립","N","","43","786","43","15","6950000","18","195","18","0","5265000"
"경기도교육청","경기도양평교육지원청","경기도 양평군","S090003210","용문중학교","03","사립","N","","26","405","30","0","900000","1","42","2","0","0"
"경기도교육청","경기도양평교육지원청","경기도 양평군","S090003211","지평중학교","03","공립","N","","13","106","13","6","20800000","6","50","6","0","1500000"
"경기도교육청","경기도양평교육지원청","경기도 양평군","S090003212","청운중학교","03","공립","N","","11","20","11","0","1500000","0","0","0","0","0"
"경기도교육청","경기도여주교육지원청","경기도 여주시","S090003314","강천중학교","03","공립","N","","0","0","0","0","0","12","49","12","0","1500000"
"경기도교육청","경기도여주교육지원청","경기도 여주시","S090003315","대신중학교","03","사립","N","","11","54","11","0","2490000","0","0","0","0","0"
"경기도교육청","경기도여주교육지원청","경기도 여주시","S090003316","상품중학교","03","공립","N","","12","49","12","0","2400000","8","90","8","0","1600000"
"경기도교육청","경기도여주교육지원청","경기도 여주시","S090003317","세정중학교","03","사립","N","","9","53","10","0","11240000","0","0","0","0","0"
"경기도교육청","경기도여주교육지원청","경기도 여주시","S090003318","여강중학교","03","사립","N","","17","191","18","0","2002000","8","107","8","0","22000000"
"경기도교육청","경기도여주교육지원청","경기도 여주시","S090003319","여주제일중학교","03","사립","N","","9","203","9","0","0","5","64","5","0","5000000"
"경기도교육청","경기도여주교육지원청","경기도 여주시","S090003320","여흥중학교","03","공립","N","","28","515","28","0","28200000","20","219","20","1","25960000"
"경기도교육청","경기도여주교육지원청","경기도 여주시","S090003321","여주중학교","03","공립","N","","37","440","37","0","10860000","17","207","17","0","1900000"
"경기도교육청","경기도여주교육지원청","경기도 여주시","S090003322","이포중학교","03","공립","N","","8","78","8","0","0","3","29","3","0","500000"
"경기도교육청","경기도여주교육지원청","경기도 여주시","S090003323","점동중학교","03","공립","N","","11","97","11","1","9788000","7","71","8","0","2940000"
"경기도교육청","경기도여주교육지원청","경기도 여주시","S090003324","창명여자중학교","03","사립","N","","10","49","10","0","500000","0","0","0","0","0"
"경기도교육청","경기도여주교육지원청","경기도 여주시","S090003325","흥천중학교","03","공립","N","","1","9","1","0","0","7","65","7","0","0"
"경기도교육청","경기도연천교육지원청","경기도 연천군","S090003406","군남중학교","03","공립","N","","10","36","10","0","1000000","0","0","0","0","0"
"경기도교육청","경기도연천교육지원청","경기도 연천군","S090003407","대광중학교","03","공립","N","","4","23","10","0","950000","0","0","0","0","0"
"경기도교육청","경기도연천교육지원청","경기도 연천군","S090003408","백학중학교","03","공립","N","","10","48","10","0","800000","1","8","1","0","0"
"경기도교육청","경기도연천교육지원청","경기도 연천군","S090003409","연천중학교","03","공립","N","","25","136","25","4","0","0","0","0","0","0"
"경기도교육청","경기도연천교육지원청","경기도 연천군","S090003410","전곡중학교","03","공립","N","","34","561","37","0","8500000","0","0","0","0","0"
"경기도교육청","경기도연천교육지원청","경기도 연천군","S090003411","청산중학교","03","공립","N","","17","76","19","0","2550000","0","0","0","0","0"
"경기도교육청","경기도용인교육지원청","경기도 용인시 기흥구","S090003467","구갈중학교","03","공립","N","","38","682","38","0","3800000","25","231","25","0","1000000"
"경기도교육청","경기도용인교육지원청","경기도 용인시 기흥구","S090003468","구성중학교","03","공립","N","","32","602","32","2","1200000","15","194","15","0","0"
"경기도교육청","경기도용인교육지원청","경기도 용인시 기흥구","S090003470","나곡중학교","03","공립","N","","22","624","22","1","2200000","14","192","14","0","2000000"
"경기도교육청","경기도용인교육지원청","경기도 용인시 처인구","S090003471","남사중학교","03","사립","N","","10","69","10","0","360000","0","0","0","0","0"
"경기도교육청","경기도용인교육지원청","경기도 용인시 수지구","S090003472","대지중학교","03","공립","N","","28","479","28","0","800000","27","191","27","0","2000000"
"경기도교육청","경기도용인교육지원청","경기도 용인시 처인구","S090003473","모현중학교","03","공립","N","","33","847","29","12","15740000","7","50","7","0","1000000"
"경기도교육청","경기도용인교육지원청","경기도 용인시 수지구","S090003474","문정중학교","03","사립","N","","23","509","23","0","0","15","116","15","0","0"
"경기도교육청","경기도용인교육지원청","경기도 용인시 처인구","S090003475","백암중학교","03","공립","N","","13","170","13","0","1000000","0","0","0","0","0"
"경기도교육청","경기도용인교육지원청","경기도 용인시 기흥구","S090003476","상갈중학교","03","공립","N","","22","420","22","8","26880000","14","117","14","1","1680000"
"경기도교육청","경기도용인교육지원청","경기도 용인시 수지구","S090003477","상현중학교","03","공립","N","","47","783","47","0","2225000","36","306","36","0","2000000"
"경기도교육청","경기도용인교육지원청","경기도 용인시 수지구","S090003478","서원중학교","03","공립","N","","42","959","42","7","5000000","34","481","34","0","4240000"
"경기도교육청","경기도용인교육지원청","경기도 용인시 수지구","S090003479","성복중학교","03","공립","N","","36","892","36","0","0","40","403","40","0","5400000"
"경기도교육청","경기도용인교육지원청","경기도 용인시 기흥구","S090003480","소현중학교","03","공립","N","","32","864","47","1","10150000","58","309","58","0","1700000"
"경기도교육청","경기도용인교육지원청","경기도 용인시 처인구","S090003481","송전중학교","03","공립","N","","14","145","14","0","0","8","66","8","0","2300000"
"경기도교육청","경기도용인교육지원청","경기도 용인시 수지구","S090003482","수지중학교","03","공립","N","","74","1731","74","2","1590000","38","307","38","0","3000000"
"경기도교육청","경기도용인교육지원청","경기도 용인시 기흥구","S090003483","신갈중학교","03","공립","N","","11","268","10","3","7500000","15","117","15","0","1000000"
"경기도교육청","경기도용인교육지원청","경기도 용인시 처인구","S090003484","영문중학교","03","공립","N","","69","1486","69","2","4000000","12","172","12","0","1353000"
"경기도교육청","경기도용인교육지원청","경기도 용인시 처인구","S090003485","용동중학교","03","사립","N","","26","479","26","0","1500000","12","124","12","0","0"
"경기도교육청","경기도용인교육지원청","경기도 용인시 처인구","S090003487","용인중학교","03","공립","N","","23","612","23","2","12000000","14","186","14","0","1110000"
"경기도교육청","경기도용인교육지원청","경기도 용인시 처인구","S090003488","원삼중학교","03","공립","N","","11","111","11","4","9880000","4","26","4","0","300000"
"경기도교육청","경기도용인교육지원청","경기도 용인시 수지구","S090003489","이현중학교","03","공립","N","","20","672","20","5","9114000","36","560","39","0","200000"
"경기도교육청","경기도용인교육지원청","경기도 용인시 수지구","S090003490","정평중학교","03","공립","N","","35","742","36","8","1500000","44","310","44","0","1900000"
"경기도교육청","경기도용인교육지원청","경기도 용인시 수지구","S090003491","죽전중학교","03","공립","N","","27","731","27","5","8040000","28","175","28","0","1000000"
"경기도교육청","경기도용인교육지원청","경기도 용인시 처인구","S090003492","태성중학교","03","사립","N","","17","158","17","0","0","0","0","0","0","0"
"경기도교육청","경기도용인교육지원청","경기도 용인시 처인구","S090003493","포곡중학교","03","공립","N","","32","804","32","11","11484000","9","114","9","0","0"
"경기도교육청","경기도용인교육지원청","경기도 용인시 수지구","S090003494","홍천중학교","03","공립","N","","0","0","0","0","0","37","399","37","0","6700000"
"경기도교육청","경기도의정부교육지원청","경기도 의정부시","S090003639","경민여자중학교","03","사립","N","","24","318","26","2","1940000","13","166","13","0","4850000"
"경기도교육청","경기도의정부교육지원청","경기도 의정부시","S090003640","경민중학교","03","사립","N","","25","355","27","4","3250000","4","73","5","3","0"
"경기도교육청","경기도의정부교육지원청","경기도 의정부시","S090003641","금오중학교","03","공립","N","","22","326","22","0","600000","4","44","4","0","2070000"
"경기도교육청","경기도의정부교육지원청","경기도 의정부시","S090003642","민락중학교","03","공립","N","","33","459","33","3","7884000","6","103","7","3","0"
"경기도교육청","경기도의정부교육지원청","경기도 의정부시","S090003643","발곡중학교","03","공립","N","","48","768","48","0","7500000","10","205","10","0","6300000"
"경기도교육청","경기도의정부교육지원청","경기도 의정부시","S090003645","부용중학교","03","공립","N","","40","668","42","1","7200000","7","111","7","1","5000000"
"경기도교육청","경기도의정부교육지원청","경기도 의정부시","S090003646","신곡중학교","03","공립","N","","72","1306","73","4","9250000","0","0","0","0","0"
"경기도교육청","경기도의정부교육지원청","경기도 의정부시","S090003648","다온중학교","03","공립","N","","30","512","31","7","4230000","1","9","1","0","150000"
"경기도교육청","경기도의정부교육지원청","경기도 의정부시","S090003649","의정부여자중학교","03","공립","N","","30","527","30","1","15750000","1","9","1","0","0"
"경기도교육청","경기도의정부교육지원청","경기도 의정부시","S090003650","의정부중학교","03","공립","N","","24","316","25","0","1879960","4","27","4","0","0"
"경기도교육청","경기도의정부교육지원청","경기도 의정부시","S090003651","천보중학교","03","공립","N","","52","812","52","0","4100000","4","52","4","0","1200000"
"경기도교육청","경기도의정부교육지원청","경기도 의정부시","S090003652","충의중학교","03","공립","N","","50","860","50","0","2100000","3","37","3","0","0"
"경기도교육청","경기도의정부교육지원청","경기도 의정부시","S090003653","호원중학교","03","공립","N","","71","1406","71","10","13250000","10","135","10","0","4000000"
"경기도교육청","경기도의정부교육지원청","경기도 의정부시","S090003654","회룡중학교","03","공립","N","","37","908","37","1","3000000","11","198","11","0","3500000"
"경기도교육청","경기도의정부교육지원청","경기도 의정부시","S090003655","효자중학교","03","공립","N","","53","996","54","10","27744000","5","45","5","0","0"
"경기도교육청","경기도이천교육지원청","경기도 이천시","S090003740","이천경남중학교","03","공립","N","","7","35","7","0","400000","0","0","0","0","0"
"경기도교육청","경기도이천교육지원청","경기도 이천시","S090003741","대월중학교","03","공립","N","","8","86","8","2","10200000","5","72","5","0","6500000"
"경기도교육청","경기도이천교육지원청","경기도 이천시","S090003742","마장중학교","03","공립","N","","21","509","21","12","9300000","15","123","15","0","2000000"
"경기도교육청","경기도이천교육지원청","경기도 이천시","S090003743","모가중학교","03","공립","N","","1","17","1","0","0","4","23","4","0","3320000"
"경기도교육청","경기도이천교육지원청","경기도 이천시","S090003745","백사중학교","03","공립","N","","12","141","12","0","900000","4","46","4","0","0"
"경기도교육청","경기도이천교육지원청","경기도 이천시","S090003746","부발중학교","03","공립","N","","4","84","4","2","0","26","241","26","0","0"
"경기도교육청","경기도이천교육지원청","경기도 이천시","S090003747","설봉중학교","03","공립","N","","52","825","52","3","3320000","18","164","18","0","13088000"
"경기도교육청","경기도이천교육지원청","경기도 이천시","S090003749","율면중학교","03","공립","N","","4","28","4","0","400000","3","18","3","0","300000"
"경기도교육청","경기도이천교육지원청","경기도 이천시","S090003750","이천송정중학교","03","공립","N","","0","0","0","0","0","13","147","13","0","2500000"
"경기도교육청","경기도이천교육지원청","경기도 이천시","S090003751","이천양정여자중학교","03","사립","N","","17","448","17","0","300000","6","100","6","0","0"
"경기도교육청","경기도이천교육지원청","경기도 이천시","S090003752","이천중학교","03","공립","N","","29","806","32","3","24396000","17","142","17","0","0"
"경기도교육청","경기도이천교육지원청","경기도 이천시","S090003754","장호원중학교","03","공립","N","","32","767","32","1","6150000","11","146","11","0","1000000"
"경기도교육청","경기도이천교육지원청","경기도 이천시","S090003756","효양중학교","03","공립","N","","48","1258","48","2","600000","5","61","5","0","0"
"경기도교육청","경기도파주교육지원청","경기도 파주시","S090003860","광탄중학교","03","사립","N","","17","196","17","3","4050000","3","40","3","1","3000000"
"경기도교육청","경기도파주교육지원청","경기도 파주시","S090003861","교하중학교","03","공립","N","","61","1254","61","9","31750000","10","63","10","0","500000"
"경기도교육청","경기도파주교육지원청","경기도 파주시","S090003862","문산동중학교","03","사립","N","","16","178","16","1","4100000","4","37","4","0","1500000"
"경기도교육청","경기도파주교육지원청","경기도 파주시","S090003863","문산북중학교","03","공립","N","","18","327","18","0","1650000","0","0","0","0","0"
"경기도교육청","경기도파주교육지원청","경기도 파주시","S090003864","문산수억중학교","03","사립","N","","28","487","28","0","1550000","1","16","1","0","0"
"경기도교육청","경기도파주교육지원청","경기도 파주시","S090003865","문산중학교","03","공립","N","","65","1516","65","2","12036500","14","228","14","0","1500000"
"경기도교육청","경기도파주교육지원청","경기도 파주시","S090003866","법원여자중학교","03","공립","N","","6","66","7","6","48000000","10","60","9","2","4250000"
"경기도교육청","경기도파주교육지원청","경기도 파주시","S090003867","봉일천중학교","03","공립","N","","47","722","47","3","2250000","12","110","12","0","0"
"경기도교육청","경기도파주교육지원청","경기도 파주시","S090003868","삼광중학교","03","사립","N","","9","138","9","0","0","2","20","2","0","4345000"
"경기도교육청","경기도파주교육지원청","경기도 파주시","S090003869","어유중학교","03","공립","N","","2","20","2","0","0","4","35","4","0","4000000"
"경기도교육청","경기도파주교육지원청","경기도 파주시","S090003870","율곡중학교","03","사립","N","","15","85","15","0","2380000","1","22","1","0","750000"
"경기도교육청","경기도파주교육지원청","경기도 파주시","S090003871","지산중학교","03","공립","N","","37","701","37","2","1000000","14","150","14","0","0"
"경기도교육청","경기도파주교육지원청","경기도 파주시","S090003872","정목중학교","03","사립","N","","10","194","10","0","3400000","3","28","3","0","0"
"경기도교육청","경기도파주교육지원청","경기도 파주시","S090003873","파주중학교","03","사립","N","","12","110","12","0","4000000","7","90","7","0","1250000"
"경기도교육청","경기도파주교육지원청","경기도 파주시","S090003874","파평중학교","03","공립","N","","13","83","13","0","1400000","1","23","1","1","10300000"
"경기도교육청","경기도파주교육지원청","경기도 파주시","S090003875","탄현중학교","03","공립","N","","17","243","17","0","3000000","10","73","10","0","3000000"
"경기도교육청","경기도평택교육지원청","경기도 평택시","S090003988","세교중학교","03","공립","N","","60","1808","54","6","18724400","6","65","6","0","6100000"
"경기도교육청","경기도평택교육지원청","경기도 평택시","S090003989","라온중학교","03","사립","N","","22","386","22","4","2300000","3","23","3","0","0"
"경기도교육청","경기도평택교육지원청","경기도 평택시","S090003990","송탄중학교","03","공립","N","","28","670","28","0","2555000","12","149","12","2","9200000"
"경기도교육청","경기도평택교육지원청","경기도 평택시","S090003992","신한중학교","03","사립","N","","77","1997","77","4","14010000","6","63","6","1","7000000"
"경기도교육청","경기도평택교육지원청","경기도 평택시","S090003993","안일중학교","03","공립","N","","44","753","44","0","6300000","9","183","9","0","0"
"경기도교육청","경기도평택교육지원청","경기도 평택시","S090003994","안중중학교","03","사립","N","","25","458","25","3","5000000","0","0","0","0","0"
"경기도교육청","경기도평택교육지원청","경기도 평택시","S090003995","오성중학교","03","사립","N","","14","125","14","0","1500000","0","0","0","0","0"
"경기도교육청","경기도평택교육지원청","경기도 평택시","S090003996","은혜중학교","03","사립","N","","30","446","30","1","2100000","3","35","3","0","2000000"
"경기도교육청","경기도평택교육지원청","경기도 평택시","S090003997","진위중학교","03","사립","N","","12","149","12","0","2500000","3","47","3","0","1700000"
"경기도교육청","경기도평택교육지원청","경기도 평택시","S090003998","청담중학교","03","사립","N","","21","350","21","0","2000000","5","67","5","0","5000000"
"경기도교육청","경기도평택교육지원청","경기도 평택시","S090003999","청북중학교","03","공립","N","","12","78","12","1","2261000","0","0","0","0","0"
"경기도교육청","경기도평택교육지원청","경기도 평택시","S090004000","태광중학교","03","사립","N","","6","167","6","0","0","0","0","0","0","0"
"경기도교육청","경기도평택교육지원청","경기도 평택시","S090004002","평택여자중학교","03","공립","N","","70","1586","70","2","8876000","2","22","2","0","2000000"
"경기도교육청","경기도평택교육지원청","경기도 평택시","S090004003","평택중학교","03","공립","N","","37","638","37","2","12141000","10","94","10","0","1500000"
"경기도교육청","경기도평택교육지원청","경기도 평택시","S090004004","포승중학교","03","공립","N","","14","164","14","0","4500000","3","31","3","0","800000"
"경기도교육청","경기도평택교육지원청","경기도 평택시","S090004005","한광여자중학교","03","사립","N","","82","2184","86","0","0","5","48","7","0","3000000"
"경기도교육청","경기도평택교육지원청","경기도 평택시","S090004006","한광중학교","03","사립","N","","40","859","40","0","5753038","8","169","8","0","5000000"
"경기도교육청","경기도평택교육지원청","경기도 평택시","S090004007","현화중학교","03","공립","N","","28","447","28","0","2000000","15","225","15","0","2500000"
"경기도교육청","경기도평택교육지원청","경기도 평택시","S090004008","효명중학교","03","사립","N","","41","348","41","0","5176000","9","195","9","0","0"
"경기도교육청","경기도포천교육지원청","경기도 포천시","S090004164","갈월중학교","03","공립","N","","27","454","27","1","4000000","16","138","17","0","2000000"
"경기도교육청","경기도포천교육지원청","경기도 포천시","S090004165","경북중학교","03","공립","N","","9","60","9","0","2000000","2","13","6","0","0"
"경기도교육청","경기도포천교육지원청","경기도 포천시","S090004166","관인중학교","03","공립","N","","5","23","7","0","0","1","13","1","0","2100000"
"경기도교육청","경기도포천교육지원청","경기도 포천시","S090004167","내촌중학교","03","공립","N","","13","62","14","3","12960000","4","31","4","0","2000000"
"경기도교육청","경기도포천교육지원청","경기도 포천시","S090004168","동남중학교","03","사립","N","","25","411","25","0","1619910","5","34","5","0","0"
"경기도교육청","경기도포천교육지원청","경기도 포천시","S090004169","삼성중학교","03","공립","N","","5","39","5","1","1020000","3","25","3","0","150000"
"경기도교육청","경기도포천교육지원청","경기도 포천시","S090004170","영북중학교","03","공립","N","","8","110","8","7","2400000","5","44","5","0","1200000"
"경기도교육청","경기도포천교육지원청","경기도 포천시","S090004171","영중중학교","03","공립","N","","14","106","14","0","4000000","0","0","0","0","0"
"경기도교육청","경기도포천교육지원청","경기도 포천시","S090004172","이동중학교","03","공립","N","","9","85","9","0","2700000","6","41","6","0","1200000"
"경기도교육청","경기도포천교육지원청","경기도 포천시","S090004173","일동중학교","03","공립","N","","14","186","14","0","1500000","7","44","7","0","1000000"
"경기도교육청","경기도포천교육지원청","경기도 포천시","S090004174","포천여자중학교","03","공립","N","","18","390","18","1","0","20","310","20","0","4000000"
"경기도교육청","경기도포천교육지원청","경기도 포천시","S090004175","포천중학교","03","공립","N","","28","449","28","1","2510000","4","63","5","0","1030000"
"경기도교육청","경기도화성오산교육지원청","","S090004259","남양중학교","03","공립","N","","13","237","13","0","2100000","17","234","18","0","6000000"
"경기도교육청","경기도화성오산교육지원청","","S090004260","동학중학교","03","공립","N","","23","619","23","14","2500000","27","303","27","0","2000000"
"경기도교육청","경기도화성오산교육지원청","경기도 화성시 동탄구","S090004261","동탄중학교","03","공립","N","","24","720","24","1","4420000","23","225","23","0","4400000"
"경기도교육청","경기도화성오산교육지원청","","S090004263","발안중학교","03","공립","N","","39","688","39","0","11000000","13","166","13","0","6000000"
"경기도교육청","경기도화성오산교육지원청","경기도 화성시 효행구","S090004265","봉담중학교","03","공립","N","","9","935","11","0","6000000","27","262","27","0","6000000"
"경기도교육청","경기도화성오산교육지원청","","S090004266","비봉중학교","03","사립","N","","23","158","23","0","1500000","0","0","0","0","0"
"경기도교육청","경기도화성오산교육지원청","경기도 화성시 만세구","S090004267","삼괴중학교","03","사립","N","","22","285","22","0","4000000","0","0","0","0","0"
"경기도교육청","경기도화성오산교육지원청","","S090004268","서신중학교","03","사립","N","","12","54","12","0","4014000","5","20","5","0","1000000"
"경기도교육청","경기도화성오산교육지원청","경기도 오산시","S090004269","성호중학교","03","공립","N","","24","411","24","1","5400000","18","197","16","5","7644000"
"경기도교육청","경기도화성오산교육지원청","","S090004270","송산중학교","03","사립","N","","20","273","20","0","0","5","63","5","0","5000000"
"경기도교육청","경기도화성오산교육지원청","","S090004271","안용중학교","03","사립","N","","25","484","28","1","12330000","26","313","26","0","11000000"
"경기도교육청","경기도화성오산교육지원청","경기도 화성시 만세구","S090004272","양감중학교","03","공립","N","","5","24","5","0","960000","4","29","4","0","1000000"
"경기도교육청","경기도화성오산교육지원청","경기도 오산시","S090004273","매홀중학교","03","공립","N","","64","720","64","5","2000000","21","142","21","1","5216000"
"경기도교육청","경기도화성오산교육지원청","경기도 오산시","S090004274","오산중학교","03","사립","N","","20","474","20","0","0","23","380","23","0","0"
"경기도교육청","경기도화성오산교육지원청","경기도 오산시","S090004275","운암중학교","03","공립","N","","45","1317","45","6","8920000","19","330","20","8","9996000"
"경기도교육청","경기도화성오산교육지원청","경기도 오산시","S090004276","운천중학교","03","공립","N","","33","750","33","6","27540000","9","97","9","0","2000000"
"경기도교육청","경기도화성오산교육지원청","경기도 화성시 만세구","S090004277","장안여자중학교","03","사립","N","","20","241","20","0","0","7","75","7","0","3000000"
"경기도교육청","경기도화성오산교육지원청","","S090004278","정남중학교","03","공립","N","","7","93","8","5","2100000","14","152","14","0","3000000"
"경기도교육청","경기도화성오산교육지원청","경기도 화성시 병점구","S090004279","진안중학교","03","공립","N","","8","235","8","0","2850000","19","149","19","0","5000000"
"경기도교육청","경기도화성오산교육지원청","","S090004280","화도중학교","03","사립","N","","11","135","10","1","2025000","0","0","0","0","0"
"경기도교육청","경기도화성오산교육지원청","경기도 화성시 만세구","S090004281","화성중학교","03","사립","N","","6","171","6","0","1200000","0","0","0","0","0"
"경기도교육청","경기도광명교육지원청","경기도 광명시","S090004699","광문중학교","03","공립","N","","31","654","31","10","8900000","12","148","12","0","3780000"
"경기도교육청","경기도수원교육지원청","경기도 수원시 권선구","S090004860","곡반중학교","03","공립","N","","26","438","26","0","2018000","10","143","10","0","0"
"경기도교육청","경기도수원교육지원청","경기도 수원시 영통구","S090004861","망포중학교","03","공립","N","","31","641","31","0","0","26","216","26","0","0"
"경기도교육청","경기도수원교육지원청","경기도 수원시 팔달구","S090004862","정천중학교","03","공립","N","","22","445","22","6","9590000","33","347","33","0","2660000"
"경기도교육청","경기도수원교육지원청","경기도 수원시 권선구","S090004863","칠보중학교","03","공립","N","","40","669","42","0","2600000","8","103","8","0","700000"
"경기도교육청","경기도성남교육지원청","경기도 성남시 분당구","S090004864","분당구미중학교","03","공립","N","","23","440","23","4","2555000","12","163","12","0","400000"
"경기도교육청","경기도안양과천교육지원청","경기도 안양시 동안구","S090004865","호성중학교","03","공립","N","","31","549","33","0","800000","12","150","12","0","3000000"
"경기도교육청","경기도부천교육지원청","경기도 부천시 소사구","S090004866","부천일신중학교","03","공립","N","","76","1555","77","2","4400000","10","188","10","0","0"
"경기도교육청","경기도안산교육지원청","경기도 안산시 단원구","S090004867","선일중학교","03","공립","N","","10","201","10","0","0","8","57","8","0","600000"
"경기도교육청","경기도구리남양주교육지원청","경기도 남양주시","S090004869","진접중학교","03","공립","N","","38","614","39","0","6300000","23","271","23","0","3550000"
"경기도교육청","경기도고양교육지원청","경기도 고양시 일산서구","S090004870","대송중학교","03","공립","N","","41","797","41","12","16520000","18","132","18","0","0"
"경기도교육청","경기도고양교육지원청","경기도 고양시 일산서구","S090004871","현산중학교","03","공립","N","","17","262","17","2","4850000","12","123","12","0","1500000"
"경기도교육청","경기도용인교육지원청","경기도 용인시 처인구","S090004894","헌산중학교","03","사립","N","","4","29","4","0","580000","9","69","9","0","1200000"
"경기도교육청","경기도동두천양주교육지원청","경기도 동두천시","S090004948","생연중학교","03","공립","N","","31","785","35","4","8317000","24","315","24","0","65249000"
"경기도교육청","경기도용인교육지원청","경기도 용인시 수지구","S090004970","현암중학교","03","공립","N","","24","504","24","2","8700000","24","193","24","0","1000000"
"경기도교육청","경기도용인교육지원청","경기도 용인시 기흥구","S090004971","용인신릉중학교","03","공립","N","","33","1196","41","7","1000000","7","75","7","0","1500000"
"경기도교육청","경기도용인교육지원청","경기도 용인시 기흥구","S090004972","용인신촌중학교","03","공립","N","","10","327","10","0","1200000","29","310","29","0","2000000"
"경기도교육청","경기도용인교육지원청","경기도 용인시 수지구","S090004973","용인대덕중학교","03","공립","N","","39","812","41","13","15360000","19","124","19","0","300000"
"경기도교육청","경기도용인교육지원청","경기도 용인시 수지구","S090004974","손곡중학교","03","공립","N","","38","892","38","0","2800000","27","268","27","0","4000000"
"경기도교육청","경기도용인교육지원청","경기도 용인시 기흥구","S090004975","성지중학교","03","공립","N","","55","1131","49","6","0","24","246","24","0","3840000"
"경기도교육청","경기도용인교육지원청","경기도 용인시 기흥구","S090004976","언동중학교","03","공립","N","","35","499","35","0","3000000","6","58","6","0","0"
"경기도교육청","경기도용인교육지원청","경기도 용인시 처인구","S090004977","용신중학교","03","공립","N","","44","1260","44","16","6900000","25","221","25","0","2000000"
"경기도교육청","경기도안산교육지원청","경기도 안산시 단원구","S090004979","초지중학교","03","공립","N","","25","597","25","4","6420000","21","180","21","0","2000000"
"경기도교육청","경기도파주교육지원청","경기도 파주시","S090004982","금릉중학교","03","공립","N","","28","490","28","0","800000","22","251","22","0","1000000"
"경기도교육청","경기도성남교육지원청","경기도 성남시 분당구","S090004984","이우중학교","03","사립","N","","13","183","15","1","500000","15","183","15","1","2500000"
"경기도교육청","경기도포천교육지원청","경기도 포천시","S090004999","대경중학교","03","공립","N","","20","480","20","1","5600000","14","163","14","0","1500000"
"경기도교육청","경기도군포의왕교육지원청","경기도 군포시","S090005002","당동중학교","03","공립","N","","90","1484","90","0","12430000","14","124","14","0","1000000"
"경기도교육청","경기도화성오산교육지원청","경기도 화성시 병점구","S090005020","안화중학교","03","공립","N","","0","0","0","0","0","14","228","14","0","2000000"
"경기도교육청","경기도화성오산교육지원청","경기도 오산시","S090005021","대호중학교","03","공립","N","","10","283","10","4","31426000","15","139","15","0","0"
"경기도교육청","경기도화성오산교육지원청","경기도 화성시 만세구","S090005022","두레자연중학교","03","사립","N","","12","60","12","0","0","1","15","1","0","0"
"경기도교육청","경기도구리남양주교육지원청","경기도 남양주시","S090005033","송라중학교","03","공립","N","","28","558","28","0","4200000","15","199","15","0","1500000"
"경기도교육청","경기도구리남양주교육지원청","경기도 남양주시","S090005034","장내중학교","03","공립","N","","25","504","25","0","2000000","37","347","37","0","2000000"
"경기도교육청","경기도고양교육지원청","경기도 고양시 덕양구","S090005035","목암중학교","03","공립","N","","49","815","49","1","6000000","12","97","12","0","1500000"
"경기도교육청","경기도안양과천교육지원청","경기도 안양시 동안구","S090005046","비산중학교","03","공립","N","","31","584","31","0","6830000","4","33","4","0","0"
"경기도교육청","경기도이천교육지원청","경기도 이천시","S090005111","증포중학교","03","공립","N","","18","288","18","0","21000000","1","9","1","0","0"
"경기도교육청","경기도의정부교육지원청","경기도 의정부시","S090005132","동암중학교","03","공립","N","","45","694","45","0","20444000","28","313","28","0","8874000"
"경기도교육청","경기도동두천양주교육지원청","경기도 양주시","S090005133","덕현중학교","03","공립","N","","88","1033","88","2","11000000","18","189","18","0","1800000"
"경기도교육청","경기도성남교육지원청","경기도 성남시 분당구","S090005136","늘푸른중학교","03","공립","N","","36","624","36","7","6310000","29","183","29","29","3270000"
"경기도교육청","경기도수원교육지원청","경기도 수원시 영통구","S090005153","영동중학교","03","공립","N","","10","285","10","0","3000000","14","108","14","0","500000"
"경기도교육청","경기도동두천양주교육지원청","경기도 양주시","S090005159","삼숭중학교","03","공립","N","","52","901","52","0","10200000","0","0","0","0","0"
"경기도교육청","경기도평택교육지원청","경기도 평택시","S090005161","장당중학교","03","공립","N","","33","491","33","0","5000000","13","124","13","0","3400000"
"경기도교육청","경기도구리남양주교육지원청","경기도 남양주시","S090005162","평내중학교","03","공립","N","","39","645","39","0","2340000","11","124","11","0","1100000"
"경기도교육청","경기도화성오산교육지원청","경기도 화성시 병점구","S090005164","병점중학교","03","공립","N","","53","1089","53","6","20000000","24","314","24","0","3200000"
"경기도교육청","경기도수원교육지원청","경기도 수원시 장안구","S090005172","조원중학교","03","공립","N","","38","950","38","4","0","9","105","9","0","1000000"
"경기도교육청","경기도수원교육지원청","경기도 수원시 권선구","S090005173","세류중학교","03","공립","N","","24","481","26","8","28614000","10","60","10","2","6040000"
"경기도교육청","경기도평택교육지원청","경기도 평택시","S090005174","비전중학교","03","공립","N","","57","1122","57","0","16607000","6","151","6","0","5000000"
"경기도교육청","경기도화성오산교육지원청","","S090005175","기안중학교","03","공립","N","","17","376","17","1","1500000","20","183","20","0","9000000"
"경기도교육청","경기도안산교육지원청","경기도 안산시 상록구","S090005266","석호중학교","03","공립","N","","15","252","15","0","1500000","13","117","13","2","5800000"
"경기도교육청","경기도안산교육지원청","경기도 안산시 상록구","S090005268","광덕중학교","03","공립","N","","17","206","17","0","0","1","14","1","0","0"
"경기도교육청","경기도포천교육지원청","경기도 포천시","S090005287","송우중학교","03","공립","N","","27","414","27","0","1500000","9","121","9","0","500000"
"경기도교육청","경기도안성교육지원청","경기도 안성시","S090005321","한겨레중학교","03","사립","N","","7","53","7","0","1200000","4","30","4","0","1200000"
"경기도교육청","경기도군포의왕교육지원청","경기도 군포시","S090005323","당정중학교","03","공립","N","","20","303","20","0","4800000","12","103","12","0","3000000"
"경기도교육청","경기도용인교육지원청","경기도 용인시 기흥구","S090005329","동백중학교","03","공립","N","","48","1243","48","6","960000","33","338","33","0","1600000"
"경기도교육청","경기도용인교육지원청","경기도 용인시 기흥구","S090005331","용인백현중학교","03","공립","N","","26","804","30","4","6732000","34","424","34","0","2800000"
"경기도교육청","경기도동두천양주교육지원청","경기도 동두천시","S090005335","송내중앙중학교","03","공립","N","","28","446","29","0","11000000","17","169","17","0","5000000"
"경기도교육청","경기도용인교육지원청","경기도 용인시 기흥구","S090005338","초당중학교","03","공립","N","","45","1070","43","2","11200000","34","466","33","1","9500000"
"경기도교육청","경기도광주하남교육지원청","경기도 광주시","S090005342","광주광남중학교","03","공립","N","","76","928","76","12","4500000","23","194","23","0","2000000"
"경기도교육청","경기도평택교육지원청","경기도 평택시","S090005345","도곡중학교","03","공립","N","","27","432","27","0","6000000","8","162","8","0","5000000"
"경기도교육청","경기도여주교육지원청","경기도 여주시","S090005350","세종중학교","03","공립","N","","18","508","18","1","10500000","22","202","22","0","2000000"
"경기도교육청","경기도광주하남교육지원청","경기도 하남시","S090005351","신평중학교","03","공립","N","","10","481","20","0","34960000","16","215","13","3","6760000"
"경기도교육청","경기도구리남양주교육지원청","경기도 남양주시","S090005352","양오중학교","03","공립","N","","41","829","41","0","3000000","6","110","6","0","4000000"
"경기도교육청","경기도시흥교육지원청","경기도 시흥시","S090005353","월곶중학교","03","공립","N","","39","455","39","4","10280000","18","180","20","1","7850000"
"경기도교육청","경기도평택교육지원청","경기도 평택시","S090005354","이충중학교","03","공립","N","","36","518","35","1","14420000","12","226","12","0","7000000"
"경기도교육청","경기도구리남양주교육지원청","경기도 남양주시","S090005356","판곡중학교","03","공립","N","","53","983","53","5","46500000","20","183","20","0","500000"
"경기도교육청","경기도고양교육지원청","경기도 고양시 일산동구","S090005358","풍산중학교","03","공립","N","","29","446","30","0","0","6","38","6","0","0"
"경기도교육청","경기도고양교육지원청","경기도 고양시 덕양구","S090005360","서정중학교","03","공립","N","","34","446","34","0","9500000","12","177","12","0","1500000"
"경기도교육청","경기도동두천양주교육지원청","경기도 양주시","S090005362","회천중학교","03","공립","N","","32","517","33","4","6700000","0","0","0","0","0"
"경기도교육청","경기도시흥교육지원청","경기도 시흥시","S090005387","시화중학교","03","공립","N","","17","281","17","0","1400000","13","164","12","5","1588000"
"경기도교육청","경기도김포교육지원청","경기도 김포시","S090005389","감정중학교","03","공립","N","","37","704","37","0","2700000","24","271","24","0","1800000"
"경기도교육청","경기도고양교육지원청","경기도 고양시 일산서구","S090005390","고양송산중학교","03","공립","N","","40","782","41","1","14640000","11","78","11","0","0"
"경기도교육청","경기도파주교육지원청","경기도 파주시","S090005391","금촌중학교","03","공립","N","","51","1063","51","3","11500000","15","165","15","0","8000000"
"경기도교육청","경기도시흥교육지원청","경기도 시흥시","S090005392","논곡중학교","03","공립","N","","6","114","6","4","20682000","11","81","11","0","3000000"
"경기도교육청","경기도안산교육지원청","경기도 안산시 단원구","S090005394","단원중학교","03","공립","N","","27","385","27","0","2000000","10","125","10","0","3000000"
"경기도교육청","경기도파주교육지원청","경기도 파주시","S090005396","두일중학교","03","공립","N","","18","442","18","0","1000000","8","73","8","0","0"
"경기도교육청","경기도안성교육지원청","경기도 안성시","S090005398","비룡중학교","03","공립","N","","58","1053","59","1","5800000","34","216","36","0","6600000"
"경기도교육청","경기도수원교육지원청","경기도 수원시 권선구","S090005400","서호중학교","03","공립","N","","26","528","26","3","4200000","7","68","7","0","0"
"경기도교육청","경기도안산교육지원청","경기도 안산시 단원구","S090005401","석수중학교","03","공립","N","","23","455","23","0","3610000","8","85","10","0","1800000"
"경기도교육청","경기도안산교육지원청","경기도 안산시 상록구","S090005405","안산성호중학교","03","공립","N","","40","922","50","21","29460000","3","44","3","0","0"
"경기도교육청","경기도용인교육지원청","경기도 용인시 처인구","S090005407","용천중학교","03","공립","N","","23","361","23","0","1000000","10","89","10","0","2400000"
"경기도교육청","경기도안양과천교육지원청","경기도 안양시 동안구","S090005409","임곡중학교","03","공립","N","","55","1125","55","6","6080000","15","203","15","0","4500000"
"경기도교육청","경기도고양교육지원청","경기도 고양시 일산동구","S090005410","풍동중학교","03","공립","N","","45","724","45","2","6590000","13","130","13","2","920000"
"경기도교육청","경기도가평교육지원청","경기도 가평군","S090005419","청심국제중학교","03","사립","N","","12","319","12","0","600000","62","973","62","0","1000000"
"경기도교육청","경기도안산교육지원청","경기도 안산시 상록구","S090005420","안산해양중학교","03","공립","N","","42","885","42","7","12200000","13","151","13","0","5200000"
"경기도교육청","경기도화성오산교육지원청","경기도 오산시","S090005462","오산원일중학교","03","공립","N","","34","1060","34","0","3400000","21","191","21","0","1000000"
"경기도교육청","경기도용인교육지원청","경기도 용인시 처인구","S090005468","고림중학교","03","공립","N","","27","567","28","0","2320000","11","134","11","0","800000"
"경기도교육청","경기도수원교육지원청","경기도 수원시 권선구","S090005469","상촌중학교","03","공립","N","","74","1772","74","4","11250000","23","282","23","0","1000000"
"경기도교육청","경기도화성오산교육지원청","경기도 화성시 병점구","S090005470","기산중학교","03","공립","N","","11","360","11","0","1667000","26","193","26","0","4322000"
"경기도교육청","경기도화성오산교육지원청","경기도 화성시 동탄구","S090005473","석우중학교","03","공립","N","","48","1010","48","1","12200000","3","47","3","0","400000"
"경기도교육청","경기도구리남양주교육지원청","경기도 남양주시","S090005475","어람중학교","03","공립","N","","61","1126","61","2","8500000","9","116","9","0","0"
"경기도교육청","경기도수원교육지원청","경기도 수원시 영통구","S090005477","잠원중학교","03","공립","N","","28","659","28","0","0","30","234","30","0","1700000"
"경기도교육청","경기도용인교육지원청","경기도 용인시 기흥구","S090005479","보라중학교","03","공립","N","","11","319","11","0","1100000","22","263","22","0","3300000"
"경기도교육청","경기도의정부교육지원청","경기도 의정부시","S090005489","녹양중학교","03","공립","N","","25","365","28","0","2000000","0","0","0","0","0"
"경기도교육청","경기도의정부교육지원청","경기도 의정부시","S090005490","솔뫼중학교","03","공립","N","","29","422","29","0","3000000","1","14","1","0","1250000"
"경기도교육청","경기도수원교육지원청","경기도 수원시 영통구","S090005521","중앙기독중학교","03","사립","N","","16","83","16","2","0","21","167","21","0","1000000"
"경기도교육청","경기도화성오산교육지원청","경기도 화성시 효행구","S090005587","화성동화중학교","03","공립","N","","39","788","39","1","7880000","19","225","19","0","6000000"
"경기도교육청","경기도화성오산교육지원청","경기도 화성시 동탄구","S090005590","반송중학교","03","공립","N","","10","337","10","0","1000000","25","314","25","1","6000000"
"경기도교육청","경기도화성오산교육지원청","경기도 화성시 동탄구","S090005592","솔빛중학교","03","공립","N","","36","1033","36","6","5100000","50","734","50","0","6800000"
"경기도교육청","경기도부천교육지원청","경기도 부천시 오정구","S090005604","수주중학교","03","공립","N","","32","554","32","2","2500000","7","100","7","0","1500000"
"경기도교육청","경기도부천교육지원청","경기도 부천시 원미구","S090005605","원미중학교","03","공립","N","","39","613","41","4","14380000","4","47","4","0","2400000"
"경기도교육청","경기도부천교육지원청","경기도 부천시 오정구","S090005606","까치울중학교","03","공립","N","","30","478","30","0","0","7","59","7","0","400000"
"경기도교육청","경기도고양교육지원청","경기도 고양시 일산동구","S090005608","안곡중학교","03","공립","N","","58","1116","58","4","2000000","18","144","18","0","1000000"
"경기도교육청","경기도용인교육지원청","경기도 용인시 기흥구","S090005609","청덕중학교","03","공립","N","","15","342","15","4","4600000","31","256","31","0","1000000"
"경기도교육청","경기도김포교육지원청","경기도 김포시","S090005611","고창중학교","03","공립","N","","29","639","29","0","4500000","30","356","30","0","200000"
"경기도교육청","경기도시흥교육지원청","경기도 시흥시","S090005613","시흥능곡중학교","03","공립","N","","0","0","0","0","0","13","135","13","0","3000000"
"경기도교육청","경기도시흥교육지원청","경기도 시흥시","S090005614","응곡중학교","03","공립","N","","19","426","19","3","1400000","13","185","13","0","2760000"
"경기도교육청","경기도시흥교육지원청","경기도 시흥시","S090005615","시흥매화중학교","03","공립","N","","19","247","19","0","0","10","133","10","0","1800000"
"경기도교육청","경기도군포의왕교육지원청","경기도 의왕시","S090005616","모락중학교","03","공립","N","","48","896","48","2","20190000","21","182","21","2","16105000"
"경기도교육청","경기도시흥교육지원청","경기도 시흥시","S090005619","은계중학교","03","공립","N","","40","1234","40","5","14000000","22","314","22","5","5600000"
"경기도교육청","경기도성남교육지원청","경기도 성남시 중원구","S090005620","도촌중학교","03","공립","N","","25","450","25","0","1800000","8","116","8","0","1000000"
"경기도교육청","경기도성남교육지원청","경기도 성남시 분당구","S090005622","샛별중학교","03","공립","N","","28","367","28","1","7168000","9","79","9","0","2160000"
"경기도교육청","경기도성남교육지원청","경기도 성남시 수정구","S090005623","수진중학교","03","공립","N","","14","188","14","3","8437900","11","102","11","0","2350000"
"경기도교육청","경기도화성오산교육지원청","","S090005654","능동중학교","03","공립","N","","32","590","32","0","6000000","18","177","18","0","600000"
"경기도교육청","경기도화성오산교육지원청","","S090005657","와우중학교","03","공립","N","","47","1294","47","0","6450000","16","197","16","0","6000000"
"경기도교육청","경기도화성오산교육지원청","경기도 화성시 동탄구","S090005661","푸른중학교","03","공립","N","","22","620","22","1","7000000","27","215","27","1","4099000"
"경기도교육청","경기도화성오산교육지원청","경기도 화성시 만세구","S090005662","향남중학교","03","공립","N","","59","1294","59","0","14000000","20","286","23","0","7098900"
"경기도교육청","경기도구리남양주교육지원청","경기도 남양주시","S090005679","광릉중학교","03","공립","N","","19","234","19","10","17540000","11","95","11","3","7200000"
"경기도교육청","경기도김포교육지원청","경기도 김포시","S090005681","김포신곡중학교","03","공립","N","","61","1746","61","2","16600000","22","230","22","0","3000000"
"경기도교육청","경기도구리남양주교육지원청","경기도 남양주시","S090005683","예봉중학교","03","공립","N","","26","411","28","2","9300000","3","28","3","0","0"
"경기도교육청","경기도안성교육지원청","경기도 안성시","S090005684","양진중학교","03","공립","N","","18","415","18","0","1600000","14","134","14","0","3000000"
"경기도교육청","경기도안산교육지원청","경기도 안산시 단원구","S090005689","신길중학교","03","공립","N","","10","256","10","0","1500000","25","296","25","0","3000000"
"경기도교육청","경기도파주교육지원청","경기도 파주시","S090005691","한빛중학교","03","공립","N","","46","1048","49","3","15280000","20","218","20","0","1400000"
"경기도교육청","경기도수원교육지원청","경기도 수원시 영통구","S090005694","매탄중학교","03","공립","N","","22","482","22","1","15500000","14","168","14","0","5000000"
"경기도교육청","경기도성남교육지원청","경기도 성남시 분당구","S090005698","보평중학교","03","공립","N","","39","725","39","0","3600000","26","251","26","0","200000"
"경기도교육청","경기도성남교육지원청","경기도 성남시 분당구","S090005700","운중중학교","03","공립","N","","52","1230","52","17","0","39","330","39","0","3000000"
"경기도교육청","경기도성남교육지원청","경기도 성남시 분당구","S090005701","판교중학교","03","공립","N","","48","1048","48","19","5750000","20","136","20","20","1500000"
"경기도교육청","경기도구리남양주교육지원청","경기도 남양주시","S090005704","가운중학교","03","공립","N","","19","257","21","0","3000000","10","80","10","0","1000000"
"경기도교육청","경기도고양교육지원청","경기도 고양시 덕양구","S090005707","성사중학교","03","공립","N","","23","365","23","3","0","20","169","20","0","1600000"
"경기도교육청","경기도구리남양주교육지원청","경기도 남양주시","S090005709","풍양중학교","03","공립","N","","24","363","24","0","2160000","13","162","13","0","2000000"
"경기도교육청","경기도광주하남교육지원청","경기도 하남시","S090005713","덕풍중학교","03","공립","N","","37","676","37","0","0","22","236","22","0","3500000"
"경기도교육청","경기도김포교육지원청","경기도 김포시","S090005746","신양중학교","03","공립","N","","12","302","12","2","6800000","8","137","8","0","500000"
"경기도교육청","경기도용인교육지원청","경기도 용인시 수지구","S090005749","용인한빛중학교","03","공립","N","","19","249","19","1","2500000","14","85","14","0","0"
"경기도교육청","경기도김포교육지원청","경기도 김포시","S090005752","마송중학교","03","공립","N","","32","250","32","0","4900000","7","64","7","0","1500000"
"경기도교육청","경기도안산교육지원청","경기도 안산시 상록구","S090005755","이호중학교","03","공립","N","","40","1082","40","4","3000000","20","255","20","0","8000000"
"경기도교육청","경기도화성오산교육지원청","경기도 오산시","S090005760","세마중학교","03","공립","N","","38","1141","38","12","11200000","18","163","18","2","4100000"
"경기도교육청","경기도광명교육지원청","경기도 광명시","S090005764","충현중학교","03","공립","N","","31","518","31","2","6400000","8","134","8","2","1000000"
"경기도교육청","경기도수원교육지원청","경기도 수원시 영통구","S090005767","수원원일중학교","03","공립","N","","13","168","13","0","3000000","4","34","4","1","1492000"
"경기도교육청","경기도용인교육지원청","경기도 용인시 기흥구","S090005775","흥덕중학교","03","공립","N","","21","614","21","0","8400000","26","269","26","0","1200000"
"경기도교육청","경기도구리남양주교육지원청","경기도 남양주시","S090005779","별가람중학교","03","공립","N","","35","672","35","0","0","21","269","21","0","3000000"
"경기도교육청","경기도화성오산교육지원청","경기도 오산시","S090005832","문시중학교","03","공립","N","","20","711","20","0","4000000","12","132","12","0","1400000"
"경기도교육청","경기도성남교육지원청","경기도 성남시 분당구","S090005834","삼평중학교","03","공립","N","","54","1060","54","3","2000000","18","180","18","0","3600000"
"경기도교육청","경기도고양교육지원청","경기도 고양시 일산서구","S090005857","덕이중학교","03","공립","N","","60","1254","60","8","13100000","35","431","36","0","0"
"경기도교육청","경기도안성교육지원청","경기도 안성시","S090005859","만정중학교","03","공립","N","","41","1250","41","30","20775000","23","209","24","0","3000000"
"경기도교육청","경기도용인교육지원청","경기도 용인시 기흥구","S090005861","상하중학교","03","공립","N","","4","111","4","0","0","19","234","19","0","1000000"
"경기도교육청","경기도용인교육지원청","경기도 용인시 기흥구","S090005863","서천중학교","03","공립","N","","42","1033","42","5","32850000","16","121","16","0","2000000"
"경기도교육청","경기도파주교육지원청","경기도 파주시","S090005865","선유중학교","03","공립","N","","37","563","40","0","3000000","10","82","13","0","0"
"경기도교육청","경기도용인교육지원청","경기도 용인시 수지구","S090005868","성서중학교","03","공립","N","","54","1210","54","13","10820000","43","317","43","0","500000"
"경기도교육청","경기도화성오산교육지원청","","S090005875","예당중학교","03","공립","N","","21","797","21","6","11754000","16","175","16","0","6000000"
"경기도교육청","경기도광주하남교육지원청","경기도 광주시","S090005876","신현중학교","03","공립","N","","70","2024","70","22","27500000","24","223","24","0","2500000"
"경기도교육청","경기도파주교육지원청","경기도 파주시","S090005877","한가람중학교","03","공립","N","","74","1890","74","0","4600000","9","83","9","0","900000"
"경기도교육청","경기도수원교육지원청","경기도 수원시 영통구","S090005878","광교중학교","03","공립","N","","17","457","17","2","6154000","27","164","27","0","4000000"
"경기도교육청","경기도수원교육지원청","경기도 수원시 영통구","S090005881","이의중학교","03","공립","N","","30","493","30","0","750000","18","189","19","0","750000"
"경기도교육청","경기도김포교육지원청","경기도 김포시","S090005884","푸른솔중학교","03","공립","N","","76","1693","76","12","11450000","11","107","11","0","1880000"
"경기도교육청","경기도평택교육지원청","경기도 평택시","S090005887","청옥중학교","03","공립","N","","56","1428","56","0","17400000","6","78","6","0","3000000"
"경기도교육청","경기도광주하남교육지원청","경기도 광주시","S090005889","초월중학교","03","공립","N","","103","2184","107","3","39430000","0","0","0","0","0"
"경기도교육청","경기도김포교육지원청","경기도 김포시","S090005911","운양중학교","03","공립","N","","70","1922","92","10","5007700","28","301","28","0","2750000"
"경기도교육청","경기도용인교육지원청","경기도 용인시 수지구","S090006035","신봉중학교","03","공립","N","","32","598","32","1","306000","49","399","49","0","500000"
"경기도교육청","경기도용인교육지원청","경기도 용인시 처인구","S090006036","한숲중학교","03","공립","N","","25","767","25","0","3000000","36","311","36","0","2400000"
"경기도교육청","경기도김포교육지원청","경기도 김포시","S090006045","하늘빛중학교","03","공립","N","","66","1782","66","0","7640000","34","383","34","0","1600000"
"경기도교육청","경기도동두천양주교육지원청","경기도 양주시","S090006060","옥빛중학교","03","공립","N","","67","1160","68","0","11000000","7","90","7","0","4000000"
"경기도교육청","경기도성남교육지원청","경기도 성남시 수정구","S090006105","위례중앙중학교","03","공립","N","","10","198","10","0","2400000","21","189","21","0","4300000"
"경기도교육청","경기도성남교육지원청","경기도 성남시 수정구","S090006106","위례한빛중학교","03","공립","N","","56","943","56","0","9090000","40","319","40","0","3500000"
"경기도교육청","경기도시흥교육지원청","경기도 시흥시","S090006119","배곧중학교","03","공립","N","","46","944","46","0","1962400","39","391","39","0","21793000"
"경기도교육청","경기도시흥교육지원청","경기도 시흥시","S090006148","시흥가온중학교","03","공립","N","","34","964","36","3","6800000","20","143","20","0","2000000"
"경기도교육청","경기도화성오산교육지원청","경기도 화성시 만세구","S090006155","하길중학교","03","공립","N","","20","675","20","1","4400000","18","315","18","0","6000000"
"경기도교육청","경기도파주교육지원청","경기도 파주시","S090006158","산내중학교","03","공립","N","","51","1240","51","4","4000000","16","213","16","0","2100000"
"경기도교육청","경기도파주교육지원청","경기도 파주시","S090006159","산들중학교","03","공립","N","","49","1258","49","4","9650000","13","121","13","0","0"
"경기도교육청","경기도파주교육지원청","경기도 파주시","S090006160","운정중학교","03","공립","N","","47","924","47","1","11880640","29","307","29","0","8000000"
"경기도교육청","경기도성남교육지원청","경기도 성남시 분당구","S090006422","낙원중학교","03","공립","N","","33","572","33","0","6600000","27","310","27","0","1000000"
"경기도교육청","경기도군포의왕교육지원청","경기도 의왕시","S090006423","덕장중학교","03","공립","N","","25","298","25","0","940000","15","211","15","1","15700000"
"경기도교육청","경기도파주교육지원청","경기도 파주시","S090006424","동패중학교","03","공립","N","","39","714","39","4","7000000","22","255","22","1","3000000"
"경기도교육청","경기도군포의왕교육지원청","경기도 군포시","S090006430","부곡중앙중학교","03","공립","N","","29","647","29","0","0","13","206","13","0","3800000"
"경기도교육청","경기도성남교육지원청","경기도 성남시 분당구","S090006438","신백현중학교","03","공립","N","","33","543","33","8","9700000","8","85","8","0","1500000"
"경기도교육청","경기도김포교육지원청","경기도 김포시","S090006442","양도중학교","03","공립","N","","40","813","40","5","3000000","24","232","24","0","0"
"경기도교육청","경기도이천교육지원청","경기도 이천시","S090006448","이천사동중학교","03","공립","N","","40","1130","43","8","2200000","22","268","22","0","0"
"경기도교육청","경기도고양교육지원청","경기도 고양시 일산동구","S090006450","일산양일중학교","03","공립","N","","42","1862","57","2","6000000","49","340","49","0","2000000"
"경기도교육청","경기도구리남양주교육지원청","경기도 남양주시","S090006451","주곡중학교","03","공립","N","","49","1014","49","7","9320000","0","0","0","0","0"
"경기도교육청","경기도파주교육지원청","경기도 파주시","S090006457","해솔중학교","03","공립","N","","51","1369","51","1","3080000","14","155","14","0","1650000"
"경기도교육청","경기도의정부교육지원청","경기도 의정부시","S090006560","송양중학교","03","공립","N","","45","853","46","0","7732000","5","70","5","0","0"
"경기도교육청","경기도수원교육지원청","경기도 수원시 장안구","S090006576","경기체육중학교","03","공립","N","","10","84","10","0","0","1","6","1","0","0"
"경기도교육청","경기도화성오산교육지원청","경기도 화성시 병점구","S090006652","화성반월중학교","03","공립","N","","57","1144","57","3","19852000","12","155","12","0","6000000"
"경기도교육청","경기도김포교육지원청","경기도 김포시","S090006779","은여울중학교","03","공립","N","","56","1729","56","3","1584000","22","300","22","0","0"
"경기도교육청","경기도고양교육지원청","경기도 고양시 덕양구","S090006780","신원중학교","03","공립","N","","49","864","49","2","5400000","9","92","9","0","300000"
"경기도교육청","경기도수원교육지원청","경기도 수원시 영통구","S090006781","수원다산중학교","03","공립","N","","71","1781","71","2","10500000","47","508","47","0","7950000"
"경기도교육청","경기도수원교육지원청","경기도 수원시 권선구","S090006782","능실중학교","03","공립","N","","17","477","17","2","2100000","17","188","17","0","1700000"
"경기도교육청","경기도김포교육지원청","경기도 김포시","S090006783","김포한가람중학교","03","공립","N","","29","913","30","8","11732000","31","357","41","0","3900000"
"경기도교육청","경기도용인교육지원청","경기도 용인시 기흥구","S090006784","어정중학교","03","공립","N","","18","486","18","2","4050000","25","240","25","0","2000000"
"경기도교육청","경기도구리남양주교육지원청","경기도 남양주시","S090006800","천마중학교","03","공립","N","","0","0","0","0","0","10","119","10","0","2450000"
"경기도교육청","경기도동두천양주교육지원청","경기도 양주시","S090006805","옥정중학교","03","공립","N","","67","1228","68","0","5500000","5","63","5","0","4000000"
"경기도교육청","경기도광주하남교육지원청","경기도 하남시","S090006912","미사강변중학교","03","공립","N","","38","1188","38","0","3000000","43","473","43","0","5000000"
"경기도교육청","경기도화성오산교육지원청","","S090006934","한백중학교","03","공립","N","","36","1212","36","0","0","26","315","22","4","8000000"
"경기도교육청","경기도화성오산교육지원청","경기도 화성시 동탄구","S090006939","청계중학교","03","공립","N","","51","1700","51","13","13690000","26","1505","30","0","1000000"
"경기도교육청","경기도화성오산교육지원청","","S090006944","방교중학교","03","공립","N","","7","235","7","0","2800000","17","189","17","0","8995000"
"경기도교육청","경기도고양교육지원청","경기도 고양시 덕양구","S090006953","도래울중학교","03","공립","N","","67","1296","61","6","10560000","37","400","37","0","4000000"
"경기도교육청","경기도구리남양주교육지원청","경기도 남양주시","S090006966","한별중학교","03","공립","N","","41","872","41","0","1744000","0","0","0","0","0"
"경기도교육청","경기도광주하남교육지원청","경기도 하남시","S090007035","위례중학교","03","공립","N","","52","1187","52","0","3000000","15","145","15","0","0"
"경기도교육청","경기도광주하남교육지원청","경기도 하남시","S090007036","은가람중학교","03","공립","N","","35","599","35","4","3720000","1","16","1","0","300000"
"경기도교육청","경기도광주하남교육지원청","경기도 하남시","S090007037","미사중학교","03","공립","N","","12","352","12","0","8000000","13","180","13","0","2400000"
"경기도교육청","경기도시흥교육지원청","경기도 시흥시","S090007065","조남중학교","03","공립","N","","68","1822","68","2","19840000","18","176","18","0","6750000"
"경기도교육청","경기도부천교육지원청","경기도 부천시 소사구","S090007115","옥길중학교","03","공립","N","","32","569","32","3","2720000","16","138","16","1","1280000"
"경기도교육청","경기도안양과천교육지원청","경기도 안양시 만안구","S090007124","박달중학교","03","공립","N","","36","515","36","0","10000000","4","71","4","0","1500000"
"경기도교육청","경기도화성오산교육지원청","","S090007127","다원중학교","03","공립","N","","6","424","6","0","3500000","26","266","26","0","2500000"
"경기도교육청","경기도구리남양주교육지원청","경기도 구리시","S090007157","갈매중학교","03","공립","N","","16","465","16","0","0","14","162","14","0","1500000"
"경기도교육청","경기도광주하남교육지원청","경기도 하남시","S090007158","윤슬중학교","03","공립","N","","40","1244","40","7","23040000","15","228","15","0","1000000"
"경기도교육청","경기도화성오산교육지원청","경기도 화성시 만세구","S090007189","송린중학교","03","공립","N","","6","588","23","8","9900000","25","280","25","0","8000000"
"경기도교육청","경기도화성오산교육지원청","경기도 화성시 동탄구","S090007219","청림중학교","03","공립","N","","61","1164","61","9","10000000","33","337","33","0","5000000"
"경기도교육청","경기도평택교육지원청","경기도 평택시","S090007237","용이중학교","03","공립","N","","44","1448","51","4","12700000","9","81","9","0","1500000"
"경기도교육청","경기도구리남양주교육지원청","경기도 남양주시","S090007238","남양주다산중학교","03","공립","N","","48","1111","48","0","0","12","115","12","0","3000000"
"경기도교육청","경기도화성오산교육지원청","경기도 화성시 동탄구","S090007242","동탄목동중학교","03","공립","N","","24","815","24","0","4800000","42","440","42","0","8000000"
"경기도교육청","경기도광주하남교육지원청","경기도 광주시","S090007253","매양중학교","03","공립","N","","13","584","26","0","1300000","11","139","11","0","0"
"경기도교육청","경기도성남교육지원청","경기도 성남시 수정구","S090007254","창성중학교","03","공립","N","","20","305","20","0","6200000","12","126","12","0","1600000"
"경기도교육청","경기도화성오산교육지원청","","S090007256","이산중학교","03","공립","N","","17","489","17","8","7760000","18","233","18","0","1500000"
"경기도교육청","경기도부천교육지원청","경기도 부천시 원미구","S090007311","도당중학교","03","공립","N","","40","596","40","0","6170000","15","193","15","0","0"
"경기도교육청","경기도구리남양주교육지원청","경기도 남양주시","S090007319","다산한강중학교","03","공립","N","","16","693","16","0","6500000","25","208","25","0","1500000"
"경기도교육청","경기도시흥교육지원청","경기도 시흥시","S090007324","배곧해솔중학교","03","공립","N","","47","1427","47","5","3600000","41","383","41","0","6000000"
"경기도교육청","경기도화성오산교육지원청","경기도 화성시 만세구","S090007330","신백중학교","03","공립","N","","47","764","47","0","6000000","14","141","14","0","6000000"
"경기도교육청","경기도화성오산교육지원청","","S090007332","서연중학교","03","공립","N","","14","407","14","0","9900000","15","170","15","0","8000000"
"경기도교육청","경기도광명교육지원청","경기도 광명시","S090007339","빛가온중학교","03","공립","N","","43","1024","43","0","8120000","17","162","17","0","1500000"
"경기도교육청","경기도고양교육지원청","경기도 고양시 덕양구","S090007376","향동중학교","03","공립","N","","32","603","32","0","3000000","19","185","19","0","1000000"
"경기도교육청","경기도광주하남교육지원청","경기도 하남시","S090007377","감일중학교","03","공립","N","","32","788","32","0","7500000","34","371","34","0","3500000"
"경기도교육청","경기도화성오산교육지원청","","S090007395","수현중학교","03","공립","N","","20","368","20","2","0","28","252","28","0","6000000"
"경기도교육청","경기도광주하남교육지원청","경기도 광주시","S090007406","태전중학교","03","공립","N","","12","317","12","0","4000000","8","63","8","0","0"
"경기도교육청","경기도고양교육지원청","경기도 고양시 덕양구","S090007440","지축중학교","03","공립","N","","65","1317","65","6","4000000","11","104","11","0","1000000"
"경기도교육청","경기도안산교육지원청","경기도 안산시 상록구","S090007442","안산해솔중학교","03","공립","N","","21","579","21","0","3000000","26","266","26","0","3000000"
"경기도교육청","경기도구리남양주교육지원청","경기도 남양주시","S090007518","다산새봄중학교","03","공립","N","","2","800","55","0","2200000","9","82","9","0","0"
"경기도교육청","경기도광주하남교육지원청","경기도 하남시","S090007519","감일백제중학교","03","공립","N","","12","110","12","0","1500000","10","94","10","0","1000000"
"경기도교육청","경기도화성오산교육지원청","경기도 화성시 동탄구","S090007521","화성세정중학교","03","공립","N","","24","515","24","0","4800000","6","77","6","0","500000"
"경기도교육청","경기도화성오산교육지원청","","S090007522","치동중학교","03","공립","N","","18","502","18","6","1500000","7","75","7","0","0"
"경기도교육청","경기도평택교육지원청","경기도 평택시","S090007572","민세중학교","03","공립","N","","64","980","66","8","15100000","6","87","6","0","3200000"
"경기도교육청","경기도파주교육지원청","경기도 파주시","S090007577","심학중학교","03","공립","N","","18","145","18","1","1800000","6","48","6","0","600000"
"경기도교육청","경기도김포교육지원청","경기도 김포시","S090007580","나래중학교","03","공립","N","","34","678","34","0","4000000","14","127","14","0","500000"
"경기도교육청","경기도부천교육지원청","경기도 부천시 소사구","S090007582","범박중학교","03","공립","N","","25","514","26","1","1000000","12","127","12","0","0"
"경기도교육청","경기도수원교육지원청","경기도 수원시 영통구","S090007608","광교호수중학교","03","공립","N","","47","615","45","2","9600000","8","64","8","0","0"
"경기도교육청","경기도김포교육지원청","경기도 김포시","S090007613","향산중학교","03","공립","N","","0","0","0","0","0","17","217","17","0","3390000"
"경기도교육청","경기도고양교육지원청","경기도 고양시 덕양구","S090007626","덕은한강중학교","03","공립","N","","19","292","19","1","6000000","3","18","3","0","0"
"경기도교육청","경기도평택교육지원청","경기도 평택시","S090007628","동삭중학교","03","공립","N","","0","0","0","0","0","5","47","5","0","4000000"
"경기도교육청","경기도구리남양주교육지원청","경기도 남양주시","S090007654","하랑중학교","03","공립","N","","15","224","15","0","2700000","4","57","4","0","1200000"
"경기도교육청","경기도성남교육지원청","경기도 성남시 분당구","S090007669","판교대장중학교","03","공립","N","","21","299","21","0","8000000","17","158","17","0","3000000"
"경기도교육청","경기도의정부교육지원청","경기도 의정부시","S090007913","훈민중학교","03","공립","N","","25","162","25","2","3360000","9","75","9","0","0"
"경기도교육청","경기도시흥교육지원청","경기도 시흥시","S090007928","시화나래중학교","03","공립","N","","4","66","4","0","2000000","4","41","4","0","1000000"
"경기도교육청","경기도평택교육지원청","경기도 평택시","S090007930","배다리중학교","03","공립","N","","0","0","0","0","0","2","23","2","0","3100000"